patent_id,sketch_id,input_path
EP3503247A1,A0001,/home/safe/Desktop/yassine/Vectorization/data/PatentData/ReorganisedData/EP3503247A1/EP3503247A1_A0001.tif
EP3495361A1,A0001,/home/safe/Desktop/yassine/Vectorization/data/PatentData/ReorganisedData/EP3495361A1/EP3495361A1_A0001.tif
EP2973113B1,F0002,/home/safe/Desktop/yassine/Vectorization/data/PatentData/ReorganisedData/EP2973113B1/EP2973113B1_F0002.tif
EP3499210A1,A0001,/home/safe/Desktop/yassine/Vectorization/data/PatentData/ReorganisedData/EP3499210A1/EP3499210A1_A0001.tif
EP3498937A1,A0001,/home/safe/Desktop/yassine/Vectorization/data/PatentData/ReorganisedData/EP3498937A1/EP3498937A1_A0001.tif
EP3239026B1,F0001,/home/safe/Desktop/yassine/Vectorization/data/PatentData/ReorganisedData/EP3239026B1/EP3239026B1_F0001.tif
EP3364805B1,F0001,/home/safe/Desktop/yassine/Vectorization/data/PatentData/ReorganisedData/EP3364805B1/EP3364805B1_F0001.tif
EP2953018B1,F0001,/home/safe/Desktop/yassine/Vectorization/data/PatentData/ReorganisedData/EP2953018B1/EP2953018B1_F0001.tif
EP3325256B1,F0002,/home/safe/Desktop/yassine/Vectorization/data/PatentData/ReorganisedData/EP3325256B1/EP3325256B1_F0002.tif
EP2412142B1,F0002,/home/safe/Desktop/yassine/Vectorization/data/PatentData/ReorganisedData/EP2412142B1/EP2412142B1_F0002.tif
EP3498241A1,A0001,/home/safe/Desktop/yassine/Vectorization/data/PatentData/ReorganisedData/EP3498241A1/EP3498241A1_A0001.tif
EP3147829B1,F0003,/home/safe/Desktop/yassine/Vectorization/data/PatentData/ReorganisedData/EP3147829B1/EP3147829B1_F0003.tif
EP3019116B1,F0001,/home/safe/Desktop/yassine/Vectorization/data/PatentData/ReorganisedData/EP3019116B1/EP3019116B1_F0001.tif
EP2772279B1,F0001,/home/safe/Desktop/yassine/Vectorization/data/PatentData/ReorganisedData/EP2772279B1/EP2772279B1_F0001.tif
EP2952633B1,F0001,/home/safe/Desktop/yassine/Vectorization/data/PatentData/ReorganisedData/EP2952633B1/EP2952633B1_F0001.tif
EP3238100B1,F0006,/home/safe/Desktop/yassine/Vectorization/data/PatentData/ReorganisedData/EP3238100B1/EP3238100B1_F0006.tif
EP3314102B1,F0001,/home/safe/Desktop/yassine/Vectorization/data/PatentData/ReorganisedData/EP3314102B1/EP3314102B1_F0001.tif
EP3219623B1,F0001,/home/safe/Desktop/yassine/Vectorization/data/PatentData/ReorganisedData/EP3219623B1/EP3219623B1_F0001.tif
EP3495606A2,F0001,/home/safe/Desktop/yassine/Vectorization/data/PatentData/ReorganisedData/EP3495606A2/EP3495606A2_F0001.tif
EP3503281A1,F0001,/home/safe/Desktop/yassine/Vectorization/data/PatentData/ReorganisedData/EP3503281A1/EP3503281A1_F0001.tif
EP3495815A1,A0001,/home/safe/Desktop/yassine/Vectorization/data/PatentData/ReorganisedData/EP3495815A1/EP3495815A1_A0001.tif
EP2886120B1,F0001,/home/safe/Desktop/yassine/Vectorization/data/PatentData/ReorganisedData/EP2886120B1/EP2886120B1_F0001.tif
EP3231707B1,F0001,/home/safe/Desktop/yassine/Vectorization/data/PatentData/ReorganisedData/EP3231707B1/EP3231707B1_F0001.tif
EP1761723B1,F0001,/home/safe/Desktop/yassine/Vectorization/data/PatentData/ReorganisedData/EP1761723B1/EP1761723B1_F0001.tif
EP2853926B1,F0001,/home/safe/Desktop/yassine/Vectorization/data/PatentData/ReorganisedData/EP2853926B1/EP2853926B1_F0001.tif
EP3496479A1,F0007,/home/safe/Desktop/yassine/Vectorization/data/PatentData/ReorganisedData/EP3496479A1/EP3496479A1_F0007.tif
EP3122542B1,F0001,/home/safe/Desktop/yassine/Vectorization/data/PatentData/ReorganisedData/EP3122542B1/EP3122542B1_F0001.tif
EP3501424A1,F0002,/home/safe/Desktop/yassine/Vectorization/data/PatentData/ReorganisedData/EP3501424A1/EP3501424A1_F0002.tif
EP1838040B1,F0001,/home/safe/Desktop/yassine/Vectorization/data/PatentData/ReorganisedData/EP1838040B1/EP1838040B1_F0001.tif
EP3494940A1,A0001,/home/safe/Desktop/yassine/Vectorization/data/PatentData/ReorganisedData/EP3494940A1/EP3494940A1_A0001.tif
EP3502001A1,A0001,/home/safe/Desktop/yassine/Vectorization/data/PatentData/ReorganisedData/EP3502001A1/EP3502001A1_A0001.tif
EP2994568B1,F0001,/home/safe/Desktop/yassine/Vectorization/data/PatentData/ReorganisedData/EP2994568B1/EP2994568B1_F0001.tif
EP3502451A1,F0044,/home/safe/Desktop/yassine/Vectorization/data/PatentData/ReorganisedData/EP3502451A1/EP3502451A1_F0044.tif
EP2612148B1,F0005,/home/safe/Desktop/yassine/Vectorization/data/PatentData/ReorganisedData/EP2612148B1/EP2612148B1_F0005.tif
EP3101623B1,F0003,/home/safe/Desktop/yassine/Vectorization/data/PatentData/ReorganisedData/EP3101623B1/EP3101623B1_F0003.tif
EP3498138A1,A0001,/home/safe/Desktop/yassine/Vectorization/data/PatentData/ReorganisedData/EP3498138A1/EP3498138A1_A0001.tif
EP3303245B1,F0001,/home/safe/Desktop/yassine/Vectorization/data/PatentData/ReorganisedData/EP3303245B1/EP3303245B1_F0001.tif
EP3495966A1,F0001,/home/safe/Desktop/yassine/Vectorization/data/PatentData/ReorganisedData/EP3495966A1/EP3495966A1_F0001.tif
EP3316683B1,F0001,/home/safe/Desktop/yassine/Vectorization/data/PatentData/ReorganisedData/EP3316683B1/EP3316683B1_F0001.tif
EP3041628B1,F0001,/home/safe/Desktop/yassine/Vectorization/data/PatentData/ReorganisedData/EP3041628B1/EP3041628B1_F0001.tif
EP3317563B1,F0001,/home/safe/Desktop/yassine/Vectorization/data/PatentData/ReorganisedData/EP3317563B1/EP3317563B1_F0001.tif
EP3124890B1,F0001,/home/safe/Desktop/yassine/Vectorization/data/PatentData/ReorganisedData/EP3124890B1/EP3124890B1_F0001.tif
EP3283022B1,F0001,/home/safe/Desktop/yassine/Vectorization/data/PatentData/ReorganisedData/EP3283022B1/EP3283022B1_F0001.tif
EP2738015B1,F0002,/home/safe/Desktop/yassine/Vectorization/data/PatentData/ReorganisedData/EP2738015B1/EP2738015B1_F0002.tif
EP2390011B1,F0001,/home/safe/Desktop/yassine/Vectorization/data/PatentData/ReorganisedData/EP2390011B1/EP2390011B1_F0001.tif
EP3019227B1,F0001,/home/safe/Desktop/yassine/Vectorization/data/PatentData/ReorganisedData/EP3019227B1/EP3019227B1_F0001.tif
EP3222934B1,F0012,/home/safe/Desktop/yassine/Vectorization/data/PatentData/ReorganisedData/EP3222934B1/EP3222934B1_F0012.tif
EP3320226B1,F0001,/home/safe/Desktop/yassine/Vectorization/data/PatentData/ReorganisedData/EP3320226B1/EP3320226B1_F0001.tif
EP3196098B1,F0008,/home/safe/Desktop/yassine/Vectorization/data/PatentData/ReorganisedData/EP3196098B1/EP3196098B1_F0008.tif
EP3223341B1,F0001,/home/safe/Desktop/yassine/Vectorization/data/PatentData/ReorganisedData/EP3223341B1/EP3223341B1_F0001.tif
EP3492898A1,A0001,/home/safe/Desktop/yassine/Vectorization/data/PatentData/ReorganisedData/EP3492898A1/EP3492898A1_A0001.tif
EP3502277A1,A0001,/home/safe/Desktop/yassine/Vectorization/data/PatentData/ReorganisedData/EP3502277A1/EP3502277A1_A0001.tif
EP3492351A1,A0001,/home/safe/Desktop/yassine/Vectorization/data/PatentData/ReorganisedData/EP3492351A1/EP3492351A1_A0001.tif
EP3503448A1,F0001,/home/safe/Desktop/yassine/Vectorization/data/PatentData/ReorganisedData/EP3503448A1/EP3503448A1_F0001.tif
EP3498244A1,A0001,/home/safe/Desktop/yassine/Vectorization/data/PatentData/ReorganisedData/EP3498244A1/EP3498244A1_A0001.tif
EP3500019A1,F0001,/home/safe/Desktop/yassine/Vectorization/data/PatentData/ReorganisedData/EP3500019A1/EP3500019A1_F0001.tif
EP3292540B1,F0001,/home/safe/Desktop/yassine/Vectorization/data/PatentData/ReorganisedData/EP3292540B1/EP3292540B1_F0001.tif
EP3134172B1,F0001,/home/safe/Desktop/yassine/Vectorization/data/PatentData/ReorganisedData/EP3134172B1/EP3134172B1_F0001.tif
EP3186815B1,F0001,/home/safe/Desktop/yassine/Vectorization/data/PatentData/ReorganisedData/EP3186815B1/EP3186815B1_F0001.tif
EP3492525A1,F0004,/home/safe/Desktop/yassine/Vectorization/data/PatentData/ReorganisedData/EP3492525A1/EP3492525A1_F0004.tif
EP3499732A1,A0001,/home/safe/Desktop/yassine/Vectorization/data/PatentData/ReorganisedData/EP3499732A1/EP3499732A1_A0001.tif
EP2319207B1,F0009,/home/safe/Desktop/yassine/Vectorization/data/PatentData/ReorganisedData/EP2319207B1/EP2319207B1_F0009.tif
EP2499049B1,F0003,/home/safe/Desktop/yassine/Vectorization/data/PatentData/ReorganisedData/EP2499049B1/EP2499049B1_F0003.tif
EP3495798A1,F0001,/home/safe/Desktop/yassine/Vectorization/data/PatentData/ReorganisedData/EP3495798A1/EP3495798A1_F0001.tif
EP2212987B1,F0001,/home/safe/Desktop/yassine/Vectorization/data/PatentData/ReorganisedData/EP2212987B1/EP2212987B1_F0001.tif
EP3319491B1,F0001,/home/safe/Desktop/yassine/Vectorization/data/PatentData/ReorganisedData/EP3319491B1/EP3319491B1_F0001.tif
EP3503533A1,A0001,/home/safe/Desktop/yassine/Vectorization/data/PatentData/ReorganisedData/EP3503533A1/EP3503533A1_A0001.tif
EP2872859B1,F0001,/home/safe/Desktop/yassine/Vectorization/data/PatentData/ReorganisedData/EP2872859B1/EP2872859B1_F0001.tif
EP2933214B1,F0003,/home/safe/Desktop/yassine/Vectorization/data/PatentData/ReorganisedData/EP2933214B1/EP2933214B1_F0003.tif
EP3068252B1,F0004,/home/safe/Desktop/yassine/Vectorization/data/PatentData/ReorganisedData/EP3068252B1/EP3068252B1_F0004.tif
EP2936790B1,F0003,/home/safe/Desktop/yassine/Vectorization/data/PatentData/ReorganisedData/EP2936790B1/EP2936790B1_F0003.tif
EP3503547A1,F0005,/home/safe/Desktop/yassine/Vectorization/data/PatentData/ReorganisedData/EP3503547A1/EP3503547A1_F0005.tif
EP3499082A1,A0001,/home/safe/Desktop/yassine/Vectorization/data/PatentData/ReorganisedData/EP3499082A1/EP3499082A1_A0001.tif
EP3501686A1,A0001,/home/safe/Desktop/yassine/Vectorization/data/PatentData/ReorganisedData/EP3501686A1/EP3501686A1_A0001.tif
EP3332519B1,F0001,/home/safe/Desktop/yassine/Vectorization/data/PatentData/ReorganisedData/EP3332519B1/EP3332519B1_F0001.tif
EP3499083A1,A0001,/home/safe/Desktop/yassine/Vectorization/data/PatentData/ReorganisedData/EP3499083A1/EP3499083A1_A0001.tif
EP3501748A1,F0002,/home/safe/Desktop/yassine/Vectorization/data/PatentData/ReorganisedData/EP3501748A1/EP3501748A1_F0002.tif
EP3050801B1,F0001,/home/safe/Desktop/yassine/Vectorization/data/PatentData/ReorganisedData/EP3050801B1/EP3050801B1_F0001.tif
EP3262659B1,F0001,/home/safe/Desktop/yassine/Vectorization/data/PatentData/ReorganisedData/EP3262659B1/EP3262659B1_F0001.tif
EP3335521B1,F0002,/home/safe/Desktop/yassine/Vectorization/data/PatentData/ReorganisedData/EP3335521B1/EP3335521B1_F0002.tif
EP3501609A1,F0002,/home/safe/Desktop/yassine/Vectorization/data/PatentData/ReorganisedData/EP3501609A1/EP3501609A1_F0002.tif
EP3492554A1,A0001,/home/safe/Desktop/yassine/Vectorization/data/PatentData/ReorganisedData/EP3492554A1/EP3492554A1_A0001.tif
EP3016454B1,F0001,/home/safe/Desktop/yassine/Vectorization/data/PatentData/ReorganisedData/EP3016454B1/EP3016454B1_F0001.tif
EP3231554B1,F0001,/home/safe/Desktop/yassine/Vectorization/data/PatentData/ReorganisedData/EP3231554B1/EP3231554B1_F0001.tif
EP1497819B1,F0001,/home/safe/Desktop/yassine/Vectorization/data/PatentData/ReorganisedData/EP1497819B1/EP1497819B1_F0001.tif
EP2478148B1,F0002,/home/safe/Desktop/yassine/Vectorization/data/PatentData/ReorganisedData/EP2478148B1/EP2478148B1_F0002.tif
EP2028255B1,F0002,/home/safe/Desktop/yassine/Vectorization/data/PatentData/ReorganisedData/EP2028255B1/EP2028255B1_F0002.tif
EP3502140A1,F0002,/home/safe/Desktop/yassine/Vectorization/data/PatentData/ReorganisedData/EP3502140A1/EP3502140A1_F0002.tif
EP3501999A2,A0001,/home/safe/Desktop/yassine/Vectorization/data/PatentData/ReorganisedData/EP3501999A2/EP3501999A2_A0001.tif
EP3499375A1,F0003,/home/safe/Desktop/yassine/Vectorization/data/PatentData/ReorganisedData/EP3499375A1/EP3499375A1_F0003.tif
EP3259930B1,F0004,/home/safe/Desktop/yassine/Vectorization/data/PatentData/ReorganisedData/EP3259930B1/EP3259930B1_F0004.tif
EP3499054A1,A0001,/home/safe/Desktop/yassine/Vectorization/data/PatentData/ReorganisedData/EP3499054A1/EP3499054A1_A0001.tif
EP2628427B1,F0002,/home/safe/Desktop/yassine/Vectorization/data/PatentData/ReorganisedData/EP2628427B1/EP2628427B1_F0002.tif
EP3076862B1,F0001,/home/safe/Desktop/yassine/Vectorization/data/PatentData/ReorganisedData/EP3076862B1/EP3076862B1_F0001.tif
EP2941860B1,F0002,/home/safe/Desktop/yassine/Vectorization/data/PatentData/ReorganisedData/EP2941860B1/EP2941860B1_F0002.tif
EP2779023B1,F0002,/home/safe/Desktop/yassine/Vectorization/data/PatentData/ReorganisedData/EP2779023B1/EP2779023B1_F0002.tif
EP2125441B1,F0001,/home/safe/Desktop/yassine/Vectorization/data/PatentData/ReorganisedData/EP2125441B1/EP2125441B1_F0001.tif
EP3040781B1,F0001,/home/safe/Desktop/yassine/Vectorization/data/PatentData/ReorganisedData/EP3040781B1/EP3040781B1_F0001.tif
EP3495593A1,F0001,/home/safe/Desktop/yassine/Vectorization/data/PatentData/ReorganisedData/EP3495593A1/EP3495593A1_F0001.tif
EP2423482B1,F0002,/home/safe/Desktop/yassine/Vectorization/data/PatentData/ReorganisedData/EP2423482B1/EP2423482B1_F0002.tif
EP3453839A3,A0001,/home/safe/Desktop/yassine/Vectorization/data/PatentData/ReorganisedData/EP3453839A3/EP3453839A3_A0001.tif
EP2577862B1,F0001,/home/safe/Desktop/yassine/Vectorization/data/PatentData/ReorganisedData/EP2577862B1/EP2577862B1_F0001.tif
EP3498984A1,A0001,/home/safe/Desktop/yassine/Vectorization/data/PatentData/ReorganisedData/EP3498984A1/EP3498984A1_A0001.tif
EP3494877A1,A0001,/home/safe/Desktop/yassine/Vectorization/data/PatentData/ReorganisedData/EP3494877A1/EP3494877A1_A0001.tif
EP2818391B1,F0001,/home/safe/Desktop/yassine/Vectorization/data/PatentData/ReorganisedData/EP2818391B1/EP2818391B1_F0001.tif
EP2105416B1,F0002,/home/safe/Desktop/yassine/Vectorization/data/PatentData/ReorganisedData/EP2105416B1/EP2105416B1_F0002.tif
EP2918725B1,F0001,/home/safe/Desktop/yassine/Vectorization/data/PatentData/ReorganisedData/EP2918725B1/EP2918725B1_F0001.tif
EP3495556A1,A0001,/home/safe/Desktop/yassine/Vectorization/data/PatentData/ReorganisedData/EP3495556A1/EP3495556A1_A0001.tif
EP2548314B1,F0002,/home/safe/Desktop/yassine/Vectorization/data/PatentData/ReorganisedData/EP2548314B1/EP2548314B1_F0002.tif
EP3501919A1,F0002,/home/safe/Desktop/yassine/Vectorization/data/PatentData/ReorganisedData/EP3501919A1/EP3501919A1_F0002.tif
EP2846063B1,F0002,/home/safe/Desktop/yassine/Vectorization/data/PatentData/ReorganisedData/EP2846063B1/EP2846063B1_F0002.tif
EP3238683B1,F0001,/home/safe/Desktop/yassine/Vectorization/data/PatentData/ReorganisedData/EP3238683B1/EP3238683B1_F0001.tif
EP2935732B1,F0001,/home/safe/Desktop/yassine/Vectorization/data/PatentData/ReorganisedData/EP2935732B1/EP2935732B1_F0001.tif
EP3496275A1,F0001,/home/safe/Desktop/yassine/Vectorization/data/PatentData/ReorganisedData/EP3496275A1/EP3496275A1_F0001.tif
EP3493633A1,F0005,/home/safe/Desktop/yassine/Vectorization/data/PatentData/ReorganisedData/EP3493633A1/EP3493633A1_F0005.tif
EP3495838A1,F0001,/home/safe/Desktop/yassine/Vectorization/data/PatentData/ReorganisedData/EP3495838A1/EP3495838A1_F0001.tif
EP3503097A2,F0015,/home/safe/Desktop/yassine/Vectorization/data/PatentData/ReorganisedData/EP3503097A2/EP3503097A2_F0015.tif
EP2625145B1,F0001,/home/safe/Desktop/yassine/Vectorization/data/PatentData/ReorganisedData/EP2625145B1/EP2625145B1_F0001.tif
EP3173778B1,F0006,/home/safe/Desktop/yassine/Vectorization/data/PatentData/ReorganisedData/EP3173778B1/EP3173778B1_F0006.tif
EP2587785B1,F0002,/home/safe/Desktop/yassine/Vectorization/data/PatentData/ReorganisedData/EP2587785B1/EP2587785B1_F0002.tif
EP2546724B1,F0002,/home/safe/Desktop/yassine/Vectorization/data/PatentData/ReorganisedData/EP2546724B1/EP2546724B1_F0002.tif
EP3502801A1,A0001,/home/safe/Desktop/yassine/Vectorization/data/PatentData/ReorganisedData/EP3502801A1/EP3502801A1_A0001.tif
EP3496042A1,F0002,/home/safe/Desktop/yassine/Vectorization/data/PatentData/ReorganisedData/EP3496042A1/EP3496042A1_F0002.tif
EP3501562A1,F0002,/home/safe/Desktop/yassine/Vectorization/data/PatentData/ReorganisedData/EP3501562A1/EP3501562A1_F0002.tif
EP2765362B1,F0001,/home/safe/Desktop/yassine/Vectorization/data/PatentData/ReorganisedData/EP2765362B1/EP2765362B1_F0001.tif
EP3168395B1,F0001,/home/safe/Desktop/yassine/Vectorization/data/PatentData/ReorganisedData/EP3168395B1/EP3168395B1_F0001.tif
EP3502593A1,A0001,/home/safe/Desktop/yassine/Vectorization/data/PatentData/ReorganisedData/EP3502593A1/EP3502593A1_A0001.tif
EP3301825B1,F0004,/home/safe/Desktop/yassine/Vectorization/data/PatentData/ReorganisedData/EP3301825B1/EP3301825B1_F0004.tif
EP3495348A1,F0002,/home/safe/Desktop/yassine/Vectorization/data/PatentData/ReorganisedData/EP3495348A1/EP3495348A1_F0002.tif
EP3493527A1,F0001,/home/safe/Desktop/yassine/Vectorization/data/PatentData/ReorganisedData/EP3493527A1/EP3493527A1_F0001.tif
EP3495533A2,A0001,/home/safe/Desktop/yassine/Vectorization/data/PatentData/ReorganisedData/EP3495533A2/EP3495533A2_A0001.tif
EP3495993A1,A0001,/home/safe/Desktop/yassine/Vectorization/data/PatentData/ReorganisedData/EP3495993A1/EP3495993A1_A0001.tif
EP2990647B1,F0001,/home/safe/Desktop/yassine/Vectorization/data/PatentData/ReorganisedData/EP2990647B1/EP2990647B1_F0001.tif
EP3275748B1,F0001,/home/safe/Desktop/yassine/Vectorization/data/PatentData/ReorganisedData/EP3275748B1/EP3275748B1_F0001.tif
EP3502734A1,A0001,/home/safe/Desktop/yassine/Vectorization/data/PatentData/ReorganisedData/EP3502734A1/EP3502734A1_A0001.tif
EP3218823B1,F0005,/home/safe/Desktop/yassine/Vectorization/data/PatentData/ReorganisedData/EP3218823B1/EP3218823B1_F0005.tif
EP3493661A1,A0001,/home/safe/Desktop/yassine/Vectorization/data/PatentData/ReorganisedData/EP3493661A1/EP3493661A1_A0001.tif
EP3498838A1,F0001,/home/safe/Desktop/yassine/Vectorization/data/PatentData/ReorganisedData/EP3498838A1/EP3498838A1_F0001.tif
EP3330091B1,F0003,/home/safe/Desktop/yassine/Vectorization/data/PatentData/ReorganisedData/EP3330091B1/EP3330091B1_F0003.tif
EP3495536A1,F0001,/home/safe/Desktop/yassine/Vectorization/data/PatentData/ReorganisedData/EP3495536A1/EP3495536A1_F0001.tif
EP2956668B1,F0001,/home/safe/Desktop/yassine/Vectorization/data/PatentData/ReorganisedData/EP2956668B1/EP2956668B1_F0001.tif
EP3041169B1,F0011,/home/safe/Desktop/yassine/Vectorization/data/PatentData/ReorganisedData/EP3041169B1/EP3041169B1_F0011.tif
EP3494955A1,F0001,/home/safe/Desktop/yassine/Vectorization/data/PatentData/ReorganisedData/EP3494955A1/EP3494955A1_F0001.tif
EP3297961B1,F0001,/home/safe/Desktop/yassine/Vectorization/data/PatentData/ReorganisedData/EP3297961B1/EP3297961B1_F0001.tif
EP2100041B1,F0001,/home/safe/Desktop/yassine/Vectorization/data/PatentData/ReorganisedData/EP2100041B1/EP2100041B1_F0001.tif
EP3502015A1,F0001,/home/safe/Desktop/yassine/Vectorization/data/PatentData/ReorganisedData/EP3502015A1/EP3502015A1_F0001.tif
EP3492417A2,A0001,/home/safe/Desktop/yassine/Vectorization/data/PatentData/ReorganisedData/EP3492417A2/EP3492417A2_A0001.tif
EP2380067B1,F0001,/home/safe/Desktop/yassine/Vectorization/data/PatentData/ReorganisedData/EP2380067B1/EP2380067B1_F0001.tif
EP2908251B1,F0003,/home/safe/Desktop/yassine/Vectorization/data/PatentData/ReorganisedData/EP2908251B1/EP2908251B1_F0003.tif
EP3026954B1,F0003,/home/safe/Desktop/yassine/Vectorization/data/PatentData/ReorganisedData/EP3026954B1/EP3026954B1_F0003.tif
EP2761017B1,F0001,/home/safe/Desktop/yassine/Vectorization/data/PatentData/ReorganisedData/EP2761017B1/EP2761017B1_F0001.tif
EP3493092A1,F0003,/home/safe/Desktop/yassine/Vectorization/data/PatentData/ReorganisedData/EP3493092A1/EP3493092A1_F0003.tif
EP3492317A1,F0001,/home/safe/Desktop/yassine/Vectorization/data/PatentData/ReorganisedData/EP3492317A1/EP3492317A1_F0001.tif
EP3323027B1,F0001,/home/safe/Desktop/yassine/Vectorization/data/PatentData/ReorganisedData/EP3323027B1/EP3323027B1_F0001.tif
EP3499071A1,F0002,/home/safe/Desktop/yassine/Vectorization/data/PatentData/ReorganisedData/EP3499071A1/EP3499071A1_F0002.tif
EP3126176B1,F0002,/home/safe/Desktop/yassine/Vectorization/data/PatentData/ReorganisedData/EP3126176B1/EP3126176B1_F0002.tif
EP2986414B1,F0001,/home/safe/Desktop/yassine/Vectorization/data/PatentData/ReorganisedData/EP2986414B1/EP2986414B1_F0001.tif
EP3300533B1,F0001,/home/safe/Desktop/yassine/Vectorization/data/PatentData/ReorganisedData/EP3300533B1/EP3300533B1_F0001.tif
EP3180049B1,F0002,/home/safe/Desktop/yassine/Vectorization/data/PatentData/ReorganisedData/EP3180049B1/EP3180049B1_F0002.tif
EP2448083B1,F0004,/home/safe/Desktop/yassine/Vectorization/data/PatentData/ReorganisedData/EP2448083B1/EP2448083B1_F0004.tif
EP2467455B1,F0001,/home/safe/Desktop/yassine/Vectorization/data/PatentData/ReorganisedData/EP2467455B1/EP2467455B1_F0001.tif
EP3500690A1,WO2018038910A1_F0007,/home/safe/Desktop/yassine/Vectorization/data/PatentData/ReorganisedData/EP3500690A1/WO2018038910A1_F0007.tif
EP3493529A1,A0001,/home/safe/Desktop/yassine/Vectorization/data/PatentData/ReorganisedData/EP3493529A1/EP3493529A1_A0001.tif
EP2634684B1,F0002,/home/safe/Desktop/yassine/Vectorization/data/PatentData/ReorganisedData/EP2634684B1/EP2634684B1_F0002.tif
EP3421689B1,F0001,/home/safe/Desktop/yassine/Vectorization/data/PatentData/ReorganisedData/EP3421689B1/EP3421689B1_F0001.tif
EP2941785B1,F0001,/home/safe/Desktop/yassine/Vectorization/data/PatentData/ReorganisedData/EP2941785B1/EP2941785B1_F0001.tif
EP3501274A1,F0003,/home/safe/Desktop/yassine/Vectorization/data/PatentData/ReorganisedData/EP3501274A1/EP3501274A1_F0003.tif
EP2279349B1,F0001,/home/safe/Desktop/yassine/Vectorization/data/PatentData/ReorganisedData/EP2279349B1/EP2279349B1_F0001.tif
EP3495483A1,F0003,/home/safe/Desktop/yassine/Vectorization/data/PatentData/ReorganisedData/EP3495483A1/EP3495483A1_F0003.tif
EP3494800A1,A0001,/home/safe/Desktop/yassine/Vectorization/data/PatentData/ReorganisedData/EP3494800A1/EP3494800A1_A0001.tif
EP2926537B1,F0003,/home/safe/Desktop/yassine/Vectorization/data/PatentData/ReorganisedData/EP2926537B1/EP2926537B1_F0003.tif
EP3339487B1,F0001,/home/safe/Desktop/yassine/Vectorization/data/PatentData/ReorganisedData/EP3339487B1/EP3339487B1_F0001.tif
EP3170348B1,F0002,/home/safe/Desktop/yassine/Vectorization/data/PatentData/ReorganisedData/EP3170348B1/EP3170348B1_F0002.tif
EP2570919B1,F0001,/home/safe/Desktop/yassine/Vectorization/data/PatentData/ReorganisedData/EP2570919B1/EP2570919B1_F0001.tif
EP3349901B1,F0001,/home/safe/Desktop/yassine/Vectorization/data/PatentData/ReorganisedData/EP3349901B1/EP3349901B1_F0001.tif
EP3503658A1,F0001,/home/safe/Desktop/yassine/Vectorization/data/PatentData/ReorganisedData/EP3503658A1/EP3503658A1_F0001.tif
EP3496167A1,A0001,/home/safe/Desktop/yassine/Vectorization/data/PatentData/ReorganisedData/EP3496167A1/EP3496167A1_A0001.tif
EP3495651A1,A0001,/home/safe/Desktop/yassine/Vectorization/data/PatentData/ReorganisedData/EP3495651A1/EP3495651A1_A0001.tif
EP3503064A1,A0001,/home/safe/Desktop/yassine/Vectorization/data/PatentData/ReorganisedData/EP3503064A1/EP3503064A1_A0001.tif
EP3492763A1,F0002,/home/safe/Desktop/yassine/Vectorization/data/PatentData/ReorganisedData/EP3492763A1/EP3492763A1_F0002.tif
EP3110501B1,F0001,/home/safe/Desktop/yassine/Vectorization/data/PatentData/ReorganisedData/EP3110501B1/EP3110501B1_F0001.tif
EP2797596B1,F0001,/home/safe/Desktop/yassine/Vectorization/data/PatentData/ReorganisedData/EP2797596B1/EP2797596B1_F0001.tif
EP2563722B1,F0002,/home/safe/Desktop/yassine/Vectorization/data/PatentData/ReorganisedData/EP2563722B1/EP2563722B1_F0002.tif
EP3496010A1,F0003,/home/safe/Desktop/yassine/Vectorization/data/PatentData/ReorganisedData/EP3496010A1/EP3496010A1_F0003.tif
EP3495589A1,A0001,/home/safe/Desktop/yassine/Vectorization/data/PatentData/ReorganisedData/EP3495589A1/EP3495589A1_A0001.tif
EP2552261B1,F0001,/home/safe/Desktop/yassine/Vectorization/data/PatentData/ReorganisedData/EP2552261B1/EP2552261B1_F0001.tif
EP3076208B1,F0001,/home/safe/Desktop/yassine/Vectorization/data/PatentData/ReorganisedData/EP3076208B1/EP3076208B1_F0001.tif
EP2839288B1,F0001,/home/safe/Desktop/yassine/Vectorization/data/PatentData/ReorganisedData/EP2839288B1/EP2839288B1_F0001.tif
EP3077666B1,F0007,/home/safe/Desktop/yassine/Vectorization/data/PatentData/ReorganisedData/EP3077666B1/EP3077666B1_F0007.tif
EP2730806B1,F0003,/home/safe/Desktop/yassine/Vectorization/data/PatentData/ReorganisedData/EP2730806B1/EP2730806B1_F0003.tif
EP3380982B1,F0001,/home/safe/Desktop/yassine/Vectorization/data/PatentData/ReorganisedData/EP3380982B1/EP3380982B1_F0001.tif
EP3093511B1,F0001,/home/safe/Desktop/yassine/Vectorization/data/PatentData/ReorganisedData/EP3093511B1/EP3093511B1_F0001.tif
EP2464264B1,F0002,/home/safe/Desktop/yassine/Vectorization/data/PatentData/ReorganisedData/EP2464264B1/EP2464264B1_F0002.tif
EP2727622B1,F0001,/home/safe/Desktop/yassine/Vectorization/data/PatentData/ReorganisedData/EP2727622B1/EP2727622B1_F0001.tif
EP3132888B1,F0001,/home/safe/Desktop/yassine/Vectorization/data/PatentData/ReorganisedData/EP3132888B1/EP3132888B1_F0001.tif
EP2732772B1,F0001,/home/safe/Desktop/yassine/Vectorization/data/PatentData/ReorganisedData/EP2732772B1/EP2732772B1_F0001.tif
EP2940388B1,F0001,/home/safe/Desktop/yassine/Vectorization/data/PatentData/ReorganisedData/EP2940388B1/EP2940388B1_F0001.tif
EP3289165B1,F0001,/home/safe/Desktop/yassine/Vectorization/data/PatentData/ReorganisedData/EP3289165B1/EP3289165B1_F0001.tif
EP2941941B1,F0003,/home/safe/Desktop/yassine/Vectorization/data/PatentData/ReorganisedData/EP2941941B1/EP2941941B1_F0003.tif
EP3495211A1,F0001,/home/safe/Desktop/yassine/Vectorization/data/PatentData/ReorganisedData/EP3495211A1/EP3495211A1_F0001.tif
EP2559296B1,F0001,/home/safe/Desktop/yassine/Vectorization/data/PatentData/ReorganisedData/EP2559296B1/EP2559296B1_F0001.tif
EP1983644B1,F0002,/home/safe/Desktop/yassine/Vectorization/data/PatentData/ReorganisedData/EP1983644B1/EP1983644B1_F0002.tif
EP3499754A1,F0003,/home/safe/Desktop/yassine/Vectorization/data/PatentData/ReorganisedData/EP3499754A1/EP3499754A1_F0003.tif
EP3498596A1,A0001,/home/safe/Desktop/yassine/Vectorization/data/PatentData/ReorganisedData/EP3498596A1/EP3498596A1_A0001.tif
EP3176333B1,F0001,/home/safe/Desktop/yassine/Vectorization/data/PatentData/ReorganisedData/EP3176333B1/EP3176333B1_F0001.tif
EP3270003B1,F0001,/home/safe/Desktop/yassine/Vectorization/data/PatentData/ReorganisedData/EP3270003B1/EP3270003B1_F0001.tif
EP3040792B1,F0001,/home/safe/Desktop/yassine/Vectorization/data/PatentData/ReorganisedData/EP3040792B1/EP3040792B1_F0001.tif
EP3495231A1,F0001,/home/safe/Desktop/yassine/Vectorization/data/PatentData/ReorganisedData/EP3495231A1/EP3495231A1_F0001.tif
EP3501471A1,F0001,/home/safe/Desktop/yassine/Vectorization/data/PatentData/ReorganisedData/EP3501471A1/EP3501471A1_F0001.tif
EP3501402A1,A0001,/home/safe/Desktop/yassine/Vectorization/data/PatentData/ReorganisedData/EP3501402A1/EP3501402A1_A0001.tif
EP2707031B1,F0019,/home/safe/Desktop/yassine/Vectorization/data/PatentData/ReorganisedData/EP2707031B1/EP2707031B1_F0019.tif
EP3498652A1,F0001,/home/safe/Desktop/yassine/Vectorization/data/PatentData/ReorganisedData/EP3498652A1/EP3498652A1_F0001.tif
EP3293600B1,F0001,/home/safe/Desktop/yassine/Vectorization/data/PatentData/ReorganisedData/EP3293600B1/EP3293600B1_F0001.tif
EP3178608B1,F0001,/home/safe/Desktop/yassine/Vectorization/data/PatentData/ReorganisedData/EP3178608B1/EP3178608B1_F0001.tif
EP3493427A1,A0001,/home/safe/Desktop/yassine/Vectorization/data/PatentData/ReorganisedData/EP3493427A1/EP3493427A1_A0001.tif
EP2792300B1,F0003,/home/safe/Desktop/yassine/Vectorization/data/PatentData/ReorganisedData/EP2792300B1/EP2792300B1_F0003.tif
EP2769671B1,F0007,/home/safe/Desktop/yassine/Vectorization/data/PatentData/ReorganisedData/EP2769671B1/EP2769671B1_F0007.tif
EP3366466B1,F0002,/home/safe/Desktop/yassine/Vectorization/data/PatentData/ReorganisedData/EP3366466B1/EP3366466B1_F0002.tif
EP3496429A1,F0001,/home/safe/Desktop/yassine/Vectorization/data/PatentData/ReorganisedData/EP3496429A1/EP3496429A1_F0001.tif
EP2437029B1,F0002,/home/safe/Desktop/yassine/Vectorization/data/PatentData/ReorganisedData/EP2437029B1/EP2437029B1_F0002.tif
EP3050226B1,F0002,/home/safe/Desktop/yassine/Vectorization/data/PatentData/ReorganisedData/EP3050226B1/EP3050226B1_F0002.tif
EP3495223A1,F0005,/home/safe/Desktop/yassine/Vectorization/data/PatentData/ReorganisedData/EP3495223A1/EP3495223A1_F0005.tif
EP3166540B1,F0002,/home/safe/Desktop/yassine/Vectorization/data/PatentData/ReorganisedData/EP3166540B1/EP3166540B1_F0002.tif
EP2944498B1,F0002,/home/safe/Desktop/yassine/Vectorization/data/PatentData/ReorganisedData/EP2944498B1/EP2944498B1_F0002.tif
EP3495959A1,F0007,/home/safe/Desktop/yassine/Vectorization/data/PatentData/ReorganisedData/EP3495959A1/EP3495959A1_F0007.tif
EP2861124B1,F0001,/home/safe/Desktop/yassine/Vectorization/data/PatentData/ReorganisedData/EP2861124B1/EP2861124B1_F0001.tif
EP2401829B1,F0001,/home/safe/Desktop/yassine/Vectorization/data/PatentData/ReorganisedData/EP2401829B1/EP2401829B1_F0001.tif
EP3284097B1,F0001,/home/safe/Desktop/yassine/Vectorization/data/PatentData/ReorganisedData/EP3284097B1/EP3284097B1_F0001.tif
EP3499493A1,F0001,/home/safe/Desktop/yassine/Vectorization/data/PatentData/ReorganisedData/EP3499493A1/EP3499493A1_F0001.tif
EP3150116B1,F0002,/home/safe/Desktop/yassine/Vectorization/data/PatentData/ReorganisedData/EP3150116B1/EP3150116B1_F0002.tif
EP3284109B1,F0014,/home/safe/Desktop/yassine/Vectorization/data/PatentData/ReorganisedData/EP3284109B1/EP3284109B1_F0014.tif
EP2705397B1,F0001,/home/safe/Desktop/yassine/Vectorization/data/PatentData/ReorganisedData/EP2705397B1/EP2705397B1_F0001.tif
EP3231079B1,F0003,/home/safe/Desktop/yassine/Vectorization/data/PatentData/ReorganisedData/EP3231079B1/EP3231079B1_F0003.tif
EP2924572B1,F0005,/home/safe/Desktop/yassine/Vectorization/data/PatentData/ReorganisedData/EP2924572B1/EP2924572B1_F0005.tif
EP3499891A1,A0002,/home/safe/Desktop/yassine/Vectorization/data/PatentData/ReorganisedData/EP3499891A1/EP3499891A1_A0002.tif
EP3492001A1,F0001,/home/safe/Desktop/yassine/Vectorization/data/PatentData/ReorganisedData/EP3492001A1/EP3492001A1_F0001.tif
EP3271972B1,F0001,/home/safe/Desktop/yassine/Vectorization/data/PatentData/ReorganisedData/EP3271972B1/EP3271972B1_F0001.tif
EP3495167A1,A0001,/home/safe/Desktop/yassine/Vectorization/data/PatentData/ReorganisedData/EP3495167A1/EP3495167A1_A0001.tif
EP3499934A1,A0001,/home/safe/Desktop/yassine/Vectorization/data/PatentData/ReorganisedData/EP3499934A1/EP3499934A1_A0001.tif
EP3502558A1,A0001,/home/safe/Desktop/yassine/Vectorization/data/PatentData/ReorganisedData/EP3502558A1/EP3502558A1_A0001.tif
EP3494991A1,F0012,/home/safe/Desktop/yassine/Vectorization/data/PatentData/ReorganisedData/EP3494991A1/EP3494991A1_F0012.tif
EP2115635B1,F0002,/home/safe/Desktop/yassine/Vectorization/data/PatentData/ReorganisedData/EP2115635B1/EP2115635B1_F0002.tif
EP3503338A1,A0001,/home/safe/Desktop/yassine/Vectorization/data/PatentData/ReorganisedData/EP3503338A1/EP3503338A1_A0001.tif
EP3307611B1,F0002,/home/safe/Desktop/yassine/Vectorization/data/PatentData/ReorganisedData/EP3307611B1/EP3307611B1_F0002.tif
EP2896572B1,F0001,/home/safe/Desktop/yassine/Vectorization/data/PatentData/ReorganisedData/EP2896572B1/EP2896572B1_F0001.tif
EP3323287B1,F0002,/home/safe/Desktop/yassine/Vectorization/data/PatentData/ReorganisedData/EP3323287B1/EP3323287B1_F0002.tif
EP3277798B1,F0001,/home/safe/Desktop/yassine/Vectorization/data/PatentData/ReorganisedData/EP3277798B1/EP3277798B1_F0001.tif
EP3493478A1,F0013,/home/safe/Desktop/yassine/Vectorization/data/PatentData/ReorganisedData/EP3493478A1/EP3493478A1_F0013.tif
EP3493039A1,A0001,/home/safe/Desktop/yassine/Vectorization/data/PatentData/ReorganisedData/EP3493039A1/EP3493039A1_A0001.tif
EP2523714B1,F0001,/home/safe/Desktop/yassine/Vectorization/data/PatentData/ReorganisedData/EP2523714B1/EP2523714B1_F0001.tif
EP3085607B1,F0001,/home/safe/Desktop/yassine/Vectorization/data/PatentData/ReorganisedData/EP3085607B1/EP3085607B1_F0001.tif
EP3336023B1,F0001,/home/safe/Desktop/yassine/Vectorization/data/PatentData/ReorganisedData/EP3336023B1/EP3336023B1_F0001.tif
EP3503673A1,A0001,/home/safe/Desktop/yassine/Vectorization/data/PatentData/ReorganisedData/EP3503673A1/EP3503673A1_A0001.tif
EP3501483A1,A0001,/home/safe/Desktop/yassine/Vectorization/data/PatentData/ReorganisedData/EP3501483A1/EP3501483A1_A0001.tif
EP3496470A1,F0001,/home/safe/Desktop/yassine/Vectorization/data/PatentData/ReorganisedData/EP3496470A1/EP3496470A1_F0001.tif
EP3492434A1,A0001,/home/safe/Desktop/yassine/Vectorization/data/PatentData/ReorganisedData/EP3492434A1/EP3492434A1_A0001.tif
EP2426838B1,F0002,/home/safe/Desktop/yassine/Vectorization/data/PatentData/ReorganisedData/EP2426838B1/EP2426838B1_F0002.tif
EP3298634B1,F0002,/home/safe/Desktop/yassine/Vectorization/data/PatentData/ReorganisedData/EP3298634B1/EP3298634B1_F0002.tif
EP3501697A1,F0001,/home/safe/Desktop/yassine/Vectorization/data/PatentData/ReorganisedData/EP3501697A1/EP3501697A1_F0001.tif
EP3501949A1,F0006,/home/safe/Desktop/yassine/Vectorization/data/PatentData/ReorganisedData/EP3501949A1/EP3501949A1_F0006.tif
EP3498643A1,A0001,/home/safe/Desktop/yassine/Vectorization/data/PatentData/ReorganisedData/EP3498643A1/EP3498643A1_A0001.tif
EP3499230A1,F0006,/home/safe/Desktop/yassine/Vectorization/data/PatentData/ReorganisedData/EP3499230A1/EP3499230A1_F0006.tif
EP2582748B1,F0001,/home/safe/Desktop/yassine/Vectorization/data/PatentData/ReorganisedData/EP2582748B1/EP2582748B1_F0001.tif
EP3493618A1,F0001,/home/safe/Desktop/yassine/Vectorization/data/PatentData/ReorganisedData/EP3493618A1/EP3493618A1_F0001.tif
EP3138429B1,F0001,/home/safe/Desktop/yassine/Vectorization/data/PatentData/ReorganisedData/EP3138429B1/EP3138429B1_F0001.tif
EP3171375B1,F0001,/home/safe/Desktop/yassine/Vectorization/data/PatentData/ReorganisedData/EP3171375B1/EP3171375B1_F0001.tif
EP3495587A2,A0001,/home/safe/Desktop/yassine/Vectorization/data/PatentData/ReorganisedData/EP3495587A2/EP3495587A2_A0001.tif
EP3490594A1,WO2018026729A1_F0008,/home/safe/Desktop/yassine/Vectorization/data/PatentData/ReorganisedData/EP3490594A1/WO2018026729A1_F0008.tif
EP3499544A1,A0001,/home/safe/Desktop/yassine/Vectorization/data/PatentData/ReorganisedData/EP3499544A1/EP3499544A1_A0001.tif
EP2578172B1,F0002,/home/safe/Desktop/yassine/Vectorization/data/PatentData/ReorganisedData/EP2578172B1/EP2578172B1_F0002.tif
EP2476997B1,F0001,/home/safe/Desktop/yassine/Vectorization/data/PatentData/ReorganisedData/EP2476997B1/EP2476997B1_F0001.tif
EP3499621A1,A0001,/home/safe/Desktop/yassine/Vectorization/data/PatentData/ReorganisedData/EP3499621A1/EP3499621A1_A0001.tif
EP3499899A1,F0001,/home/safe/Desktop/yassine/Vectorization/data/PatentData/ReorganisedData/EP3499899A1/EP3499899A1_F0001.tif
EP3493200A1,A0001,/home/safe/Desktop/yassine/Vectorization/data/PatentData/ReorganisedData/EP3493200A1/EP3493200A1_A0001.tif
EP3500015A1,F0001,/home/safe/Desktop/yassine/Vectorization/data/PatentData/ReorganisedData/EP3500015A1/EP3500015A1_F0001.tif
EP3495317A1,F0001,/home/safe/Desktop/yassine/Vectorization/data/PatentData/ReorganisedData/EP3495317A1/EP3495317A1_F0001.tif
EP3495750A1,A0001,/home/safe/Desktop/yassine/Vectorization/data/PatentData/ReorganisedData/EP3495750A1/EP3495750A1_A0001.tif
EP2989409B1,F0001,/home/safe/Desktop/yassine/Vectorization/data/PatentData/ReorganisedData/EP2989409B1/EP2989409B1_F0001.tif
EP3496389A1,F0008,/home/safe/Desktop/yassine/Vectorization/data/PatentData/ReorganisedData/EP3496389A1/EP3496389A1_F0008.tif
EP3226283B1,F0001,/home/safe/Desktop/yassine/Vectorization/data/PatentData/ReorganisedData/EP3226283B1/EP3226283B1_F0001.tif
EP3501760A1,F0001,/home/safe/Desktop/yassine/Vectorization/data/PatentData/ReorganisedData/EP3501760A1/EP3501760A1_F0001.tif
EP2340605B1,F0001,/home/safe/Desktop/yassine/Vectorization/data/PatentData/ReorganisedData/EP2340605B1/EP2340605B1_F0001.tif
EP3101160B1,F0001,/home/safe/Desktop/yassine/Vectorization/data/PatentData/ReorganisedData/EP3101160B1/EP3101160B1_F0001.tif
EP2008332B1,F0001,/home/safe/Desktop/yassine/Vectorization/data/PatentData/ReorganisedData/EP2008332B1/EP2008332B1_F0001.tif
EP3408862B1,F0007,/home/safe/Desktop/yassine/Vectorization/data/PatentData/ReorganisedData/EP3408862B1/EP3408862B1_F0007.tif
EP3501951A1,F0001,/home/safe/Desktop/yassine/Vectorization/data/PatentData/ReorganisedData/EP3501951A1/EP3501951A1_F0001.tif
EP3493424A1,F0001,/home/safe/Desktop/yassine/Vectorization/data/PatentData/ReorganisedData/EP3493424A1/EP3493424A1_F0001.tif
EP3324098B1,F0001,/home/safe/Desktop/yassine/Vectorization/data/PatentData/ReorganisedData/EP3324098B1/EP3324098B1_F0001.tif
EP2384360B1,F0004,/home/safe/Desktop/yassine/Vectorization/data/PatentData/ReorganisedData/EP2384360B1/EP2384360B1_F0004.tif
EP3125666B1,F0001,/home/safe/Desktop/yassine/Vectorization/data/PatentData/ReorganisedData/EP3125666B1/EP3125666B1_F0001.tif
EP2408262B1,F0002,/home/safe/Desktop/yassine/Vectorization/data/PatentData/ReorganisedData/EP2408262B1/EP2408262B1_F0002.tif
EP3502759A1,F0001,/home/safe/Desktop/yassine/Vectorization/data/PatentData/ReorganisedData/EP3502759A1/EP3502759A1_F0001.tif
EP3495903A1,A0001,/home/safe/Desktop/yassine/Vectorization/data/PatentData/ReorganisedData/EP3495903A1/EP3495903A1_A0001.tif
EP3503239A1,A0001,/home/safe/Desktop/yassine/Vectorization/data/PatentData/ReorganisedData/EP3503239A1/EP3503239A1_A0001.tif
EP3193044B1,F0001,/home/safe/Desktop/yassine/Vectorization/data/PatentData/ReorganisedData/EP3193044B1/EP3193044B1_F0001.tif
EP3219577B1,F0002,/home/safe/Desktop/yassine/Vectorization/data/PatentData/ReorganisedData/EP3219577B1/EP3219577B1_F0002.tif
EP3141534B1,F0002,/home/safe/Desktop/yassine/Vectorization/data/PatentData/ReorganisedData/EP3141534B1/EP3141534B1_F0002.tif
EP2827705B1,F0004,/home/safe/Desktop/yassine/Vectorization/data/PatentData/ReorganisedData/EP2827705B1/EP2827705B1_F0004.tif
EP2760046B1,F0005,/home/safe/Desktop/yassine/Vectorization/data/PatentData/ReorganisedData/EP2760046B1/EP2760046B1_F0005.tif
EP2537626B1,F0002,/home/safe/Desktop/yassine/Vectorization/data/PatentData/ReorganisedData/EP2537626B1/EP2537626B1_F0002.tif
EP3493172A1,A0001,/home/safe/Desktop/yassine/Vectorization/data/PatentData/ReorganisedData/EP3493172A1/EP3493172A1_A0001.tif
EP3503633A1,F0005,/home/safe/Desktop/yassine/Vectorization/data/PatentData/ReorganisedData/EP3503633A1/EP3503633A1_F0005.tif
EP3492623A1,A0001,/home/safe/Desktop/yassine/Vectorization/data/PatentData/ReorganisedData/EP3492623A1/EP3492623A1_A0001.tif
EP2986544B1,F0001,/home/safe/Desktop/yassine/Vectorization/data/PatentData/ReorganisedData/EP2986544B1/EP2986544B1_F0001.tif
EP3228246B1,F0004,/home/safe/Desktop/yassine/Vectorization/data/PatentData/ReorganisedData/EP3228246B1/EP3228246B1_F0004.tif
EP2333985B1,F0001,/home/safe/Desktop/yassine/Vectorization/data/PatentData/ReorganisedData/EP2333985B1/EP2333985B1_F0001.tif
EP2697462B1,F0001,/home/safe/Desktop/yassine/Vectorization/data/PatentData/ReorganisedData/EP2697462B1/EP2697462B1_F0001.tif
EP2933611B1,F0001,/home/safe/Desktop/yassine/Vectorization/data/PatentData/ReorganisedData/EP2933611B1/EP2933611B1_F0001.tif
EP3498619A1,A0001,/home/safe/Desktop/yassine/Vectorization/data/PatentData/ReorganisedData/EP3498619A1/EP3498619A1_A0001.tif
EP3495296A1,A0001,/home/safe/Desktop/yassine/Vectorization/data/PatentData/ReorganisedData/EP3495296A1/EP3495296A1_A0001.tif
EP3042591B1,F0001,/home/safe/Desktop/yassine/Vectorization/data/PatentData/ReorganisedData/EP3042591B1/EP3042591B1_F0001.tif
EP3496482A1,A0001,/home/safe/Desktop/yassine/Vectorization/data/PatentData/ReorganisedData/EP3496482A1/EP3496482A1_A0001.tif
EP3501338A1,A0001,/home/safe/Desktop/yassine/Vectorization/data/PatentData/ReorganisedData/EP3501338A1/EP3501338A1_A0001.tif
EP3501436A1,A0001,/home/safe/Desktop/yassine/Vectorization/data/PatentData/ReorganisedData/EP3501436A1/EP3501436A1_A0001.tif
EP3286132B1,F0001,/home/safe/Desktop/yassine/Vectorization/data/PatentData/ReorganisedData/EP3286132B1/EP3286132B1_F0001.tif
EP3494823A1,A0001,/home/safe/Desktop/yassine/Vectorization/data/PatentData/ReorganisedData/EP3494823A1/EP3494823A1_A0001.tif
EP3418046B1,F0001,/home/safe/Desktop/yassine/Vectorization/data/PatentData/ReorganisedData/EP3418046B1/EP3418046B1_F0001.tif
EP3033586B1,F0002,/home/safe/Desktop/yassine/Vectorization/data/PatentData/ReorganisedData/EP3033586B1/EP3033586B1_F0002.tif
EP3122130B1,F0005,/home/safe/Desktop/yassine/Vectorization/data/PatentData/ReorganisedData/EP3122130B1/EP3122130B1_F0005.tif
EP3498253A1,F0002,/home/safe/Desktop/yassine/Vectorization/data/PatentData/ReorganisedData/EP3498253A1/EP3498253A1_F0002.tif
EP2860359B1,F0001,/home/safe/Desktop/yassine/Vectorization/data/PatentData/ReorganisedData/EP2860359B1/EP2860359B1_F0001.tif
EP3502023A1,A0001,/home/safe/Desktop/yassine/Vectorization/data/PatentData/ReorganisedData/EP3502023A1/EP3502023A1_A0001.tif
EP3499183A1,A0001,/home/safe/Desktop/yassine/Vectorization/data/PatentData/ReorganisedData/EP3499183A1/EP3499183A1_A0001.tif
EP3502239A1,F0005,/home/safe/Desktop/yassine/Vectorization/data/PatentData/ReorganisedData/EP3502239A1/EP3502239A1_F0005.tif
EP2740238B1,F0004,/home/safe/Desktop/yassine/Vectorization/data/PatentData/ReorganisedData/EP2740238B1/EP2740238B1_F0004.tif
EP3078121B1,F0002,/home/safe/Desktop/yassine/Vectorization/data/PatentData/ReorganisedData/EP3078121B1/EP3078121B1_F0002.tif
EP3498227A1,A0001,/home/safe/Desktop/yassine/Vectorization/data/PatentData/ReorganisedData/EP3498227A1/EP3498227A1_A0001.tif
EP3253467B1,F0001,/home/safe/Desktop/yassine/Vectorization/data/PatentData/ReorganisedData/EP3253467B1/EP3253467B1_F0001.tif
EP3496323A1,A0001,/home/safe/Desktop/yassine/Vectorization/data/PatentData/ReorganisedData/EP3496323A1/EP3496323A1_A0001.tif
EP3503414A1,F0003,/home/safe/Desktop/yassine/Vectorization/data/PatentData/ReorganisedData/EP3503414A1/EP3503414A1_F0003.tif
EP3134428B1,F0002,/home/safe/Desktop/yassine/Vectorization/data/PatentData/ReorganisedData/EP3134428B1/EP3134428B1_F0002.tif
EP3496295A2,A0001,/home/safe/Desktop/yassine/Vectorization/data/PatentData/ReorganisedData/EP3496295A2/EP3496295A2_A0001.tif
EP2759480B1,F0001,/home/safe/Desktop/yassine/Vectorization/data/PatentData/ReorganisedData/EP2759480B1/EP2759480B1_F0001.tif
EP3503012A1,F0002,/home/safe/Desktop/yassine/Vectorization/data/PatentData/ReorganisedData/EP3503012A1/EP3503012A1_F0002.tif
EP3499787A1,A0001,/home/safe/Desktop/yassine/Vectorization/data/PatentData/ReorganisedData/EP3499787A1/EP3499787A1_A0001.tif
EP3499927A1,F0013,/home/safe/Desktop/yassine/Vectorization/data/PatentData/ReorganisedData/EP3499927A1/EP3499927A1_F0013.tif
EP3135440B1,F0001,/home/safe/Desktop/yassine/Vectorization/data/PatentData/ReorganisedData/EP3135440B1/EP3135440B1_F0001.tif
EP3502493A1,A0001,/home/safe/Desktop/yassine/Vectorization/data/PatentData/ReorganisedData/EP3502493A1/EP3502493A1_A0001.tif
EP3503186A1,F0001,/home/safe/Desktop/yassine/Vectorization/data/PatentData/ReorganisedData/EP3503186A1/EP3503186A1_F0001.tif
EP2624651B1,F0001,/home/safe/Desktop/yassine/Vectorization/data/PatentData/ReorganisedData/EP2624651B1/EP2624651B1_F0001.tif
EP3074791B1,F0001,/home/safe/Desktop/yassine/Vectorization/data/PatentData/ReorganisedData/EP3074791B1/EP3074791B1_F0001.tif
EP2632665B1,F0001,/home/safe/Desktop/yassine/Vectorization/data/PatentData/ReorganisedData/EP2632665B1/EP2632665B1_F0001.tif
EP3124799B1,F0005,/home/safe/Desktop/yassine/Vectorization/data/PatentData/ReorganisedData/EP3124799B1/EP3124799B1_F0005.tif
EP3495091A1,F0003,/home/safe/Desktop/yassine/Vectorization/data/PatentData/ReorganisedData/EP3495091A1/EP3495091A1_F0003.tif
EP3502454A1,A0001,/home/safe/Desktop/yassine/Vectorization/data/PatentData/ReorganisedData/EP3502454A1/EP3502454A1_A0001.tif
EP3343002B1,F0001,/home/safe/Desktop/yassine/Vectorization/data/PatentData/ReorganisedData/EP3343002B1/EP3343002B1_F0001.tif
EP2505289B1,F0004,/home/safe/Desktop/yassine/Vectorization/data/PatentData/ReorganisedData/EP2505289B1/EP2505289B1_F0004.tif
EP2424607B1,F0001,/home/safe/Desktop/yassine/Vectorization/data/PatentData/ReorganisedData/EP2424607B1/EP2424607B1_F0001.tif
EP3210638B1,F0001,/home/safe/Desktop/yassine/Vectorization/data/PatentData/ReorganisedData/EP3210638B1/EP3210638B1_F0001.tif
EP3275833B1,F0001,/home/safe/Desktop/yassine/Vectorization/data/PatentData/ReorganisedData/EP3275833B1/EP3275833B1_F0001.tif
EP3286841B1,F0001,/home/safe/Desktop/yassine/Vectorization/data/PatentData/ReorganisedData/EP3286841B1/EP3286841B1_F0001.tif
EP2206233B1,F0002,/home/safe/Desktop/yassine/Vectorization/data/PatentData/ReorganisedData/EP2206233B1/EP2206233B1_F0002.tif
EP3133317B1,F0002,/home/safe/Desktop/yassine/Vectorization/data/PatentData/ReorganisedData/EP3133317B1/EP3133317B1_F0002.tif
EP3248437B1,F0001,/home/safe/Desktop/yassine/Vectorization/data/PatentData/ReorganisedData/EP3248437B1/EP3248437B1_F0001.tif
EP3503528A1,A0001,/home/safe/Desktop/yassine/Vectorization/data/PatentData/ReorganisedData/EP3503528A1/EP3503528A1_A0001.tif
EP2722203B1,F0001,/home/safe/Desktop/yassine/Vectorization/data/PatentData/ReorganisedData/EP2722203B1/EP2722203B1_F0001.tif
EP2520089B1,F0008,/home/safe/Desktop/yassine/Vectorization/data/PatentData/ReorganisedData/EP2520089B1/EP2520089B1_F0008.tif
EP3496177A1,F0001,/home/safe/Desktop/yassine/Vectorization/data/PatentData/ReorganisedData/EP3496177A1/EP3496177A1_F0001.tif
EP3322620B1,F0001,/home/safe/Desktop/yassine/Vectorization/data/PatentData/ReorganisedData/EP3322620B1/EP3322620B1_F0001.tif
EP2958147B1,F0001,/home/safe/Desktop/yassine/Vectorization/data/PatentData/ReorganisedData/EP2958147B1/EP2958147B1_F0001.tif
EP3492222A1,A0001,/home/safe/Desktop/yassine/Vectorization/data/PatentData/ReorganisedData/EP3492222A1/EP3492222A1_A0001.tif
EP2917047B1,F0001,/home/safe/Desktop/yassine/Vectorization/data/PatentData/ReorganisedData/EP2917047B1/EP2917047B1_F0001.tif
EP2854025B1,F0007,/home/safe/Desktop/yassine/Vectorization/data/PatentData/ReorganisedData/EP2854025B1/EP2854025B1_F0007.tif
EP3496239A1,F0001,/home/safe/Desktop/yassine/Vectorization/data/PatentData/ReorganisedData/EP3496239A1/EP3496239A1_F0001.tif
EP3493316A1,A0001,/home/safe/Desktop/yassine/Vectorization/data/PatentData/ReorganisedData/EP3493316A1/EP3493316A1_A0001.tif
EP3122614B1,F0001,/home/safe/Desktop/yassine/Vectorization/data/PatentData/ReorganisedData/EP3122614B1/EP3122614B1_F0001.tif
EP3502648A2,F0002,/home/safe/Desktop/yassine/Vectorization/data/PatentData/ReorganisedData/EP3502648A2/EP3502648A2_F0002.tif
EP2965717B1,F0001,/home/safe/Desktop/yassine/Vectorization/data/PatentData/ReorganisedData/EP2965717B1/EP2965717B1_F0001.tif
EP2672508B1,F0001,/home/safe/Desktop/yassine/Vectorization/data/PatentData/ReorganisedData/EP2672508B1/EP2672508B1_F0001.tif
EP3501713A1,A0001,/home/safe/Desktop/yassine/Vectorization/data/PatentData/ReorganisedData/EP3501713A1/EP3501713A1_A0001.tif
EP2832414B1,F0001,/home/safe/Desktop/yassine/Vectorization/data/PatentData/ReorganisedData/EP2832414B1/EP2832414B1_F0001.tif
EP3498429A1,F0001,/home/safe/Desktop/yassine/Vectorization/data/PatentData/ReorganisedData/EP3498429A1/EP3498429A1_F0001.tif
EP3493320A1,F0001,/home/safe/Desktop/yassine/Vectorization/data/PatentData/ReorganisedData/EP3493320A1/EP3493320A1_F0001.tif
EP3018036B1,F0001,/home/safe/Desktop/yassine/Vectorization/data/PatentData/ReorganisedData/EP3018036B1/EP3018036B1_F0001.tif
EP2917775B1,F0001,/home/safe/Desktop/yassine/Vectorization/data/PatentData/ReorganisedData/EP2917775B1/EP2917775B1_F0001.tif
EP3324178B1,F0001,/home/safe/Desktop/yassine/Vectorization/data/PatentData/ReorganisedData/EP3324178B1/EP3324178B1_F0001.tif
EP3197158B1,F0004,/home/safe/Desktop/yassine/Vectorization/data/PatentData/ReorganisedData/EP3197158B1/EP3197158B1_F0004.tif
EP3089778B1,F0001,/home/safe/Desktop/yassine/Vectorization/data/PatentData/ReorganisedData/EP3089778B1/EP3089778B1_F0001.tif
EP3135096B1,F0001,/home/safe/Desktop/yassine/Vectorization/data/PatentData/ReorganisedData/EP3135096B1/EP3135096B1_F0001.tif
EP3492853A1,A0001,/home/safe/Desktop/yassine/Vectorization/data/PatentData/ReorganisedData/EP3492853A1/EP3492853A1_A0001.tif
EP3502367A1,F0002,/home/safe/Desktop/yassine/Vectorization/data/PatentData/ReorganisedData/EP3502367A1/EP3502367A1_F0002.tif
EP2763736B1,F0002,/home/safe/Desktop/yassine/Vectorization/data/PatentData/ReorganisedData/EP2763736B1/EP2763736B1_F0002.tif
EP3499004A1,A0001,/home/safe/Desktop/yassine/Vectorization/data/PatentData/ReorganisedData/EP3499004A1/EP3499004A1_A0001.tif
EP2889072B1,F0001,/home/safe/Desktop/yassine/Vectorization/data/PatentData/ReorganisedData/EP2889072B1/EP2889072B1_F0001.tif
EP3269935B1,F0001,/home/safe/Desktop/yassine/Vectorization/data/PatentData/ReorganisedData/EP3269935B1/EP3269935B1_F0001.tif
EP3499568A1,A0001,/home/safe/Desktop/yassine/Vectorization/data/PatentData/ReorganisedData/EP3499568A1/EP3499568A1_A0001.tif
EP1974338B1,F0001,/home/safe/Desktop/yassine/Vectorization/data/PatentData/ReorganisedData/EP1974338B1/EP1974338B1_F0001.tif
EP3289314B1,F0001,/home/safe/Desktop/yassine/Vectorization/data/PatentData/ReorganisedData/EP3289314B1/EP3289314B1_F0001.tif
EP3320171B1,F0001,/home/safe/Desktop/yassine/Vectorization/data/PatentData/ReorganisedData/EP3320171B1/EP3320171B1_F0001.tif
EP3493479A1,F0004,/home/safe/Desktop/yassine/Vectorization/data/PatentData/ReorganisedData/EP3493479A1/EP3493479A1_F0004.tif
EP3499709A1,A0001,/home/safe/Desktop/yassine/Vectorization/data/PatentData/ReorganisedData/EP3499709A1/EP3499709A1_A0001.tif
EP3502899A1,A0001,/home/safe/Desktop/yassine/Vectorization/data/PatentData/ReorganisedData/EP3502899A1/EP3502899A1_A0001.tif
EP2700469B1,F0001,/home/safe/Desktop/yassine/Vectorization/data/PatentData/ReorganisedData/EP2700469B1/EP2700469B1_F0001.tif
EP3305601B1,F0001,/home/safe/Desktop/yassine/Vectorization/data/PatentData/ReorganisedData/EP3305601B1/EP3305601B1_F0001.tif
EP3220346B1,F0003,/home/safe/Desktop/yassine/Vectorization/data/PatentData/ReorganisedData/EP3220346B1/EP3220346B1_F0003.tif
EP3499350A1,F0004,/home/safe/Desktop/yassine/Vectorization/data/PatentData/ReorganisedData/EP3499350A1/EP3499350A1_F0004.tif
EP3495486A1,F0004,/home/safe/Desktop/yassine/Vectorization/data/PatentData/ReorganisedData/EP3495486A1/EP3495486A1_F0004.tif
EP3493154A1,F0001,/home/safe/Desktop/yassine/Vectorization/data/PatentData/ReorganisedData/EP3493154A1/EP3493154A1_F0001.tif
EP1850193B1,F0001,/home/safe/Desktop/yassine/Vectorization/data/PatentData/ReorganisedData/EP1850193B1/EP1850193B1_F0001.tif
EP3499676A1,F0005,/home/safe/Desktop/yassine/Vectorization/data/PatentData/ReorganisedData/EP3499676A1/EP3499676A1_F0005.tif
EP3502540A1,F0001,/home/safe/Desktop/yassine/Vectorization/data/PatentData/ReorganisedData/EP3502540A1/EP3502540A1_F0001.tif
EP3493173A1,F0002,/home/safe/Desktop/yassine/Vectorization/data/PatentData/ReorganisedData/EP3493173A1/EP3493173A1_F0002.tif
EP3493592A1,A0001,/home/safe/Desktop/yassine/Vectorization/data/PatentData/ReorganisedData/EP3493592A1/EP3493592A1_A0001.tif
EP3499282A1,F0002,/home/safe/Desktop/yassine/Vectorization/data/PatentData/ReorganisedData/EP3499282A1/EP3499282A1_F0002.tif
EP3495744A1,F0005,/home/safe/Desktop/yassine/Vectorization/data/PatentData/ReorganisedData/EP3495744A1/EP3495744A1_F0005.tif
EP2844317B1,F0001,/home/safe/Desktop/yassine/Vectorization/data/PatentData/ReorganisedData/EP2844317B1/EP2844317B1_F0001.tif
EP2921304B1,F0001,/home/safe/Desktop/yassine/Vectorization/data/PatentData/ReorganisedData/EP2921304B1/EP2921304B1_F0001.tif
EP3492134A1,A0001,/home/safe/Desktop/yassine/Vectorization/data/PatentData/ReorganisedData/EP3492134A1/EP3492134A1_A0001.tif
EP3216695B1,F0001,/home/safe/Desktop/yassine/Vectorization/data/PatentData/ReorganisedData/EP3216695B1/EP3216695B1_F0001.tif
EP3503210A1,A0001,/home/safe/Desktop/yassine/Vectorization/data/PatentData/ReorganisedData/EP3503210A1/EP3503210A1_A0001.tif
EP3495671A1,A0001,/home/safe/Desktop/yassine/Vectorization/data/PatentData/ReorganisedData/EP3495671A1/EP3495671A1_A0001.tif
EP3503548A1,F0001,/home/safe/Desktop/yassine/Vectorization/data/PatentData/ReorganisedData/EP3503548A1/EP3503548A1_F0001.tif
EP3496474A1,F0001,/home/safe/Desktop/yassine/Vectorization/data/PatentData/ReorganisedData/EP3496474A1/EP3496474A1_F0001.tif
EP3499523A1,A0001,/home/safe/Desktop/yassine/Vectorization/data/PatentData/ReorganisedData/EP3499523A1/EP3499523A1_A0001.tif
EP3214678B1,F0001,/home/safe/Desktop/yassine/Vectorization/data/PatentData/ReorganisedData/EP3214678B1/EP3214678B1_F0001.tif
EP3032094B1,F0001,/home/safe/Desktop/yassine/Vectorization/data/PatentData/ReorganisedData/EP3032094B1/EP3032094B1_F0001.tif
EP3220568B1,F0001,/home/safe/Desktop/yassine/Vectorization/data/PatentData/ReorganisedData/EP3220568B1/EP3220568B1_F0001.tif
EP3405748B1,F0001,/home/safe/Desktop/yassine/Vectorization/data/PatentData/ReorganisedData/EP3405748B1/EP3405748B1_F0001.tif
EP2381234B1,F0001,/home/safe/Desktop/yassine/Vectorization/data/PatentData/ReorganisedData/EP2381234B1/EP2381234B1_F0001.tif
EP1429396B1,F0002,/home/safe/Desktop/yassine/Vectorization/data/PatentData/ReorganisedData/EP1429396B1/EP1429396B1_F0002.tif
EP3492553A1,A0001,/home/safe/Desktop/yassine/Vectorization/data/PatentData/ReorganisedData/EP3492553A1/EP3492553A1_A0001.tif
EP3347465B1,F0005,/home/safe/Desktop/yassine/Vectorization/data/PatentData/ReorganisedData/EP3347465B1/EP3347465B1_F0005.tif
EP3498989A1,F0004,/home/safe/Desktop/yassine/Vectorization/data/PatentData/ReorganisedData/EP3498989A1/EP3498989A1_F0004.tif
EP3073890B1,F0004,/home/safe/Desktop/yassine/Vectorization/data/PatentData/ReorganisedData/EP3073890B1/EP3073890B1_F0004.tif
EP3498618A1,A0001,/home/safe/Desktop/yassine/Vectorization/data/PatentData/ReorganisedData/EP3498618A1/EP3498618A1_A0001.tif
EP3502667A1,F0001,/home/safe/Desktop/yassine/Vectorization/data/PatentData/ReorganisedData/EP3502667A1/EP3502667A1_F0001.tif
EP2751687B1,F0003,/home/safe/Desktop/yassine/Vectorization/data/PatentData/ReorganisedData/EP2751687B1/EP2751687B1_F0003.tif
EP3495702A1,A0001,/home/safe/Desktop/yassine/Vectorization/data/PatentData/ReorganisedData/EP3495702A1/EP3495702A1_A0001.tif
EP3502348A1,A0001,/home/safe/Desktop/yassine/Vectorization/data/PatentData/ReorganisedData/EP3502348A1/EP3502348A1_A0001.tif
EP3491954A2,A0001,/home/safe/Desktop/yassine/Vectorization/data/PatentData/ReorganisedData/EP3491954A2/EP3491954A2_A0001.tif
EP2777503B1,F0001,/home/safe/Desktop/yassine/Vectorization/data/PatentData/ReorganisedData/EP2777503B1/EP2777503B1_F0001.tif
EP2772768B1,F0001,/home/safe/Desktop/yassine/Vectorization/data/PatentData/ReorganisedData/EP2772768B1/EP2772768B1_F0001.tif
EP3167733B1,F0002,/home/safe/Desktop/yassine/Vectorization/data/PatentData/ReorganisedData/EP3167733B1/EP3167733B1_F0002.tif
EP2987369B1,F0001,/home/safe/Desktop/yassine/Vectorization/data/PatentData/ReorganisedData/EP2987369B1/EP2987369B1_F0001.tif
EP3228533B1,F0001,/home/safe/Desktop/yassine/Vectorization/data/PatentData/ReorganisedData/EP3228533B1/EP3228533B1_F0001.tif
EP3503175A1,F0001,/home/safe/Desktop/yassine/Vectorization/data/PatentData/ReorganisedData/EP3503175A1/EP3503175A1_F0001.tif
EP3175215B1,F0001,/home/safe/Desktop/yassine/Vectorization/data/PatentData/ReorganisedData/EP3175215B1/EP3175215B1_F0001.tif
EP2983943B1,F0002,/home/safe/Desktop/yassine/Vectorization/data/PatentData/ReorganisedData/EP2983943B1/EP2983943B1_F0002.tif
EP3498345A1,A0001,/home/safe/Desktop/yassine/Vectorization/data/PatentData/ReorganisedData/EP3498345A1/EP3498345A1_A0001.tif
EP3032140B1,F0001,/home/safe/Desktop/yassine/Vectorization/data/PatentData/ReorganisedData/EP3032140B1/EP3032140B1_F0001.tif
EP3502106A1,A0001,/home/safe/Desktop/yassine/Vectorization/data/PatentData/ReorganisedData/EP3502106A1/EP3502106A1_A0001.tif
EP3496283A1,F0005,/home/safe/Desktop/yassine/Vectorization/data/PatentData/ReorganisedData/EP3496283A1/EP3496283A1_F0005.tif
EP3062244B1,F0004,/home/safe/Desktop/yassine/Vectorization/data/PatentData/ReorganisedData/EP3062244B1/EP3062244B1_F0004.tif
EP2517341B1,F0004,/home/safe/Desktop/yassine/Vectorization/data/PatentData/ReorganisedData/EP2517341B1/EP2517341B1_F0004.tif
EP3495472A1,F0003,/home/safe/Desktop/yassine/Vectorization/data/PatentData/ReorganisedData/EP3495472A1/EP3495472A1_F0003.tif
EP3214766B1,F0003,/home/safe/Desktop/yassine/Vectorization/data/PatentData/ReorganisedData/EP3214766B1/EP3214766B1_F0003.tif
EP2436420B1,F0001,/home/safe/Desktop/yassine/Vectorization/data/PatentData/ReorganisedData/EP2436420B1/EP2436420B1_F0001.tif
EP3502920A1,F0004,/home/safe/Desktop/yassine/Vectorization/data/PatentData/ReorganisedData/EP3502920A1/EP3502920A1_F0004.tif
EP2837700B1,F0001,/home/safe/Desktop/yassine/Vectorization/data/PatentData/ReorganisedData/EP2837700B1/EP2837700B1_F0001.tif
EP3336759B1,F0001,/home/safe/Desktop/yassine/Vectorization/data/PatentData/ReorganisedData/EP3336759B1/EP3336759B1_F0001.tif
EP3502317A1,F0001,/home/safe/Desktop/yassine/Vectorization/data/PatentData/ReorganisedData/EP3502317A1/EP3502317A1_F0001.tif
EP3184005B1,F0001,/home/safe/Desktop/yassine/Vectorization/data/PatentData/ReorganisedData/EP3184005B1/EP3184005B1_F0001.tif
EP3313142B1,F0004,/home/safe/Desktop/yassine/Vectorization/data/PatentData/ReorganisedData/EP3313142B1/EP3313142B1_F0004.tif
EP2948179B1,F0003,/home/safe/Desktop/yassine/Vectorization/data/PatentData/ReorganisedData/EP2948179B1/EP2948179B1_F0003.tif
EP3501685A1,F0002,/home/safe/Desktop/yassine/Vectorization/data/PatentData/ReorganisedData/EP3501685A1/EP3501685A1_F0002.tif
EP2018137B1,F0001,/home/safe/Desktop/yassine/Vectorization/data/PatentData/ReorganisedData/EP2018137B1/EP2018137B1_F0001.tif
EP3086352B1,F0001,/home/safe/Desktop/yassine/Vectorization/data/PatentData/ReorganisedData/EP3086352B1/EP3086352B1_F0001.tif
EP1406594B1,F0001,/home/safe/Desktop/yassine/Vectorization/data/PatentData/ReorganisedData/EP1406594B1/EP1406594B1_F0001.tif
EP1933366B1,F0001,/home/safe/Desktop/yassine/Vectorization/data/PatentData/ReorganisedData/EP1933366B1/EP1933366B1_F0001.tif
EP3503447A1,A0001,/home/safe/Desktop/yassine/Vectorization/data/PatentData/ReorganisedData/EP3503447A1/EP3503447A1_A0001.tif
EP3496416A1,A0001,/home/safe/Desktop/yassine/Vectorization/data/PatentData/ReorganisedData/EP3496416A1/EP3496416A1_A0001.tif
EP2956433B1,F0001,/home/safe/Desktop/yassine/Vectorization/data/PatentData/ReorganisedData/EP2956433B1/EP2956433B1_F0001.tif
EP3496343A1,F0001,/home/safe/Desktop/yassine/Vectorization/data/PatentData/ReorganisedData/EP3496343A1/EP3496343A1_F0001.tif
EP3356728B1,F0001,/home/safe/Desktop/yassine/Vectorization/data/PatentData/ReorganisedData/EP3356728B1/EP3356728B1_F0001.tif
EP3492430A1,F0001,/home/safe/Desktop/yassine/Vectorization/data/PatentData/ReorganisedData/EP3492430A1/EP3492430A1_F0001.tif
EP3327690B1,F0001,/home/safe/Desktop/yassine/Vectorization/data/PatentData/ReorganisedData/EP3327690B1/EP3327690B1_F0001.tif
EP3492108A1,F0005,/home/safe/Desktop/yassine/Vectorization/data/PatentData/ReorganisedData/EP3492108A1/EP3492108A1_F0005.tif
EP3303052B1,F0001,/home/safe/Desktop/yassine/Vectorization/data/PatentData/ReorganisedData/EP3303052B1/EP3303052B1_F0001.tif
EP3330497B1,F0003,/home/safe/Desktop/yassine/Vectorization/data/PatentData/ReorganisedData/EP3330497B1/EP3330497B1_F0003.tif
EP3502665A1,A0001,/home/safe/Desktop/yassine/Vectorization/data/PatentData/ReorganisedData/EP3502665A1/EP3502665A1_A0001.tif
EP2205938B1,F0001,/home/safe/Desktop/yassine/Vectorization/data/PatentData/ReorganisedData/EP2205938B1/EP2205938B1_F0001.tif
EP3339085B1,F0001,/home/safe/Desktop/yassine/Vectorization/data/PatentData/ReorganisedData/EP3339085B1/EP3339085B1_F0001.tif
EP3496464A2,A0001,/home/safe/Desktop/yassine/Vectorization/data/PatentData/ReorganisedData/EP3496464A2/EP3496464A2_A0001.tif
EP3238778B1,F0001,/home/safe/Desktop/yassine/Vectorization/data/PatentData/ReorganisedData/EP3238778B1/EP3238778B1_F0001.tif
EP3310149B1,F0001,/home/safe/Desktop/yassine/Vectorization/data/PatentData/ReorganisedData/EP3310149B1/EP3310149B1_F0001.tif
EP3495482A1,F0002,/home/safe/Desktop/yassine/Vectorization/data/PatentData/ReorganisedData/EP3495482A1/EP3495482A1_F0002.tif
EP1840373B1,F0001,/home/safe/Desktop/yassine/Vectorization/data/PatentData/ReorganisedData/EP1840373B1/EP1840373B1_F0001.tif
EP3491930A1,A0001,/home/safe/Desktop/yassine/Vectorization/data/PatentData/ReorganisedData/EP3491930A1/EP3491930A1_A0001.tif
EP3295710B1,F0001,/home/safe/Desktop/yassine/Vectorization/data/PatentData/ReorganisedData/EP3295710B1/EP3295710B1_F0001.tif
EP2929916B1,F0002,/home/safe/Desktop/yassine/Vectorization/data/PatentData/ReorganisedData/EP2929916B1/EP2929916B1_F0002.tif
EP3501323A1,A0001,/home/safe/Desktop/yassine/Vectorization/data/PatentData/ReorganisedData/EP3501323A1/EP3501323A1_A0001.tif
EP3021802B1,F0003,/home/safe/Desktop/yassine/Vectorization/data/PatentData/ReorganisedData/EP3021802B1/EP3021802B1_F0003.tif
EP3493218A1,A0001,/home/safe/Desktop/yassine/Vectorization/data/PatentData/ReorganisedData/EP3493218A1/EP3493218A1_A0001.tif
EP3492419A1,F0002,/home/safe/Desktop/yassine/Vectorization/data/PatentData/ReorganisedData/EP3492419A1/EP3492419A1_F0002.tif
EP2383378B1,F0001,/home/safe/Desktop/yassine/Vectorization/data/PatentData/ReorganisedData/EP2383378B1/EP2383378B1_F0001.tif
EP3492020A1,F0004,/home/safe/Desktop/yassine/Vectorization/data/PatentData/ReorganisedData/EP3492020A1/EP3492020A1_F0004.tif
EP3501438A1,A0001,/home/safe/Desktop/yassine/Vectorization/data/PatentData/ReorganisedData/EP3501438A1/EP3501438A1_A0001.tif
EP3232642B1,F0001,/home/safe/Desktop/yassine/Vectorization/data/PatentData/ReorganisedData/EP3232642B1/EP3232642B1_F0001.tif
EP1622337B1,F0002,/home/safe/Desktop/yassine/Vectorization/data/PatentData/ReorganisedData/EP1622337B1/EP1622337B1_F0002.tif
EP3497962A1,WO2018031159A1_F0004,/home/safe/Desktop/yassine/Vectorization/data/PatentData/ReorganisedData/EP3497962A1/WO2018031159A1_F0004.tif
EP3498839A1,A0001,/home/safe/Desktop/yassine/Vectorization/data/PatentData/ReorganisedData/EP3498839A1/EP3498839A1_A0001.tif
EP3289643B1,F0001,/home/safe/Desktop/yassine/Vectorization/data/PatentData/ReorganisedData/EP3289643B1/EP3289643B1_F0001.tif
EP3499605A1,A0001,/home/safe/Desktop/yassine/Vectorization/data/PatentData/ReorganisedData/EP3499605A1/EP3499605A1_A0001.tif
EP2793034B1,F0002,/home/safe/Desktop/yassine/Vectorization/data/PatentData/ReorganisedData/EP2793034B1/EP2793034B1_F0002.tif
EP3498610A1,A0001,/home/safe/Desktop/yassine/Vectorization/data/PatentData/ReorganisedData/EP3498610A1/EP3498610A1_A0001.tif
EP3495950A1,F0004,/home/safe/Desktop/yassine/Vectorization/data/PatentData/ReorganisedData/EP3495950A1/EP3495950A1_F0004.tif
EP2363816B1,F0005,/home/safe/Desktop/yassine/Vectorization/data/PatentData/ReorganisedData/EP2363816B1/EP2363816B1_F0005.tif
EP3503204A2,A0001,/home/safe/Desktop/yassine/Vectorization/data/PatentData/ReorganisedData/EP3503204A2/EP3503204A2_A0001.tif
EP2919628B1,F0003,/home/safe/Desktop/yassine/Vectorization/data/PatentData/ReorganisedData/EP2919628B1/EP2919628B1_F0003.tif
EP3492231A1,F0002,/home/safe/Desktop/yassine/Vectorization/data/PatentData/ReorganisedData/EP3492231A1/EP3492231A1_F0002.tif
EP3495290A1,F0001,/home/safe/Desktop/yassine/Vectorization/data/PatentData/ReorganisedData/EP3495290A1/EP3495290A1_F0001.tif
EP3502043A1,F0001,/home/safe/Desktop/yassine/Vectorization/data/PatentData/ReorganisedData/EP3502043A1/EP3502043A1_F0001.tif
EP1895944B1,F0001,/home/safe/Desktop/yassine/Vectorization/data/PatentData/ReorganisedData/EP1895944B1/EP1895944B1_F0001.tif
EP3492173A2,A0001,/home/safe/Desktop/yassine/Vectorization/data/PatentData/ReorganisedData/EP3492173A2/EP3492173A2_A0001.tif
EP3503572A1,A0001,/home/safe/Desktop/yassine/Vectorization/data/PatentData/ReorganisedData/EP3503572A1/EP3503572A1_A0001.tif
EP3498096A1,A0001,/home/safe/Desktop/yassine/Vectorization/data/PatentData/ReorganisedData/EP3498096A1/EP3498096A1_A0001.tif
EP3501317A1,A0001,/home/safe/Desktop/yassine/Vectorization/data/PatentData/ReorganisedData/EP3501317A1/EP3501317A1_A0001.tif
EP3499431A1,A0001,/home/safe/Desktop/yassine/Vectorization/data/PatentData/ReorganisedData/EP3499431A1/EP3499431A1_A0001.tif
EP2543028B1,F0004,/home/safe/Desktop/yassine/Vectorization/data/PatentData/ReorganisedData/EP2543028B1/EP2543028B1_F0004.tif
EP3499099A1,A0001,/home/safe/Desktop/yassine/Vectorization/data/PatentData/ReorganisedData/EP3499099A1/EP3499099A1_A0001.tif
EP3501871A1,A0001,/home/safe/Desktop/yassine/Vectorization/data/PatentData/ReorganisedData/EP3501871A1/EP3501871A1_A0001.tif
EP3495480A1,F0001,/home/safe/Desktop/yassine/Vectorization/data/PatentData/ReorganisedData/EP3495480A1/EP3495480A1_F0001.tif
EP3492920A1,F0002,/home/safe/Desktop/yassine/Vectorization/data/PatentData/ReorganisedData/EP3492920A1/EP3492920A1_F0002.tif
EP3496013A1,F0001,/home/safe/Desktop/yassine/Vectorization/data/PatentData/ReorganisedData/EP3496013A1/EP3496013A1_F0001.tif
EP3126995B1,F0002,/home/safe/Desktop/yassine/Vectorization/data/PatentData/ReorganisedData/EP3126995B1/EP3126995B1_F0002.tif
EP3499307A1,F0004,/home/safe/Desktop/yassine/Vectorization/data/PatentData/ReorganisedData/EP3499307A1/EP3499307A1_F0004.tif
EP2666004B1,F0005,/home/safe/Desktop/yassine/Vectorization/data/PatentData/ReorganisedData/EP2666004B1/EP2666004B1_F0005.tif
EP3187689B1,F0001,/home/safe/Desktop/yassine/Vectorization/data/PatentData/ReorganisedData/EP3187689B1/EP3187689B1_F0001.tif
EP3140781B1,F0004,/home/safe/Desktop/yassine/Vectorization/data/PatentData/ReorganisedData/EP3140781B1/EP3140781B1_F0004.tif
EP3499815A1,F0005,/home/safe/Desktop/yassine/Vectorization/data/PatentData/ReorganisedData/EP3499815A1/EP3499815A1_F0005.tif
EP2804967B1,F0001,/home/safe/Desktop/yassine/Vectorization/data/PatentData/ReorganisedData/EP2804967B1/EP2804967B1_F0001.tif
EP3498739A1,F0001,/home/safe/Desktop/yassine/Vectorization/data/PatentData/ReorganisedData/EP3498739A1/EP3498739A1_F0001.tif
EP2905058B1,F0004,/home/safe/Desktop/yassine/Vectorization/data/PatentData/ReorganisedData/EP2905058B1/EP2905058B1_F0004.tif
EP3503218A1,F0001,/home/safe/Desktop/yassine/Vectorization/data/PatentData/ReorganisedData/EP3503218A1/EP3503218A1_F0001.tif
EP3503315A1,A0001,/home/safe/Desktop/yassine/Vectorization/data/PatentData/ReorganisedData/EP3503315A1/EP3503315A1_A0001.tif
EP2195696B1,F0001,/home/safe/Desktop/yassine/Vectorization/data/PatentData/ReorganisedData/EP2195696B1/EP2195696B1_F0001.tif
EP3023684B1,F0001,/home/safe/Desktop/yassine/Vectorization/data/PatentData/ReorganisedData/EP3023684B1/EP3023684B1_F0001.tif
EP2349903B1,F0001,/home/safe/Desktop/yassine/Vectorization/data/PatentData/ReorganisedData/EP2349903B1/EP2349903B1_F0001.tif
EP2986006B1,F0013,/home/safe/Desktop/yassine/Vectorization/data/PatentData/ReorganisedData/EP2986006B1/EP2986006B1_F0013.tif
EP3492117A1,A0001,/home/safe/Desktop/yassine/Vectorization/data/PatentData/ReorganisedData/EP3492117A1/EP3492117A1_A0001.tif
EP2592848B1,F0001,/home/safe/Desktop/yassine/Vectorization/data/PatentData/ReorganisedData/EP2592848B1/EP2592848B1_F0001.tif
EP3293330B1,F0001,/home/safe/Desktop/yassine/Vectorization/data/PatentData/ReorganisedData/EP3293330B1/EP3293330B1_F0001.tif
EP2824392B1,F0002,/home/safe/Desktop/yassine/Vectorization/data/PatentData/ReorganisedData/EP2824392B1/EP2824392B1_F0002.tif
EP2890018B1,F0001,/home/safe/Desktop/yassine/Vectorization/data/PatentData/ReorganisedData/EP2890018B1/EP2890018B1_F0001.tif
EP3218041B1,F0001,/home/safe/Desktop/yassine/Vectorization/data/PatentData/ReorganisedData/EP3218041B1/EP3218041B1_F0001.tif
EP2996765B1,F0010,/home/safe/Desktop/yassine/Vectorization/data/PatentData/ReorganisedData/EP2996765B1/EP2996765B1_F0010.tif
EP2031729B1,F0002,/home/safe/Desktop/yassine/Vectorization/data/PatentData/ReorganisedData/EP2031729B1/EP2031729B1_F0002.tif
EP2981952B1,F0002,/home/safe/Desktop/yassine/Vectorization/data/PatentData/ReorganisedData/EP2981952B1/EP2981952B1_F0002.tif
EP3503701A1,A0001,/home/safe/Desktop/yassine/Vectorization/data/PatentData/ReorganisedData/EP3503701A1/EP3503701A1_A0001.tif
EP2826667B1,F0001,/home/safe/Desktop/yassine/Vectorization/data/PatentData/ReorganisedData/EP2826667B1/EP2826667B1_F0001.tif
EP3361270B1,F0003,/home/safe/Desktop/yassine/Vectorization/data/PatentData/ReorganisedData/EP3361270B1/EP3361270B1_F0003.tif
EP3496458A1,F0001,/home/safe/Desktop/yassine/Vectorization/data/PatentData/ReorganisedData/EP3496458A1/EP3496458A1_F0001.tif
EP3222034B1,F0001,/home/safe/Desktop/yassine/Vectorization/data/PatentData/ReorganisedData/EP3222034B1/EP3222034B1_F0001.tif
EP3146722B1,F0009,/home/safe/Desktop/yassine/Vectorization/data/PatentData/ReorganisedData/EP3146722B1/EP3146722B1_F0009.tif
EP3143365B1,F0003,/home/safe/Desktop/yassine/Vectorization/data/PatentData/ReorganisedData/EP3143365B1/EP3143365B1_F0003.tif
EP3503170A1,F0003,/home/safe/Desktop/yassine/Vectorization/data/PatentData/ReorganisedData/EP3503170A1/EP3503170A1_F0003.tif
EP3030825B1,F0001,/home/safe/Desktop/yassine/Vectorization/data/PatentData/ReorganisedData/EP3030825B1/EP3030825B1_F0001.tif
EP3327084B1,F0001,/home/safe/Desktop/yassine/Vectorization/data/PatentData/ReorganisedData/EP3327084B1/EP3327084B1_F0001.tif
EP3081761B1,F0001,/home/safe/Desktop/yassine/Vectorization/data/PatentData/ReorganisedData/EP3081761B1/EP3081761B1_F0001.tif
EP2560410B1,F0002,/home/safe/Desktop/yassine/Vectorization/data/PatentData/ReorganisedData/EP2560410B1/EP2560410B1_F0002.tif
EP3275390B1,F0001,/home/safe/Desktop/yassine/Vectorization/data/PatentData/ReorganisedData/EP3275390B1/EP3275390B1_F0001.tif
EP3501802A1,F0003,/home/safe/Desktop/yassine/Vectorization/data/PatentData/ReorganisedData/EP3501802A1/EP3501802A1_F0003.tif
EP2420697B1,F0001,/home/safe/Desktop/yassine/Vectorization/data/PatentData/ReorganisedData/EP2420697B1/EP2420697B1_F0001.tif
EP3498162A1,F0003,/home/safe/Desktop/yassine/Vectorization/data/PatentData/ReorganisedData/EP3498162A1/EP3498162A1_F0003.tif
EP3054441B1,F0002,/home/safe/Desktop/yassine/Vectorization/data/PatentData/ReorganisedData/EP3054441B1/EP3054441B1_F0002.tif
EP1707345B1,F0001,/home/safe/Desktop/yassine/Vectorization/data/PatentData/ReorganisedData/EP1707345B1/EP1707345B1_F0001.tif
EP3019393B1,F0001,/home/safe/Desktop/yassine/Vectorization/data/PatentData/ReorganisedData/EP3019393B1/EP3019393B1_F0001.tif
EP3501415A2,F0002,/home/safe/Desktop/yassine/Vectorization/data/PatentData/ReorganisedData/EP3501415A2/EP3501415A2_F0002.tif
EP3498287A1,F0003,/home/safe/Desktop/yassine/Vectorization/data/PatentData/ReorganisedData/EP3498287A1/EP3498287A1_F0003.tif
EP2822209B1,F0002,/home/safe/Desktop/yassine/Vectorization/data/PatentData/ReorganisedData/EP2822209B1/EP2822209B1_F0002.tif
EP3493550A1,F0002,/home/safe/Desktop/yassine/Vectorization/data/PatentData/ReorganisedData/EP3493550A1/EP3493550A1_F0002.tif
EP3503080A1,A0001,/home/safe/Desktop/yassine/Vectorization/data/PatentData/ReorganisedData/EP3503080A1/EP3503080A1_A0001.tif
EP3363730B1,F0001,/home/safe/Desktop/yassine/Vectorization/data/PatentData/ReorganisedData/EP3363730B1/EP3363730B1_F0001.tif
EP3492086A1,F0002,/home/safe/Desktop/yassine/Vectorization/data/PatentData/ReorganisedData/EP3492086A1/EP3492086A1_F0002.tif
EP2375427B1,F0002,/home/safe/Desktop/yassine/Vectorization/data/PatentData/ReorganisedData/EP2375427B1/EP2375427B1_F0002.tif
EP3169782B1,F0001,/home/safe/Desktop/yassine/Vectorization/data/PatentData/ReorganisedData/EP3169782B1/EP3169782B1_F0001.tif
EP3173024B1,F0001,/home/safe/Desktop/yassine/Vectorization/data/PatentData/ReorganisedData/EP3173024B1/EP3173024B1_F0001.tif
EP3499755A1,F0003,/home/safe/Desktop/yassine/Vectorization/data/PatentData/ReorganisedData/EP3499755A1/EP3499755A1_F0003.tif
EP3315901B1,F0001,/home/safe/Desktop/yassine/Vectorization/data/PatentData/ReorganisedData/EP3315901B1/EP3315901B1_F0001.tif
EP2979271B1,F0002,/home/safe/Desktop/yassine/Vectorization/data/PatentData/ReorganisedData/EP2979271B1/EP2979271B1_F0002.tif
EP3498462A1,F0015,/home/safe/Desktop/yassine/Vectorization/data/PatentData/ReorganisedData/EP3498462A1/EP3498462A1_F0015.tif
EP3499260A1,F0001,/home/safe/Desktop/yassine/Vectorization/data/PatentData/ReorganisedData/EP3499260A1/EP3499260A1_F0001.tif
EP3498719A1,A0001,/home/safe/Desktop/yassine/Vectorization/data/PatentData/ReorganisedData/EP3498719A1/EP3498719A1_A0001.tif
EP3495044A1,A0001,/home/safe/Desktop/yassine/Vectorization/data/PatentData/ReorganisedData/EP3495044A1/EP3495044A1_A0001.tif
EP2887947B1,F0007,/home/safe/Desktop/yassine/Vectorization/data/PatentData/ReorganisedData/EP2887947B1/EP2887947B1_F0007.tif
EP2756584B1,F0001,/home/safe/Desktop/yassine/Vectorization/data/PatentData/ReorganisedData/EP2756584B1/EP2756584B1_F0001.tif
EP3501788A1,F0001,/home/safe/Desktop/yassine/Vectorization/data/PatentData/ReorganisedData/EP3501788A1/EP3501788A1_F0001.tif
EP3313710B1,F0002,/home/safe/Desktop/yassine/Vectorization/data/PatentData/ReorganisedData/EP3313710B1/EP3313710B1_F0002.tif
EP3110276B1,F0001,/home/safe/Desktop/yassine/Vectorization/data/PatentData/ReorganisedData/EP3110276B1/EP3110276B1_F0001.tif
EP3327997B1,F0002,/home/safe/Desktop/yassine/Vectorization/data/PatentData/ReorganisedData/EP3327997B1/EP3327997B1_F0002.tif
EP3493635A1,A0001,/home/safe/Desktop/yassine/Vectorization/data/PatentData/ReorganisedData/EP3493635A1/EP3493635A1_A0001.tif
EP2766529B1,F0001,/home/safe/Desktop/yassine/Vectorization/data/PatentData/ReorganisedData/EP2766529B1/EP2766529B1_F0001.tif
EP2591520B1,F0001,/home/safe/Desktop/yassine/Vectorization/data/PatentData/ReorganisedData/EP2591520B1/EP2591520B1_F0001.tif
EP3503019A1,A0001,/home/safe/Desktop/yassine/Vectorization/data/PatentData/ReorganisedData/EP3503019A1/EP3503019A1_A0001.tif
EP3301419B1,F0001,/home/safe/Desktop/yassine/Vectorization/data/PatentData/ReorganisedData/EP3301419B1/EP3301419B1_F0001.tif
EP3501669A1,F0004,/home/safe/Desktop/yassine/Vectorization/data/PatentData/ReorganisedData/EP3501669A1/EP3501669A1_F0004.tif
EP2100988B1,F0005,/home/safe/Desktop/yassine/Vectorization/data/PatentData/ReorganisedData/EP2100988B1/EP2100988B1_F0005.tif
EP3492195A1,A0001,/home/safe/Desktop/yassine/Vectorization/data/PatentData/ReorganisedData/EP3492195A1/EP3492195A1_A0001.tif
EP3500067A1,F0001,/home/safe/Desktop/yassine/Vectorization/data/PatentData/ReorganisedData/EP3500067A1/EP3500067A1_F0001.tif
EP2815131B2,F0001,/home/safe/Desktop/yassine/Vectorization/data/PatentData/ReorganisedData/EP2815131B2/EP2815131B2_F0001.tif
EP3492088A1,F0002,/home/safe/Desktop/yassine/Vectorization/data/PatentData/ReorganisedData/EP3492088A1/EP3492088A1_F0002.tif
EP3499062A1,F0001,/home/safe/Desktop/yassine/Vectorization/data/PatentData/ReorganisedData/EP3499062A1/EP3499062A1_F0001.tif
EP3501576A1,A0001,/home/safe/Desktop/yassine/Vectorization/data/PatentData/ReorganisedData/EP3501576A1/EP3501576A1_A0001.tif
EP3354754B1,F0001,/home/safe/Desktop/yassine/Vectorization/data/PatentData/ReorganisedData/EP3354754B1/EP3354754B1_F0001.tif
EP3493638A1,F0001,/home/safe/Desktop/yassine/Vectorization/data/PatentData/ReorganisedData/EP3493638A1/EP3493638A1_F0001.tif
EP2989495B1,F0001,/home/safe/Desktop/yassine/Vectorization/data/PatentData/ReorganisedData/EP2989495B1/EP2989495B1_F0001.tif
EP3132567B1,F0002,/home/safe/Desktop/yassine/Vectorization/data/PatentData/ReorganisedData/EP3132567B1/EP3132567B1_F0002.tif
EP3326681B1,F0002,/home/safe/Desktop/yassine/Vectorization/data/PatentData/ReorganisedData/EP3326681B1/EP3326681B1_F0002.tif
EP2978131B1,F0001,/home/safe/Desktop/yassine/Vectorization/data/PatentData/ReorganisedData/EP2978131B1/EP2978131B1_F0001.tif
EP2443974B1,F0001,/home/safe/Desktop/yassine/Vectorization/data/PatentData/ReorganisedData/EP2443974B1/EP2443974B1_F0001.tif
EP2276562B1,F0001,/home/safe/Desktop/yassine/Vectorization/data/PatentData/ReorganisedData/EP2276562B1/EP2276562B1_F0001.tif
EP3337242B1,F0001,/home/safe/Desktop/yassine/Vectorization/data/PatentData/ReorganisedData/EP3337242B1/EP3337242B1_F0001.tif
EP2334349B1,F0003,/home/safe/Desktop/yassine/Vectorization/data/PatentData/ReorganisedData/EP2334349B1/EP2334349B1_F0003.tif
EP1299902B1,F0001,/home/safe/Desktop/yassine/Vectorization/data/PatentData/ReorganisedData/EP1299902B1/EP1299902B1_F0001.tif
EP3495875A1,F0001,/home/safe/Desktop/yassine/Vectorization/data/PatentData/ReorganisedData/EP3495875A1/EP3495875A1_F0001.tif
EP2900723B1,F0005,/home/safe/Desktop/yassine/Vectorization/data/PatentData/ReorganisedData/EP2900723B1/EP2900723B1_F0005.tif
EP3106943B1,F0002,/home/safe/Desktop/yassine/Vectorization/data/PatentData/ReorganisedData/EP3106943B1/EP3106943B1_F0002.tif
EP3499640A1,A0001,/home/safe/Desktop/yassine/Vectorization/data/PatentData/ReorganisedData/EP3499640A1/EP3499640A1_A0001.tif
EP2597735B1,F0001,/home/safe/Desktop/yassine/Vectorization/data/PatentData/ReorganisedData/EP2597735B1/EP2597735B1_F0001.tif
EP3277351B1,F0004,/home/safe/Desktop/yassine/Vectorization/data/PatentData/ReorganisedData/EP3277351B1/EP3277351B1_F0004.tif
EP3501288A1,F0001,/home/safe/Desktop/yassine/Vectorization/data/PatentData/ReorganisedData/EP3501288A1/EP3501288A1_F0001.tif
EP1980713B1,F0001,/home/safe/Desktop/yassine/Vectorization/data/PatentData/ReorganisedData/EP1980713B1/EP1980713B1_F0001.tif
EP3495351A1,A0001,/home/safe/Desktop/yassine/Vectorization/data/PatentData/ReorganisedData/EP3495351A1/EP3495351A1_A0001.tif
EP3145439B1,F0003,/home/safe/Desktop/yassine/Vectorization/data/PatentData/ReorganisedData/EP3145439B1/EP3145439B1_F0003.tif
EP2330613B1,F0002,/home/safe/Desktop/yassine/Vectorization/data/PatentData/ReorganisedData/EP2330613B1/EP2330613B1_F0002.tif
EP3502012A1,F0001,/home/safe/Desktop/yassine/Vectorization/data/PatentData/ReorganisedData/EP3502012A1/EP3502012A1_F0001.tif
EP2967634B1,F0001,/home/safe/Desktop/yassine/Vectorization/data/PatentData/ReorganisedData/EP2967634B1/EP2967634B1_F0001.tif
EP1947561B1,F0001,/home/safe/Desktop/yassine/Vectorization/data/PatentData/ReorganisedData/EP1947561B1/EP1947561B1_F0001.tif
EP3456663A3,A0001,/home/safe/Desktop/yassine/Vectorization/data/PatentData/ReorganisedData/EP3456663A3/EP3456663A3_A0001.tif
EP2307849B1,F0001,/home/safe/Desktop/yassine/Vectorization/data/PatentData/ReorganisedData/EP2307849B1/EP2307849B1_F0001.tif
EP3492272A1,A0001,/home/safe/Desktop/yassine/Vectorization/data/PatentData/ReorganisedData/EP3492272A1/EP3492272A1_A0001.tif
EP3501909A1,A0001,/home/safe/Desktop/yassine/Vectorization/data/PatentData/ReorganisedData/EP3501909A1/EP3501909A1_A0001.tif
EP3498275A1,F0003,/home/safe/Desktop/yassine/Vectorization/data/PatentData/ReorganisedData/EP3498275A1/EP3498275A1_F0003.tif
EP3255091B1,F0001,/home/safe/Desktop/yassine/Vectorization/data/PatentData/ReorganisedData/EP3255091B1/EP3255091B1_F0001.tif
EP3358266B1,F0002,/home/safe/Desktop/yassine/Vectorization/data/PatentData/ReorganisedData/EP3358266B1/EP3358266B1_F0002.tif
EP3192914B1,F0001,/home/safe/Desktop/yassine/Vectorization/data/PatentData/ReorganisedData/EP3192914B1/EP3192914B1_F0001.tif
EP3255215B1,F0001,/home/safe/Desktop/yassine/Vectorization/data/PatentData/ReorganisedData/EP3255215B1/EP3255215B1_F0001.tif
EP3351216B1,F0002,/home/safe/Desktop/yassine/Vectorization/data/PatentData/ReorganisedData/EP3351216B1/EP3351216B1_F0002.tif
EP3066793B1,F0001,/home/safe/Desktop/yassine/Vectorization/data/PatentData/ReorganisedData/EP3066793B1/EP3066793B1_F0001.tif
EP3120354B1,F0001,/home/safe/Desktop/yassine/Vectorization/data/PatentData/ReorganisedData/EP3120354B1/EP3120354B1_F0001.tif
EP2731003B1,F0003,/home/safe/Desktop/yassine/Vectorization/data/PatentData/ReorganisedData/EP2731003B1/EP2731003B1_F0003.tif
EP3493368A1,A0001,/home/safe/Desktop/yassine/Vectorization/data/PatentData/ReorganisedData/EP3493368A1/EP3493368A1_A0001.tif
EP3298938B1,F0001,/home/safe/Desktop/yassine/Vectorization/data/PatentData/ReorganisedData/EP3298938B1/EP3298938B1_F0001.tif
EP1537648B1,F0001,/home/safe/Desktop/yassine/Vectorization/data/PatentData/ReorganisedData/EP1537648B1/EP1537648B1_F0001.tif
EP3492940A1,A0002,/home/safe/Desktop/yassine/Vectorization/data/PatentData/ReorganisedData/EP3492940A1/EP3492940A1_A0002.tif
EP3501759A1,F0001,/home/safe/Desktop/yassine/Vectorization/data/PatentData/ReorganisedData/EP3501759A1/EP3501759A1_F0001.tif
EP3025218B1,F0002,/home/safe/Desktop/yassine/Vectorization/data/PatentData/ReorganisedData/EP3025218B1/EP3025218B1_F0002.tif
EP3493573A1,A0001,/home/safe/Desktop/yassine/Vectorization/data/PatentData/ReorganisedData/EP3493573A1/EP3493573A1_A0001.tif
EP3134130B1,F0002,/home/safe/Desktop/yassine/Vectorization/data/PatentData/ReorganisedData/EP3134130B1/EP3134130B1_F0002.tif
EP3498680A1,F0004,/home/safe/Desktop/yassine/Vectorization/data/PatentData/ReorganisedData/EP3498680A1/EP3498680A1_F0004.tif
EP3502675A1,F0002,/home/safe/Desktop/yassine/Vectorization/data/PatentData/ReorganisedData/EP3502675A1/EP3502675A1_F0002.tif
EP3492535A1,F0001,/home/safe/Desktop/yassine/Vectorization/data/PatentData/ReorganisedData/EP3492535A1/EP3492535A1_F0001.tif
EP3498650A2,F0001,/home/safe/Desktop/yassine/Vectorization/data/PatentData/ReorganisedData/EP3498650A2/EP3498650A2_F0001.tif
EP2897079B1,F0002,/home/safe/Desktop/yassine/Vectorization/data/PatentData/ReorganisedData/EP2897079B1/EP2897079B1_F0002.tif
EP2457132B1,F0002,/home/safe/Desktop/yassine/Vectorization/data/PatentData/ReorganisedData/EP2457132B1/EP2457132B1_F0002.tif
EP2139398B1,F0001,/home/safe/Desktop/yassine/Vectorization/data/PatentData/ReorganisedData/EP2139398B1/EP2139398B1_F0001.tif
EP3502243A1,F0001,/home/safe/Desktop/yassine/Vectorization/data/PatentData/ReorganisedData/EP3502243A1/EP3502243A1_F0001.tif
EP3492965A1,F0001,/home/safe/Desktop/yassine/Vectorization/data/PatentData/ReorganisedData/EP3492965A1/EP3492965A1_F0001.tif
EP3207279B1,F0001,/home/safe/Desktop/yassine/Vectorization/data/PatentData/ReorganisedData/EP3207279B1/EP3207279B1_F0001.tif
EP3492982A1,F0001,/home/safe/Desktop/yassine/Vectorization/data/PatentData/ReorganisedData/EP3492982A1/EP3492982A1_F0001.tif
EP2695697B1,F0001,/home/safe/Desktop/yassine/Vectorization/data/PatentData/ReorganisedData/EP2695697B1/EP2695697B1_F0001.tif
EP2768235B1,F0002,/home/safe/Desktop/yassine/Vectorization/data/PatentData/ReorganisedData/EP2768235B1/EP2768235B1_F0002.tif
EP3122639B1,F0001,/home/safe/Desktop/yassine/Vectorization/data/PatentData/ReorganisedData/EP3122639B1/EP3122639B1_F0001.tif
EP2799582B1,F0001,/home/safe/Desktop/yassine/Vectorization/data/PatentData/ReorganisedData/EP2799582B1/EP2799582B1_F0001.tif
EP3135149B1,F0001,/home/safe/Desktop/yassine/Vectorization/data/PatentData/ReorganisedData/EP3135149B1/EP3135149B1_F0001.tif
EP3498303A1,F0001,/home/safe/Desktop/yassine/Vectorization/data/PatentData/ReorganisedData/EP3498303A1/EP3498303A1_F0001.tif
EP2952064B1,F0001,/home/safe/Desktop/yassine/Vectorization/data/PatentData/ReorganisedData/EP2952064B1/EP2952064B1_F0001.tif
EP3502303A1,A0001,/home/safe/Desktop/yassine/Vectorization/data/PatentData/ReorganisedData/EP3502303A1/EP3502303A1_A0001.tif
EP3157231B1,F0001,/home/safe/Desktop/yassine/Vectorization/data/PatentData/ReorganisedData/EP3157231B1/EP3157231B1_F0001.tif
EP3175998B1,F0002,/home/safe/Desktop/yassine/Vectorization/data/PatentData/ReorganisedData/EP3175998B1/EP3175998B1_F0002.tif
EP2470499B1,F0001,/home/safe/Desktop/yassine/Vectorization/data/PatentData/ReorganisedData/EP2470499B1/EP2470499B1_F0001.tif
EP3499152A1,A0001,/home/safe/Desktop/yassine/Vectorization/data/PatentData/ReorganisedData/EP3499152A1/EP3499152A1_A0001.tif
EP3492867A1,F0005,/home/safe/Desktop/yassine/Vectorization/data/PatentData/ReorganisedData/EP3492867A1/EP3492867A1_F0005.tif
EP2365935B1,F0001,/home/safe/Desktop/yassine/Vectorization/data/PatentData/ReorganisedData/EP2365935B1/EP2365935B1_F0001.tif
EP3492274A1,F0001,/home/safe/Desktop/yassine/Vectorization/data/PatentData/ReorganisedData/EP3492274A1/EP3492274A1_F0001.tif
EP2855528B1,F0001,/home/safe/Desktop/yassine/Vectorization/data/PatentData/ReorganisedData/EP2855528B1/EP2855528B1_F0001.tif
EP3079754B1,F0001,/home/safe/Desktop/yassine/Vectorization/data/PatentData/ReorganisedData/EP3079754B1/EP3079754B1_F0001.tif
EP2836197B1,F0001,/home/safe/Desktop/yassine/Vectorization/data/PatentData/ReorganisedData/EP2836197B1/EP2836197B1_F0001.tif
EP3135582B1,F0001,/home/safe/Desktop/yassine/Vectorization/data/PatentData/ReorganisedData/EP3135582B1/EP3135582B1_F0001.tif
EP3345032B1,F0002,/home/safe/Desktop/yassine/Vectorization/data/PatentData/ReorganisedData/EP3345032B1/EP3345032B1_F0002.tif
EP3490990A1,WO2018026798A1_F0002,/home/safe/Desktop/yassine/Vectorization/data/PatentData/ReorganisedData/EP3490990A1/WO2018026798A1_F0002.tif
EP3167278B1,F0015,/home/safe/Desktop/yassine/Vectorization/data/PatentData/ReorganisedData/EP3167278B1/EP3167278B1_F0015.tif
EP3499932A1,F0001,/home/safe/Desktop/yassine/Vectorization/data/PatentData/ReorganisedData/EP3499932A1/EP3499932A1_F0001.tif
EP3502330A1,A0001,/home/safe/Desktop/yassine/Vectorization/data/PatentData/ReorganisedData/EP3502330A1/EP3502330A1_A0001.tif
EP2875529B1,F0001,/home/safe/Desktop/yassine/Vectorization/data/PatentData/ReorganisedData/EP2875529B1/EP2875529B1_F0001.tif
EP3494884A1,F0005,/home/safe/Desktop/yassine/Vectorization/data/PatentData/ReorganisedData/EP3494884A1/EP3494884A1_F0005.tif
EP3501425A1,A0001,/home/safe/Desktop/yassine/Vectorization/data/PatentData/ReorganisedData/EP3501425A1/EP3501425A1_A0001.tif
EP3493066A1,A0001,/home/safe/Desktop/yassine/Vectorization/data/PatentData/ReorganisedData/EP3493066A1/EP3493066A1_A0001.tif
EP3239440B1,F0001,/home/safe/Desktop/yassine/Vectorization/data/PatentData/ReorganisedData/EP3239440B1/EP3239440B1_F0001.tif
EP3178413B1,F0001,/home/safe/Desktop/yassine/Vectorization/data/PatentData/ReorganisedData/EP3178413B1/EP3178413B1_F0001.tif
EP2721405B1,F0003,/home/safe/Desktop/yassine/Vectorization/data/PatentData/ReorganisedData/EP2721405B1/EP2721405B1_F0003.tif
EP3502760A1,F0001,/home/safe/Desktop/yassine/Vectorization/data/PatentData/ReorganisedData/EP3502760A1/EP3502760A1_F0001.tif
EP2631748B1,F0003,/home/safe/Desktop/yassine/Vectorization/data/PatentData/ReorganisedData/EP2631748B1/EP2631748B1_F0003.tif
EP2234926B1,F0001,/home/safe/Desktop/yassine/Vectorization/data/PatentData/ReorganisedData/EP2234926B1/EP2234926B1_F0001.tif
EP3341545B1,F0001,/home/safe/Desktop/yassine/Vectorization/data/PatentData/ReorganisedData/EP3341545B1/EP3341545B1_F0001.tif
EP3502844A1,A0001,/home/safe/Desktop/yassine/Vectorization/data/PatentData/ReorganisedData/EP3502844A1/EP3502844A1_A0001.tif
EP3495330A1,F0001,/home/safe/Desktop/yassine/Vectorization/data/PatentData/ReorganisedData/EP3495330A1/EP3495330A1_F0001.tif
EP2708867B1,F0001,/home/safe/Desktop/yassine/Vectorization/data/PatentData/ReorganisedData/EP2708867B1/EP2708867B1_F0001.tif
EP3047165B1,F0001,/home/safe/Desktop/yassine/Vectorization/data/PatentData/ReorganisedData/EP3047165B1/EP3047165B1_F0001.tif
EP2790833B1,F0003,/home/safe/Desktop/yassine/Vectorization/data/PatentData/ReorganisedData/EP2790833B1/EP2790833B1_F0003.tif
EP2873480B1,F0001,/home/safe/Desktop/yassine/Vectorization/data/PatentData/ReorganisedData/EP2873480B1/EP2873480B1_F0001.tif
EP3498170A1,A0001,/home/safe/Desktop/yassine/Vectorization/data/PatentData/ReorganisedData/EP3498170A1/EP3498170A1_A0001.tif
EP3493044A1,F0002,/home/safe/Desktop/yassine/Vectorization/data/PatentData/ReorganisedData/EP3493044A1/EP3493044A1_F0002.tif
EP3495226A1,F0001,/home/safe/Desktop/yassine/Vectorization/data/PatentData/ReorganisedData/EP3495226A1/EP3495226A1_F0001.tif
EP2982060B1,F0001,/home/safe/Desktop/yassine/Vectorization/data/PatentData/ReorganisedData/EP2982060B1/EP2982060B1_F0001.tif
EP3495775A1,F0010,/home/safe/Desktop/yassine/Vectorization/data/PatentData/ReorganisedData/EP3495775A1/EP3495775A1_F0010.tif
EP2222725B1,F0001,/home/safe/Desktop/yassine/Vectorization/data/PatentData/ReorganisedData/EP2222725B1/EP2222725B1_F0001.tif
EP3278274B1,F0001,/home/safe/Desktop/yassine/Vectorization/data/PatentData/ReorganisedData/EP3278274B1/EP3278274B1_F0001.tif
EP2579608B1,F0001,/home/safe/Desktop/yassine/Vectorization/data/PatentData/ReorganisedData/EP2579608B1/EP2579608B1_F0001.tif
EP3016605B1,F0001,/home/safe/Desktop/yassine/Vectorization/data/PatentData/ReorganisedData/EP3016605B1/EP3016605B1_F0001.tif
EP3499427A1,F0001,/home/safe/Desktop/yassine/Vectorization/data/PatentData/ReorganisedData/EP3499427A1/EP3499427A1_F0001.tif
EP2797957B1,F0008,/home/safe/Desktop/yassine/Vectorization/data/PatentData/ReorganisedData/EP2797957B1/EP2797957B1_F0008.tif
EP3099902B1,F0002,/home/safe/Desktop/yassine/Vectorization/data/PatentData/ReorganisedData/EP3099902B1/EP3099902B1_F0002.tif
EP3497963A1,WO2018031160A1_F0004,/home/safe/Desktop/yassine/Vectorization/data/PatentData/ReorganisedData/EP3497963A1/WO2018031160A1_F0004.tif
EP3493059A1,F0003,/home/safe/Desktop/yassine/Vectorization/data/PatentData/ReorganisedData/EP3493059A1/EP3493059A1_F0003.tif
EP3143854B1,F0001,/home/safe/Desktop/yassine/Vectorization/data/PatentData/ReorganisedData/EP3143854B1/EP3143854B1_F0001.tif
EP3286593B1,F0001,/home/safe/Desktop/yassine/Vectorization/data/PatentData/ReorganisedData/EP3286593B1/EP3286593B1_F0001.tif
EP3031334B1,F0001,/home/safe/Desktop/yassine/Vectorization/data/PatentData/ReorganisedData/EP3031334B1/EP3031334B1_F0001.tif
EP3270142B1,F0001,/home/safe/Desktop/yassine/Vectorization/data/PatentData/ReorganisedData/EP3270142B1/EP3270142B1_F0001.tif
EP3499196A1,F0001,/home/safe/Desktop/yassine/Vectorization/data/PatentData/ReorganisedData/EP3499196A1/EP3499196A1_F0001.tif
EP3498612A2,F0001,/home/safe/Desktop/yassine/Vectorization/data/PatentData/ReorganisedData/EP3498612A2/EP3498612A2_F0001.tif
EP2664066B1,F0001,/home/safe/Desktop/yassine/Vectorization/data/PatentData/ReorganisedData/EP2664066B1/EP2664066B1_F0001.tif
EP3498642A1,A0001,/home/safe/Desktop/yassine/Vectorization/data/PatentData/ReorganisedData/EP3498642A1/EP3498642A1_A0001.tif
EP2760145B1,F0001,/home/safe/Desktop/yassine/Vectorization/data/PatentData/ReorganisedData/EP2760145B1/EP2760145B1_F0001.tif
EP3498991A1,F0003,/home/safe/Desktop/yassine/Vectorization/data/PatentData/ReorganisedData/EP3498991A1/EP3498991A1_F0003.tif
EP3496028A1,F0003,/home/safe/Desktop/yassine/Vectorization/data/PatentData/ReorganisedData/EP3496028A1/EP3496028A1_F0003.tif
EP2506512B1,F0001,/home/safe/Desktop/yassine/Vectorization/data/PatentData/ReorganisedData/EP2506512B1/EP2506512B1_F0001.tif
EP3493231A1,A0001,/home/safe/Desktop/yassine/Vectorization/data/PatentData/ReorganisedData/EP3493231A1/EP3493231A1_A0001.tif
EP3018989B1,F0002,/home/safe/Desktop/yassine/Vectorization/data/PatentData/ReorganisedData/EP3018989B1/EP3018989B1_F0002.tif
EP3499982A1,A0001,/home/safe/Desktop/yassine/Vectorization/data/PatentData/ReorganisedData/EP3499982A1/EP3499982A1_A0001.tif
EP3493526A1,F0006,/home/safe/Desktop/yassine/Vectorization/data/PatentData/ReorganisedData/EP3493526A1/EP3493526A1_F0006.tif
EP3499342A1,F0001,/home/safe/Desktop/yassine/Vectorization/data/PatentData/ReorganisedData/EP3499342A1/EP3499342A1_F0001.tif
EP3255547B1,F0001,/home/safe/Desktop/yassine/Vectorization/data/PatentData/ReorganisedData/EP3255547B1/EP3255547B1_F0001.tif
EP3492678A1,A0001,/home/safe/Desktop/yassine/Vectorization/data/PatentData/ReorganisedData/EP3492678A1/EP3492678A1_A0001.tif
EP3213743B1,F0001,/home/safe/Desktop/yassine/Vectorization/data/PatentData/ReorganisedData/EP3213743B1/EP3213743B1_F0001.tif
EP3289574B1,F0003,/home/safe/Desktop/yassine/Vectorization/data/PatentData/ReorganisedData/EP3289574B1/EP3289574B1_F0003.tif
EP3503104A1,F0006,/home/safe/Desktop/yassine/Vectorization/data/PatentData/ReorganisedData/EP3503104A1/EP3503104A1_F0006.tif
EP3097287B1,F0002,/home/safe/Desktop/yassine/Vectorization/data/PatentData/ReorganisedData/EP3097287B1/EP3097287B1_F0002.tif
EP2954613B1,F0003,/home/safe/Desktop/yassine/Vectorization/data/PatentData/ReorganisedData/EP2954613B1/EP2954613B1_F0003.tif
EP2417360B1,F0001,/home/safe/Desktop/yassine/Vectorization/data/PatentData/ReorganisedData/EP2417360B1/EP2417360B1_F0001.tif
EP3134330B1,F0001,/home/safe/Desktop/yassine/Vectorization/data/PatentData/ReorganisedData/EP3134330B1/EP3134330B1_F0001.tif
EP3495665A1,A0001,/home/safe/Desktop/yassine/Vectorization/data/PatentData/ReorganisedData/EP3495665A1/EP3495665A1_A0001.tif
EP3493574A1,F0003,/home/safe/Desktop/yassine/Vectorization/data/PatentData/ReorganisedData/EP3493574A1/EP3493574A1_F0003.tif
EP2722989B1,F0011,/home/safe/Desktop/yassine/Vectorization/data/PatentData/ReorganisedData/EP2722989B1/EP2722989B1_F0011.tif
EP3494125A1,WO2018026781A1_F0001,/home/safe/Desktop/yassine/Vectorization/data/PatentData/ReorganisedData/EP3494125A1/WO2018026781A1_F0001.tif
EP3503421A1,A0001,/home/safe/Desktop/yassine/Vectorization/data/PatentData/ReorganisedData/EP3503421A1/EP3503421A1_A0001.tif
EP3244837B1,F0001,/home/safe/Desktop/yassine/Vectorization/data/PatentData/ReorganisedData/EP3244837B1/EP3244837B1_F0001.tif
EP3305875B1,F0001,/home/safe/Desktop/yassine/Vectorization/data/PatentData/ReorganisedData/EP3305875B1/EP3305875B1_F0001.tif
EP3502697A1,F0002,/home/safe/Desktop/yassine/Vectorization/data/PatentData/ReorganisedData/EP3502697A1/EP3502697A1_F0002.tif
EP2879733B1,F0001,/home/safe/Desktop/yassine/Vectorization/data/PatentData/ReorganisedData/EP2879733B1/EP2879733B1_F0001.tif
EP2339559B1,F0001,/home/safe/Desktop/yassine/Vectorization/data/PatentData/ReorganisedData/EP2339559B1/EP2339559B1_F0001.tif
EP3218033B1,F0003,/home/safe/Desktop/yassine/Vectorization/data/PatentData/ReorganisedData/EP3218033B1/EP3218033B1_F0003.tif
EP2775660B1,F0002,/home/safe/Desktop/yassine/Vectorization/data/PatentData/ReorganisedData/EP2775660B1/EP2775660B1_F0002.tif
EP3502362A1,F0003,/home/safe/Desktop/yassine/Vectorization/data/PatentData/ReorganisedData/EP3502362A1/EP3502362A1_F0003.tif
EP3503670A1,F0005,/home/safe/Desktop/yassine/Vectorization/data/PatentData/ReorganisedData/EP3503670A1/EP3503670A1_F0005.tif
EP2535954B1,F0003,/home/safe/Desktop/yassine/Vectorization/data/PatentData/ReorganisedData/EP2535954B1/EP2535954B1_F0003.tif
EP3325463B1,F0003,/home/safe/Desktop/yassine/Vectorization/data/PatentData/ReorganisedData/EP3325463B1/EP3325463B1_F0003.tif
EP3498460A1,A0001,/home/safe/Desktop/yassine/Vectorization/data/PatentData/ReorganisedData/EP3498460A1/EP3498460A1_A0001.tif
EP3252282B1,F0001,/home/safe/Desktop/yassine/Vectorization/data/PatentData/ReorganisedData/EP3252282B1/EP3252282B1_F0001.tif
EP3053675B1,F0001,/home/safe/Desktop/yassine/Vectorization/data/PatentData/ReorganisedData/EP3053675B1/EP3053675B1_F0001.tif
EP2817588B1,F0004,/home/safe/Desktop/yassine/Vectorization/data/PatentData/ReorganisedData/EP2817588B1/EP2817588B1_F0004.tif
EP3490953A1,WO2018022819A1_F0005,/home/safe/Desktop/yassine/Vectorization/data/PatentData/ReorganisedData/EP3490953A1/WO2018022819A1_F0005.tif
EP2829006B1,F0001,/home/safe/Desktop/yassine/Vectorization/data/PatentData/ReorganisedData/EP2829006B1/EP2829006B1_F0001.tif
EP3502951A1,A0001,/home/safe/Desktop/yassine/Vectorization/data/PatentData/ReorganisedData/EP3502951A1/EP3502951A1_A0001.tif
EP3498279A1,F0001,/home/safe/Desktop/yassine/Vectorization/data/PatentData/ReorganisedData/EP3498279A1/EP3498279A1_F0001.tif
EP3498964A1,A0001,/home/safe/Desktop/yassine/Vectorization/data/PatentData/ReorganisedData/EP3498964A1/EP3498964A1_A0001.tif
EP3492336A1,A0001,/home/safe/Desktop/yassine/Vectorization/data/PatentData/ReorganisedData/EP3492336A1/EP3492336A1_A0001.tif
EP3325836B1,F0001,/home/safe/Desktop/yassine/Vectorization/data/PatentData/ReorganisedData/EP3325836B1/EP3325836B1_F0001.tif
EP3491961A1,A0001,/home/safe/Desktop/yassine/Vectorization/data/PatentData/ReorganisedData/EP3491961A1/EP3491961A1_A0001.tif
EP3499779A1,F0003,/home/safe/Desktop/yassine/Vectorization/data/PatentData/ReorganisedData/EP3499779A1/EP3499779A1_F0003.tif
EP3502633A1,A0002,/home/safe/Desktop/yassine/Vectorization/data/PatentData/ReorganisedData/EP3502633A1/EP3502633A1_A0002.tif
EP3284946B1,F0004,/home/safe/Desktop/yassine/Vectorization/data/PatentData/ReorganisedData/EP3284946B1/EP3284946B1_F0004.tif
EP3492658A1,A0001,/home/safe/Desktop/yassine/Vectorization/data/PatentData/ReorganisedData/EP3492658A1/EP3492658A1_A0001.tif
EP3502811A1,F0001,/home/safe/Desktop/yassine/Vectorization/data/PatentData/ReorganisedData/EP3502811A1/EP3502811A1_F0001.tif
EP3272682B1,F0001,/home/safe/Desktop/yassine/Vectorization/data/PatentData/ReorganisedData/EP3272682B1/EP3272682B1_F0001.tif
EP3492725A1,A0001,/home/safe/Desktop/yassine/Vectorization/data/PatentData/ReorganisedData/EP3492725A1/EP3492725A1_A0001.tif
EP3499996A1,F0005,/home/safe/Desktop/yassine/Vectorization/data/PatentData/ReorganisedData/EP3499996A1/EP3499996A1_F0005.tif
EP3498458A1,A0001,/home/safe/Desktop/yassine/Vectorization/data/PatentData/ReorganisedData/EP3498458A1/EP3498458A1_A0001.tif
EP2439461B1,F0001,/home/safe/Desktop/yassine/Vectorization/data/PatentData/ReorganisedData/EP2439461B1/EP2439461B1_F0001.tif
EP3138975B1,F0001,/home/safe/Desktop/yassine/Vectorization/data/PatentData/ReorganisedData/EP3138975B1/EP3138975B1_F0001.tif
EP2592280B1,F0004,/home/safe/Desktop/yassine/Vectorization/data/PatentData/ReorganisedData/EP2592280B1/EP2592280B1_F0004.tif
EP3116790B1,F0001,/home/safe/Desktop/yassine/Vectorization/data/PatentData/ReorganisedData/EP3116790B1/EP3116790B1_F0001.tif
EP3075221B1,F0001,/home/safe/Desktop/yassine/Vectorization/data/PatentData/ReorganisedData/EP3075221B1/EP3075221B1_F0001.tif
EP3312217B1,F0001,/home/safe/Desktop/yassine/Vectorization/data/PatentData/ReorganisedData/EP3312217B1/EP3312217B1_F0001.tif
EP3496348A1,F0005,/home/safe/Desktop/yassine/Vectorization/data/PatentData/ReorganisedData/EP3496348A1/EP3496348A1_F0005.tif
EP2736271B1,F0001,/home/safe/Desktop/yassine/Vectorization/data/PatentData/ReorganisedData/EP2736271B1/EP2736271B1_F0001.tif
EP3499663A1,A0001,/home/safe/Desktop/yassine/Vectorization/data/PatentData/ReorganisedData/EP3499663A1/EP3499663A1_A0001.tif
EP3244765B1,F0001,/home/safe/Desktop/yassine/Vectorization/data/PatentData/ReorganisedData/EP3244765B1/EP3244765B1_F0001.tif
EP3496114A1,A0001,/home/safe/Desktop/yassine/Vectorization/data/PatentData/ReorganisedData/EP3496114A1/EP3496114A1_A0001.tif
EP1941762B1,F0001,/home/safe/Desktop/yassine/Vectorization/data/PatentData/ReorganisedData/EP1941762B1/EP1941762B1_F0001.tif
EP3494857A1,F0001,/home/safe/Desktop/yassine/Vectorization/data/PatentData/ReorganisedData/EP3494857A1/EP3494857A1_F0001.tif
EP3296907B1,F0004,/home/safe/Desktop/yassine/Vectorization/data/PatentData/ReorganisedData/EP3296907B1/EP3296907B1_F0004.tif
EP3325285B1,F0001,/home/safe/Desktop/yassine/Vectorization/data/PatentData/ReorganisedData/EP3325285B1/EP3325285B1_F0001.tif
EP2943946B1,F0001,/home/safe/Desktop/yassine/Vectorization/data/PatentData/ReorganisedData/EP2943946B1/EP2943946B1_F0001.tif
EP2665892B1,F0001,/home/safe/Desktop/yassine/Vectorization/data/PatentData/ReorganisedData/EP2665892B1/EP2665892B1_F0001.tif
EP3496385A1,A0001,/home/safe/Desktop/yassine/Vectorization/data/PatentData/ReorganisedData/EP3496385A1/EP3496385A1_A0001.tif
EP2822641B1,F0003,/home/safe/Desktop/yassine/Vectorization/data/PatentData/ReorganisedData/EP2822641B1/EP2822641B1_F0003.tif
EP3495579A1,A0001,/home/safe/Desktop/yassine/Vectorization/data/PatentData/ReorganisedData/EP3495579A1/EP3495579A1_A0001.tif
EP2456314B1,F0001,/home/safe/Desktop/yassine/Vectorization/data/PatentData/ReorganisedData/EP2456314B1/EP2456314B1_F0001.tif
EP3347603B1,F0001,/home/safe/Desktop/yassine/Vectorization/data/PatentData/ReorganisedData/EP3347603B1/EP3347603B1_F0001.tif
EP3003077B1,F0011,/home/safe/Desktop/yassine/Vectorization/data/PatentData/ReorganisedData/EP3003077B1/EP3003077B1_F0011.tif
EP3496407A1,F0002,/home/safe/Desktop/yassine/Vectorization/data/PatentData/ReorganisedData/EP3496407A1/EP3496407A1_F0002.tif
EP2616267B1,F0001,/home/safe/Desktop/yassine/Vectorization/data/PatentData/ReorganisedData/EP2616267B1/EP2616267B1_F0001.tif
EP3419036B1,F0001,/home/safe/Desktop/yassine/Vectorization/data/PatentData/ReorganisedData/EP3419036B1/EP3419036B1_F0001.tif
EP1814217B1,F0005,/home/safe/Desktop/yassine/Vectorization/data/PatentData/ReorganisedData/EP1814217B1/EP1814217B1_F0005.tif
EP3502741A2,F0002,/home/safe/Desktop/yassine/Vectorization/data/PatentData/ReorganisedData/EP3502741A2/EP3502741A2_F0002.tif
EP2473170B1,F0001,/home/safe/Desktop/yassine/Vectorization/data/PatentData/ReorganisedData/EP2473170B1/EP2473170B1_F0001.tif
EP3492834A1,A0001,/home/safe/Desktop/yassine/Vectorization/data/PatentData/ReorganisedData/EP3492834A1/EP3492834A1_A0001.tif
EP2991469B1,F0001,/home/safe/Desktop/yassine/Vectorization/data/PatentData/ReorganisedData/EP2991469B1/EP2991469B1_F0001.tif
EP2052530B1,F0001,/home/safe/Desktop/yassine/Vectorization/data/PatentData/ReorganisedData/EP2052530B1/EP2052530B1_F0001.tif
EP3281262B1,F0002,/home/safe/Desktop/yassine/Vectorization/data/PatentData/ReorganisedData/EP3281262B1/EP3281262B1_F0002.tif
EP3502937A1,A0001,/home/safe/Desktop/yassine/Vectorization/data/PatentData/ReorganisedData/EP3502937A1/EP3502937A1_A0001.tif
EP2352044B1,F0001,/home/safe/Desktop/yassine/Vectorization/data/PatentData/ReorganisedData/EP2352044B1/EP2352044B1_F0001.tif
EP3384083B1,F0001,/home/safe/Desktop/yassine/Vectorization/data/PatentData/ReorganisedData/EP3384083B1/EP3384083B1_F0001.tif
EP1685739B1,F0001,/home/safe/Desktop/yassine/Vectorization/data/PatentData/ReorganisedData/EP1685739B1/EP1685739B1_F0001.tif
EP2762723B1,F0001,/home/safe/Desktop/yassine/Vectorization/data/PatentData/ReorganisedData/EP2762723B1/EP2762723B1_F0001.tif
EP3503657A1,F0004,/home/safe/Desktop/yassine/Vectorization/data/PatentData/ReorganisedData/EP3503657A1/EP3503657A1_F0004.tif
EP3252964B1,F0002,/home/safe/Desktop/yassine/Vectorization/data/PatentData/ReorganisedData/EP3252964B1/EP3252964B1_F0002.tif
EP2850525B1,F0001,/home/safe/Desktop/yassine/Vectorization/data/PatentData/ReorganisedData/EP2850525B1/EP2850525B1_F0001.tif
EP3150180B1,F0001,/home/safe/Desktop/yassine/Vectorization/data/PatentData/ReorganisedData/EP3150180B1/EP3150180B1_F0001.tif
EP1683275B1,F0005,/home/safe/Desktop/yassine/Vectorization/data/PatentData/ReorganisedData/EP1683275B1/EP1683275B1_F0005.tif
EP3492823A1,A0001,/home/safe/Desktop/yassine/Vectorization/data/PatentData/ReorganisedData/EP3492823A1/EP3492823A1_A0001.tif
EP3492833A1,A0001,/home/safe/Desktop/yassine/Vectorization/data/PatentData/ReorganisedData/EP3492833A1/EP3492833A1_A0001.tif
EP3492765A1,F0001,/home/safe/Desktop/yassine/Vectorization/data/PatentData/ReorganisedData/EP3492765A1/EP3492765A1_F0001.tif
EP3299186B1,F0001,/home/safe/Desktop/yassine/Vectorization/data/PatentData/ReorganisedData/EP3299186B1/EP3299186B1_F0001.tif
EP2960042B1,F0002,/home/safe/Desktop/yassine/Vectorization/data/PatentData/ReorganisedData/EP2960042B1/EP2960042B1_F0002.tif
EP3498272A1,A0001,/home/safe/Desktop/yassine/Vectorization/data/PatentData/ReorganisedData/EP3498272A1/EP3498272A1_A0001.tif
EP3498956A1,F0001,/home/safe/Desktop/yassine/Vectorization/data/PatentData/ReorganisedData/EP3498956A1/EP3498956A1_F0001.tif
EP1540740B1,F0002,/home/safe/Desktop/yassine/Vectorization/data/PatentData/ReorganisedData/EP1540740B1/EP1540740B1_F0002.tif
EP3499380A1,A0001,/home/safe/Desktop/yassine/Vectorization/data/PatentData/ReorganisedData/EP3499380A1/EP3499380A1_A0001.tif
EP3493430A1,F0008,/home/safe/Desktop/yassine/Vectorization/data/PatentData/ReorganisedData/EP3493430A1/EP3493430A1_F0008.tif
EP3503630A1,F0001,/home/safe/Desktop/yassine/Vectorization/data/PatentData/ReorganisedData/EP3503630A1/EP3503630A1_F0001.tif
EP3215438B1,F0001,/home/safe/Desktop/yassine/Vectorization/data/PatentData/ReorganisedData/EP3215438B1/EP3215438B1_F0001.tif
EP3492693A1,A0001,/home/safe/Desktop/yassine/Vectorization/data/PatentData/ReorganisedData/EP3492693A1/EP3492693A1_A0001.tif
EP2399085B1,F0001,/home/safe/Desktop/yassine/Vectorization/data/PatentData/ReorganisedData/EP2399085B1/EP2399085B1_F0001.tif
EP2956838B1,F0002,/home/safe/Desktop/yassine/Vectorization/data/PatentData/ReorganisedData/EP2956838B1/EP2956838B1_F0002.tif
EP2529460B1,F0002,/home/safe/Desktop/yassine/Vectorization/data/PatentData/ReorganisedData/EP2529460B1/EP2529460B1_F0002.tif
EP2990636B1,F0002,/home/safe/Desktop/yassine/Vectorization/data/PatentData/ReorganisedData/EP2990636B1/EP2990636B1_F0002.tif
EP3324901B1,F0002,/home/safe/Desktop/yassine/Vectorization/data/PatentData/ReorganisedData/EP3324901B1/EP3324901B1_F0002.tif
EP3495135A1,A0001,/home/safe/Desktop/yassine/Vectorization/data/PatentData/ReorganisedData/EP3495135A1/EP3495135A1_A0001.tif
EP2186026B1,F0003,/home/safe/Desktop/yassine/Vectorization/data/PatentData/ReorganisedData/EP2186026B1/EP2186026B1_F0003.tif
EP3503474A1,A0001,/home/safe/Desktop/yassine/Vectorization/data/PatentData/ReorganisedData/EP3503474A1/EP3503474A1_A0001.tif
EP2736392B1,F0001,/home/safe/Desktop/yassine/Vectorization/data/PatentData/ReorganisedData/EP2736392B1/EP2736392B1_F0001.tif
EP3149927B1,F0001,/home/safe/Desktop/yassine/Vectorization/data/PatentData/ReorganisedData/EP3149927B1/EP3149927B1_F0001.tif
EP1434512B2,F0001,/home/safe/Desktop/yassine/Vectorization/data/PatentData/ReorganisedData/EP1434512B2/EP1434512B2_F0001.tif
EP3503684A1,A0001,/home/safe/Desktop/yassine/Vectorization/data/PatentData/ReorganisedData/EP3503684A1/EP3503684A1_A0001.tif
EP3492670A1,A0001,/home/safe/Desktop/yassine/Vectorization/data/PatentData/ReorganisedData/EP3492670A1/EP3492670A1_A0001.tif
EP3503529A1,A0001,/home/safe/Desktop/yassine/Vectorization/data/PatentData/ReorganisedData/EP3503529A1/EP3503529A1_A0001.tif
EP2752192B1,F0001,/home/safe/Desktop/yassine/Vectorization/data/PatentData/ReorganisedData/EP2752192B1/EP2752192B1_F0001.tif
EP3177769B1,F0001,/home/safe/Desktop/yassine/Vectorization/data/PatentData/ReorganisedData/EP3177769B1/EP3177769B1_F0001.tif
EP3139081B1,F0001,/home/safe/Desktop/yassine/Vectorization/data/PatentData/ReorganisedData/EP3139081B1/EP3139081B1_F0001.tif
EP3089372B1,F0005,/home/safe/Desktop/yassine/Vectorization/data/PatentData/ReorganisedData/EP3089372B1/EP3089372B1_F0005.tif
EP2206960B1,F0001,/home/safe/Desktop/yassine/Vectorization/data/PatentData/ReorganisedData/EP2206960B1/EP2206960B1_F0001.tif
EP2676005B1,F0001,/home/safe/Desktop/yassine/Vectorization/data/PatentData/ReorganisedData/EP2676005B1/EP2676005B1_F0001.tif
EP3272157B1,F0007,/home/safe/Desktop/yassine/Vectorization/data/PatentData/ReorganisedData/EP3272157B1/EP3272157B1_F0007.tif
EP3001490B1,F0003,/home/safe/Desktop/yassine/Vectorization/data/PatentData/ReorganisedData/EP3001490B1/EP3001490B1_F0003.tif
EP2815272B1,F0001,/home/safe/Desktop/yassine/Vectorization/data/PatentData/ReorganisedData/EP2815272B1/EP2815272B1_F0001.tif
EP3498377A1,A0001,/home/safe/Desktop/yassine/Vectorization/data/PatentData/ReorganisedData/EP3498377A1/EP3498377A1_A0001.tif
EP3100723B1,F0001,/home/safe/Desktop/yassine/Vectorization/data/PatentData/ReorganisedData/EP3100723B1/EP3100723B1_F0001.tif
EP3200285B1,F0001,/home/safe/Desktop/yassine/Vectorization/data/PatentData/ReorganisedData/EP3200285B1/EP3200285B1_F0001.tif
EP2973412B1,F0004,/home/safe/Desktop/yassine/Vectorization/data/PatentData/ReorganisedData/EP2973412B1/EP2973412B1_F0004.tif
EP3087924B1,F0001,/home/safe/Desktop/yassine/Vectorization/data/PatentData/ReorganisedData/EP3087924B1/EP3087924B1_F0001.tif
EP2985006B1,F0002,/home/safe/Desktop/yassine/Vectorization/data/PatentData/ReorganisedData/EP2985006B1/EP2985006B1_F0002.tif
EP2795776B1,F0001,/home/safe/Desktop/yassine/Vectorization/data/PatentData/ReorganisedData/EP2795776B1/EP2795776B1_F0001.tif
EP3431733B1,F0001,/home/safe/Desktop/yassine/Vectorization/data/PatentData/ReorganisedData/EP3431733B1/EP3431733B1_F0001.tif
EP3499889A1,A0001,/home/safe/Desktop/yassine/Vectorization/data/PatentData/ReorganisedData/EP3499889A1/EP3499889A1_A0001.tif
EP3495016A1,A0001,/home/safe/Desktop/yassine/Vectorization/data/PatentData/ReorganisedData/EP3495016A1/EP3495016A1_A0001.tif
EP3501904A1,F0003,/home/safe/Desktop/yassine/Vectorization/data/PatentData/ReorganisedData/EP3501904A1/EP3501904A1_F0003.tif
EP3495165A1,A0001,/home/safe/Desktop/yassine/Vectorization/data/PatentData/ReorganisedData/EP3495165A1/EP3495165A1_A0001.tif
EP3492700A1,A0001,/home/safe/Desktop/yassine/Vectorization/data/PatentData/ReorganisedData/EP3492700A1/EP3492700A1_A0001.tif
EP3502925A1,F0004,/home/safe/Desktop/yassine/Vectorization/data/PatentData/ReorganisedData/EP3502925A1/EP3502925A1_F0004.tif
EP2930270B1,F0001,/home/safe/Desktop/yassine/Vectorization/data/PatentData/ReorganisedData/EP2930270B1/EP2930270B1_F0001.tif
EP2719933B1,F0001,/home/safe/Desktop/yassine/Vectorization/data/PatentData/ReorganisedData/EP2719933B1/EP2719933B1_F0001.tif
EP2838006B1,F0002,/home/safe/Desktop/yassine/Vectorization/data/PatentData/ReorganisedData/EP2838006B1/EP2838006B1_F0002.tif
EP3168136B1,F0001,/home/safe/Desktop/yassine/Vectorization/data/PatentData/ReorganisedData/EP3168136B1/EP3168136B1_F0001.tif
EP3341049B1,F0002,/home/safe/Desktop/yassine/Vectorization/data/PatentData/ReorganisedData/EP3341049B1/EP3341049B1_F0002.tif
EP3495453A1,A0001,/home/safe/Desktop/yassine/Vectorization/data/PatentData/ReorganisedData/EP3495453A1/EP3495453A1_A0001.tif
EP2441915B1,F0001,/home/safe/Desktop/yassine/Vectorization/data/PatentData/ReorganisedData/EP2441915B1/EP2441915B1_F0001.tif
EP1819442B1,F0001,/home/safe/Desktop/yassine/Vectorization/data/PatentData/ReorganisedData/EP1819442B1/EP1819442B1_F0001.tif
EP3264864B1,F0002,/home/safe/Desktop/yassine/Vectorization/data/PatentData/ReorganisedData/EP3264864B1/EP3264864B1_F0002.tif
EP2408040B1,F0001,/home/safe/Desktop/yassine/Vectorization/data/PatentData/ReorganisedData/EP2408040B1/EP2408040B1_F0001.tif
EP3503664A1,A0001,/home/safe/Desktop/yassine/Vectorization/data/PatentData/ReorganisedData/EP3503664A1/EP3503664A1_A0001.tif
EP2321593B1,F0001,/home/safe/Desktop/yassine/Vectorization/data/PatentData/ReorganisedData/EP2321593B1/EP2321593B1_F0001.tif
EP3493421A1,A0001,/home/safe/Desktop/yassine/Vectorization/data/PatentData/ReorganisedData/EP3493421A1/EP3493421A1_A0001.tif
EP3135636B1,F0001,/home/safe/Desktop/yassine/Vectorization/data/PatentData/ReorganisedData/EP3135636B1/EP3135636B1_F0001.tif
EP3495291A1,A0001,/home/safe/Desktop/yassine/Vectorization/data/PatentData/ReorganisedData/EP3495291A1/EP3495291A1_A0001.tif
EP3498925A1,A0001,/home/safe/Desktop/yassine/Vectorization/data/PatentData/ReorganisedData/EP3498925A1/EP3498925A1_A0001.tif
EP2972083B1,F0001,/home/safe/Desktop/yassine/Vectorization/data/PatentData/ReorganisedData/EP2972083B1/EP2972083B1_F0001.tif
EP3499843A1,F0003,/home/safe/Desktop/yassine/Vectorization/data/PatentData/ReorganisedData/EP3499843A1/EP3499843A1_F0003.tif
EP3067100B1,F0002,/home/safe/Desktop/yassine/Vectorization/data/PatentData/ReorganisedData/EP3067100B1/EP3067100B1_F0002.tif
EP2078306B1,F0001,/home/safe/Desktop/yassine/Vectorization/data/PatentData/ReorganisedData/EP2078306B1/EP2078306B1_F0001.tif
EP2909538B1,F0001,/home/safe/Desktop/yassine/Vectorization/data/PatentData/ReorganisedData/EP2909538B1/EP2909538B1_F0001.tif
EP3011361B1,F0001,/home/safe/Desktop/yassine/Vectorization/data/PatentData/ReorganisedData/EP3011361B1/EP3011361B1_F0001.tif
EP3496123A1,F0001,/home/safe/Desktop/yassine/Vectorization/data/PatentData/ReorganisedData/EP3496123A1/EP3496123A1_F0001.tif
EP2738880B1,F0001,/home/safe/Desktop/yassine/Vectorization/data/PatentData/ReorganisedData/EP2738880B1/EP2738880B1_F0001.tif
EP3311695B1,F0001,/home/safe/Desktop/yassine/Vectorization/data/PatentData/ReorganisedData/EP3311695B1/EP3311695B1_F0001.tif
EP3496112A1,F0001,/home/safe/Desktop/yassine/Vectorization/data/PatentData/ReorganisedData/EP3496112A1/EP3496112A1_F0001.tif
EP2802013B1,F0004,/home/safe/Desktop/yassine/Vectorization/data/PatentData/ReorganisedData/EP2802013B1/EP2802013B1_F0004.tif
EP3495810A1,F0002,/home/safe/Desktop/yassine/Vectorization/data/PatentData/ReorganisedData/EP3495810A1/EP3495810A1_F0002.tif
EP3494941A1,F0001,/home/safe/Desktop/yassine/Vectorization/data/PatentData/ReorganisedData/EP3494941A1/EP3494941A1_F0001.tif
EP3494967A1,A0001,/home/safe/Desktop/yassine/Vectorization/data/PatentData/ReorganisedData/EP3494967A1/EP3494967A1_A0001.tif
EP3076144B1,F0001,/home/safe/Desktop/yassine/Vectorization/data/PatentData/ReorganisedData/EP3076144B1/EP3076144B1_F0001.tif
EP3501903A1,A0001,/home/safe/Desktop/yassine/Vectorization/data/PatentData/ReorganisedData/EP3501903A1/EP3501903A1_A0001.tif
EP3352926B1,F0001,/home/safe/Desktop/yassine/Vectorization/data/PatentData/ReorganisedData/EP3352926B1/EP3352926B1_F0001.tif
EP3499027A1,A0001,/home/safe/Desktop/yassine/Vectorization/data/PatentData/ReorganisedData/EP3499027A1/EP3499027A1_A0001.tif
EP3325777B1,F0001,/home/safe/Desktop/yassine/Vectorization/data/PatentData/ReorganisedData/EP3325777B1/EP3325777B1_F0001.tif
EP3495792A1,A0001,/home/safe/Desktop/yassine/Vectorization/data/PatentData/ReorganisedData/EP3495792A1/EP3495792A1_A0001.tif
EP2757579B1,F0001,/home/safe/Desktop/yassine/Vectorization/data/PatentData/ReorganisedData/EP2757579B1/EP2757579B1_F0001.tif
EP2870033B1,F0001,/home/safe/Desktop/yassine/Vectorization/data/PatentData/ReorganisedData/EP2870033B1/EP2870033B1_F0001.tif
EP2993591B1,F0002,/home/safe/Desktop/yassine/Vectorization/data/PatentData/ReorganisedData/EP2993591B1/EP2993591B1_F0002.tif
EP2792555B1,F0001,/home/safe/Desktop/yassine/Vectorization/data/PatentData/ReorganisedData/EP2792555B1/EP2792555B1_F0001.tif
EP2864708B1,F0002,/home/safe/Desktop/yassine/Vectorization/data/PatentData/ReorganisedData/EP2864708B1/EP2864708B1_F0002.tif
EP3023989B1,F0001,/home/safe/Desktop/yassine/Vectorization/data/PatentData/ReorganisedData/EP3023989B1/EP3023989B1_F0001.tif
EP3502860A1,A0001,/home/safe/Desktop/yassine/Vectorization/data/PatentData/ReorganisedData/EP3502860A1/EP3502860A1_A0001.tif
EP3496019A1,F0002,/home/safe/Desktop/yassine/Vectorization/data/PatentData/ReorganisedData/EP3496019A1/EP3496019A1_F0002.tif
EP3270850B1,F0001,/home/safe/Desktop/yassine/Vectorization/data/PatentData/ReorganisedData/EP3270850B1/EP3270850B1_F0001.tif
EP3494933A1,F0001,/home/safe/Desktop/yassine/Vectorization/data/PatentData/ReorganisedData/EP3494933A1/EP3494933A1_F0001.tif
EP2983756B1,F0001,/home/safe/Desktop/yassine/Vectorization/data/PatentData/ReorganisedData/EP2983756B1/EP2983756B1_F0001.tif
EP2833941B1,F0005,/home/safe/Desktop/yassine/Vectorization/data/PatentData/ReorganisedData/EP2833941B1/EP2833941B1_F0005.tif
EP2108511B1,F0002,/home/safe/Desktop/yassine/Vectorization/data/PatentData/ReorganisedData/EP2108511B1/EP2108511B1_F0002.tif
EP3178609B1,F0001,/home/safe/Desktop/yassine/Vectorization/data/PatentData/ReorganisedData/EP3178609B1/EP3178609B1_F0001.tif
EP3495487A1,F0006,/home/safe/Desktop/yassine/Vectorization/data/PatentData/ReorganisedData/EP3495487A1/EP3495487A1_F0006.tif
EP2982196B1,F0002,/home/safe/Desktop/yassine/Vectorization/data/PatentData/ReorganisedData/EP2982196B1/EP2982196B1_F0002.tif
EP3034298B1,F0003,/home/safe/Desktop/yassine/Vectorization/data/PatentData/ReorganisedData/EP3034298B1/EP3034298B1_F0003.tif
EP2641981B1,F0001,/home/safe/Desktop/yassine/Vectorization/data/PatentData/ReorganisedData/EP2641981B1/EP2641981B1_F0001.tif
EP3046248B1,F0001,/home/safe/Desktop/yassine/Vectorization/data/PatentData/ReorganisedData/EP3046248B1/EP3046248B1_F0001.tif
EP3243341B1,F0010,/home/safe/Desktop/yassine/Vectorization/data/PatentData/ReorganisedData/EP3243341B1/EP3243341B1_F0010.tif
EP3493263A1,A0001,/home/safe/Desktop/yassine/Vectorization/data/PatentData/ReorganisedData/EP3493263A1/EP3493263A1_A0001.tif
EP3492766A1,A0001,/home/safe/Desktop/yassine/Vectorization/data/PatentData/ReorganisedData/EP3492766A1/EP3492766A1_A0001.tif
EP3145734B1,F0001,/home/safe/Desktop/yassine/Vectorization/data/PatentData/ReorganisedData/EP3145734B1/EP3145734B1_F0001.tif
EP1776041B1,F0001,/home/safe/Desktop/yassine/Vectorization/data/PatentData/ReorganisedData/EP1776041B1/EP1776041B1_F0001.tif
EP2687682B1,F0001,/home/safe/Desktop/yassine/Vectorization/data/PatentData/ReorganisedData/EP2687682B1/EP2687682B1_F0001.tif
EP2803175B1,F0008,/home/safe/Desktop/yassine/Vectorization/data/PatentData/ReorganisedData/EP2803175B1/EP2803175B1_F0008.tif
EP2732918B1,F0003,/home/safe/Desktop/yassine/Vectorization/data/PatentData/ReorganisedData/EP2732918B1/EP2732918B1_F0003.tif
EP2451020B1,F0001,/home/safe/Desktop/yassine/Vectorization/data/PatentData/ReorganisedData/EP2451020B1/EP2451020B1_F0001.tif
EP3495535A1,F0001,/home/safe/Desktop/yassine/Vectorization/data/PatentData/ReorganisedData/EP3495535A1/EP3495535A1_F0001.tif
EP1581428B1,F0001,/home/safe/Desktop/yassine/Vectorization/data/PatentData/ReorganisedData/EP1581428B1/EP1581428B1_F0001.tif
EP3502519A1,A0001,/home/safe/Desktop/yassine/Vectorization/data/PatentData/ReorganisedData/EP3502519A1/EP3502519A1_A0001.tif
EP3134918B1,F0001,/home/safe/Desktop/yassine/Vectorization/data/PatentData/ReorganisedData/EP3134918B1/EP3134918B1_F0001.tif
EP2313721B1,F0001,/home/safe/Desktop/yassine/Vectorization/data/PatentData/ReorganisedData/EP2313721B1/EP2313721B1_F0001.tif
EP2983505B1,F0003,/home/safe/Desktop/yassine/Vectorization/data/PatentData/ReorganisedData/EP2983505B1/EP2983505B1_F0003.tif
EP3498295A1,F0002,/home/safe/Desktop/yassine/Vectorization/data/PatentData/ReorganisedData/EP3498295A1/EP3498295A1_F0002.tif
EP3495065A1,F0001,/home/safe/Desktop/yassine/Vectorization/data/PatentData/ReorganisedData/EP3495065A1/EP3495065A1_F0001.tif
EP2606557B1,F0002,/home/safe/Desktop/yassine/Vectorization/data/PatentData/ReorganisedData/EP2606557B1/EP2606557B1_F0002.tif
EP3069055B1,F0001,/home/safe/Desktop/yassine/Vectorization/data/PatentData/ReorganisedData/EP3069055B1/EP3069055B1_F0001.tif
EP3492078A1,F0001,/home/safe/Desktop/yassine/Vectorization/data/PatentData/ReorganisedData/EP3492078A1/EP3492078A1_F0001.tif
EP3388151B1,F0001,/home/safe/Desktop/yassine/Vectorization/data/PatentData/ReorganisedData/EP3388151B1/EP3388151B1_F0001.tif
EP3391666B1,F0001,/home/safe/Desktop/yassine/Vectorization/data/PatentData/ReorganisedData/EP3391666B1/EP3391666B1_F0001.tif
EP3500073A1,A0001,/home/safe/Desktop/yassine/Vectorization/data/PatentData/ReorganisedData/EP3500073A1/EP3500073A1_A0001.tif
EP3024641B1,F0001,/home/safe/Desktop/yassine/Vectorization/data/PatentData/ReorganisedData/EP3024641B1/EP3024641B1_F0001.tif
EP3501446A1,A0001,/home/safe/Desktop/yassine/Vectorization/data/PatentData/ReorganisedData/EP3501446A1/EP3501446A1_A0001.tif
EP3503586A1,F0001,/home/safe/Desktop/yassine/Vectorization/data/PatentData/ReorganisedData/EP3503586A1/EP3503586A1_F0001.tif
EP3495656A1,F0001,/home/safe/Desktop/yassine/Vectorization/data/PatentData/ReorganisedData/EP3495656A1/EP3495656A1_F0001.tif
EP2759796B1,F0001,/home/safe/Desktop/yassine/Vectorization/data/PatentData/ReorganisedData/EP2759796B1/EP2759796B1_F0001.tif
EP3276304B1,F0001,/home/safe/Desktop/yassine/Vectorization/data/PatentData/ReorganisedData/EP3276304B1/EP3276304B1_F0001.tif
EP2847537B1,F0001,/home/safe/Desktop/yassine/Vectorization/data/PatentData/ReorganisedData/EP2847537B1/EP2847537B1_F0001.tif
EP2110852B1,F0001,/home/safe/Desktop/yassine/Vectorization/data/PatentData/ReorganisedData/EP2110852B1/EP2110852B1_F0001.tif
EP2954254B1,F0001,/home/safe/Desktop/yassine/Vectorization/data/PatentData/ReorganisedData/EP2954254B1/EP2954254B1_F0001.tif
EP3492208A1,F0002,/home/safe/Desktop/yassine/Vectorization/data/PatentData/ReorganisedData/EP3492208A1/EP3492208A1_F0002.tif
EP3303707B1,F0001,/home/safe/Desktop/yassine/Vectorization/data/PatentData/ReorganisedData/EP3303707B1/EP3303707B1_F0001.tif
EP2986542B1,F0001,/home/safe/Desktop/yassine/Vectorization/data/PatentData/ReorganisedData/EP2986542B1/EP2986542B1_F0001.tif
EP1906436B1,F0001,/home/safe/Desktop/yassine/Vectorization/data/PatentData/ReorganisedData/EP1906436B1/EP1906436B1_F0001.tif
EP3499550A1,F0002,/home/safe/Desktop/yassine/Vectorization/data/PatentData/ReorganisedData/EP3499550A1/EP3499550A1_F0002.tif
EP2951480B1,F0002,/home/safe/Desktop/yassine/Vectorization/data/PatentData/ReorganisedData/EP2951480B1/EP2951480B1_F0002.tif
EP3499265A1,A0001,/home/safe/Desktop/yassine/Vectorization/data/PatentData/ReorganisedData/EP3499265A1/EP3499265A1_A0001.tif
EP3453452A3,A0001,/home/safe/Desktop/yassine/Vectorization/data/PatentData/ReorganisedData/EP3453452A3/EP3453452A3_A0001.tif
EP3226588B1,F0004,/home/safe/Desktop/yassine/Vectorization/data/PatentData/ReorganisedData/EP3226588B1/EP3226588B1_F0004.tif
EP3129734B1,F0002,/home/safe/Desktop/yassine/Vectorization/data/PatentData/ReorganisedData/EP3129734B1/EP3129734B1_F0002.tif
EP3499497A1,F0007,/home/safe/Desktop/yassine/Vectorization/data/PatentData/ReorganisedData/EP3499497A1/EP3499497A1_F0007.tif
EP3128752B1,F0005,/home/safe/Desktop/yassine/Vectorization/data/PatentData/ReorganisedData/EP3128752B1/EP3128752B1_F0005.tif
EP3501469A1,A0001,/home/safe/Desktop/yassine/Vectorization/data/PatentData/ReorganisedData/EP3501469A1/EP3501469A1_A0001.tif
EP3495154A1,A0001,/home/safe/Desktop/yassine/Vectorization/data/PatentData/ReorganisedData/EP3495154A1/EP3495154A1_A0001.tif
EP3263429B1,F0001,/home/safe/Desktop/yassine/Vectorization/data/PatentData/ReorganisedData/EP3263429B1/EP3263429B1_F0001.tif
EP3311028B1,F0001,/home/safe/Desktop/yassine/Vectorization/data/PatentData/ReorganisedData/EP3311028B1/EP3311028B1_F0001.tif
EP2011980B1,F0001,/home/safe/Desktop/yassine/Vectorization/data/PatentData/ReorganisedData/EP2011980B1/EP2011980B1_F0001.tif
EP2229984B1,F0003,/home/safe/Desktop/yassine/Vectorization/data/PatentData/ReorganisedData/EP2229984B1/EP2229984B1_F0003.tif
EP2697337B1,F0001,/home/safe/Desktop/yassine/Vectorization/data/PatentData/ReorganisedData/EP2697337B1/EP2697337B1_F0001.tif
EP3499643A1,A0001,/home/safe/Desktop/yassine/Vectorization/data/PatentData/ReorganisedData/EP3499643A1/EP3499643A1_A0001.tif
EP3495952A1,F0001,/home/safe/Desktop/yassine/Vectorization/data/PatentData/ReorganisedData/EP3495952A1/EP3495952A1_F0001.tif
EP3109327B1,F0002,/home/safe/Desktop/yassine/Vectorization/data/PatentData/ReorganisedData/EP3109327B1/EP3109327B1_F0002.tif
EP3503032A1,A0001,/home/safe/Desktop/yassine/Vectorization/data/PatentData/ReorganisedData/EP3503032A1/EP3503032A1_A0001.tif
EP3502712A1,A0001,/home/safe/Desktop/yassine/Vectorization/data/PatentData/ReorganisedData/EP3502712A1/EP3502712A1_A0001.tif
EP3041576B1,F0002,/home/safe/Desktop/yassine/Vectorization/data/PatentData/ReorganisedData/EP3041576B1/EP3041576B1_F0002.tif
EP3155977B1,F0001,/home/safe/Desktop/yassine/Vectorization/data/PatentData/ReorganisedData/EP3155977B1/EP3155977B1_F0001.tif
EP2200468B1,F0001,/home/safe/Desktop/yassine/Vectorization/data/PatentData/ReorganisedData/EP2200468B1/EP2200468B1_F0001.tif
EP3493024A1,F0002,/home/safe/Desktop/yassine/Vectorization/data/PatentData/ReorganisedData/EP3493024A1/EP3493024A1_F0002.tif
EP2907477B1,F0007,/home/safe/Desktop/yassine/Vectorization/data/PatentData/ReorganisedData/EP2907477B1/EP2907477B1_F0007.tif
EP3498131A1,F0006,/home/safe/Desktop/yassine/Vectorization/data/PatentData/ReorganisedData/EP3498131A1/EP3498131A1_F0006.tif
EP2440901B1,F0001,/home/safe/Desktop/yassine/Vectorization/data/PatentData/ReorganisedData/EP2440901B1/EP2440901B1_F0001.tif
EP3230050B1,F0013,/home/safe/Desktop/yassine/Vectorization/data/PatentData/ReorganisedData/EP3230050B1/EP3230050B1_F0013.tif
EP3033223B1,F0001,/home/safe/Desktop/yassine/Vectorization/data/PatentData/ReorganisedData/EP3033223B1/EP3033223B1_F0001.tif
EP2967756B1,F0001,/home/safe/Desktop/yassine/Vectorization/data/PatentData/ReorganisedData/EP2967756B1/EP2967756B1_F0001.tif
EP3492697A1,F0002,/home/safe/Desktop/yassine/Vectorization/data/PatentData/ReorganisedData/EP3492697A1/EP3492697A1_F0002.tif
EP3503083A2,A0001,/home/safe/Desktop/yassine/Vectorization/data/PatentData/ReorganisedData/EP3503083A2/EP3503083A2_A0001.tif
EP3503628A1,F0001,/home/safe/Desktop/yassine/Vectorization/data/PatentData/ReorganisedData/EP3503628A1/EP3503628A1_F0001.tif
EP3503265A1,F0005,/home/safe/Desktop/yassine/Vectorization/data/PatentData/ReorganisedData/EP3503265A1/EP3503265A1_F0005.tif
EP3133287B1,F0001,/home/safe/Desktop/yassine/Vectorization/data/PatentData/ReorganisedData/EP3133287B1/EP3133287B1_F0001.tif
EP3494827A1,A0001,/home/safe/Desktop/yassine/Vectorization/data/PatentData/ReorganisedData/EP3494827A1/EP3494827A1_A0001.tif
EP2351529B1,F0001,/home/safe/Desktop/yassine/Vectorization/data/PatentData/ReorganisedData/EP2351529B1/EP2351529B1_F0001.tif
EP3081450B1,F0001,/home/safe/Desktop/yassine/Vectorization/data/PatentData/ReorganisedData/EP3081450B1/EP3081450B1_F0001.tif
EP3502133A1,F0001,/home/safe/Desktop/yassine/Vectorization/data/PatentData/ReorganisedData/EP3502133A1/EP3502133A1_F0001.tif
EP3502259A1,F0004,/home/safe/Desktop/yassine/Vectorization/data/PatentData/ReorganisedData/EP3502259A1/EP3502259A1_F0004.tif
EP2348225B1,F0001,/home/safe/Desktop/yassine/Vectorization/data/PatentData/ReorganisedData/EP2348225B1/EP2348225B1_F0001.tif
EP3492445A1,A0001,/home/safe/Desktop/yassine/Vectorization/data/PatentData/ReorganisedData/EP3492445A1/EP3492445A1_A0001.tif
EP2270838B1,F0001,/home/safe/Desktop/yassine/Vectorization/data/PatentData/ReorganisedData/EP2270838B1/EP2270838B1_F0001.tif
EP3212449B1,F0001,/home/safe/Desktop/yassine/Vectorization/data/PatentData/ReorganisedData/EP3212449B1/EP3212449B1_F0001.tif
EP3493129A1,A0001,/home/safe/Desktop/yassine/Vectorization/data/PatentData/ReorganisedData/EP3493129A1/EP3493129A1_A0001.tif
EP2756712B1,F0007,/home/safe/Desktop/yassine/Vectorization/data/PatentData/ReorganisedData/EP2756712B1/EP2756712B1_F0007.tif
EP2572180B1,F0001,/home/safe/Desktop/yassine/Vectorization/data/PatentData/ReorganisedData/EP2572180B1/EP2572180B1_F0001.tif
EP2440944B1,F0001,/home/safe/Desktop/yassine/Vectorization/data/PatentData/ReorganisedData/EP2440944B1/EP2440944B1_F0001.tif
