patent_id,sketch_id,input_path,ipc
EP1081389B2,F0001,/home/safe/Desktop/yassine/Vectorization/data/PatentData/ReorganisedData/EP1081389B2/EP1081389B2_F0001.tif,F15B
EP1236584B2,F0001,/home/safe/Desktop/yassine/Vectorization/data/PatentData/ReorganisedData/EP1236584B2/EP1236584B2_F0001.tif,B42D
EP1433708B2,F0001,/home/safe/Desktop/yassine/Vectorization/data/PatentData/ReorganisedData/EP1433708B2/EP1433708B2_F0001.tif,B65B
EP1434699B1,F0002,/home/safe/Desktop/yassine/Vectorization/data/PatentData/ReorganisedData/EP1434699B1/EP1434699B1_F0002.tif,B62K
EP1462894B2,F0001,/home/safe/Desktop/yassine/Vectorization/data/PatentData/ReorganisedData/EP1462894B2/EP1462894B2_F0001.tif,B65B
EP1466720B1,F0001,/home/safe/Desktop/yassine/Vectorization/data/PatentData/ReorganisedData/EP1466720B1/EP1466720B1_F0001.tif,B31D
EP1513674B2,F0001,/home/safe/Desktop/yassine/Vectorization/data/PatentData/ReorganisedData/EP1513674B2/EP1513674B2_F0001.tif,B30B
EP1525395B1,F0001,/home/safe/Desktop/yassine/Vectorization/data/PatentData/ReorganisedData/EP1525395B1/EP1525395B1_F0001.tif,F03D
EP1533495B1,F0001,/home/safe/Desktop/yassine/Vectorization/data/PatentData/ReorganisedData/EP1533495B1/EP1533495B1_F0001.tif,F02B
EP1552976B1,F0001,/home/safe/Desktop/yassine/Vectorization/data/PatentData/ReorganisedData/EP1552976B1/EP1552976B1_F0001.tif,B60L
EP1566534B1,F0001,/home/safe/Desktop/yassine/Vectorization/data/PatentData/ReorganisedData/EP1566534B1/EP1566534B1_F0001.tif,F02M
EP1577523B1,F0001,/home/safe/Desktop/yassine/Vectorization/data/PatentData/ReorganisedData/EP1577523B1/EP1577523B1_F0001.tif,F02D
EP1581428B1,F0001,/home/safe/Desktop/yassine/Vectorization/data/PatentData/ReorganisedData/EP1581428B1/EP1581428B1_F0001.tif,B65B
EP1588971B2,F0001,/home/safe/Desktop/yassine/Vectorization/data/PatentData/ReorganisedData/EP1588971B2/EP1588971B2_F0001.tif,B65H
EP1589289B1,F0001,/home/safe/Desktop/yassine/Vectorization/data/PatentData/ReorganisedData/EP1589289B1/EP1589289B1_F0001.tif,F24C
EP1602442B2,F0001,/home/safe/Desktop/yassine/Vectorization/data/PatentData/ReorganisedData/EP1602442B2/EP1602442B2_F0001.tif,B23P
EP1610011B1,F0001,/home/safe/Desktop/yassine/Vectorization/data/PatentData/ReorganisedData/EP1610011B1/EP1610011B1_F0001.tif,F16C
EP1612129B1,F0001,/home/safe/Desktop/yassine/Vectorization/data/PatentData/ReorganisedData/EP1612129B1/EP1612129B1_F0001.tif,B62J
EP1627151B1,F0002,/home/safe/Desktop/yassine/Vectorization/data/PatentData/ReorganisedData/EP1627151B1/EP1627151B1_F0002.tif,F04D
EP1642692B1,F0001,/home/safe/Desktop/yassine/Vectorization/data/PatentData/ReorganisedData/EP1642692B1/EP1642692B1_F0001.tif,B25J
EP1652730B1,F0001,/home/safe/Desktop/yassine/Vectorization/data/PatentData/ReorganisedData/EP1652730B1/EP1652730B1_F0001.tif,B60R
EP1665380B1,F0001,/home/safe/Desktop/yassine/Vectorization/data/PatentData/ReorganisedData/EP1665380B1/EP1665380B1_F0001.tif,F21K
EP1667856B1,F0001,/home/safe/Desktop/yassine/Vectorization/data/PatentData/ReorganisedData/EP1667856B1/EP1667856B1_F0001.tif,F02B
EP1679458B1,F0001,/home/safe/Desktop/yassine/Vectorization/data/PatentData/ReorganisedData/EP1679458B1/EP1679458B1_F0001.tif,F16J
EP1690737B1,F0001,/home/safe/Desktop/yassine/Vectorization/data/PatentData/ReorganisedData/EP1690737B1/EP1690737B1_F0001.tif,B60R
EP1696159B1,F0001,/home/safe/Desktop/yassine/Vectorization/data/PatentData/ReorganisedData/EP1696159B1/EP1696159B1_F0001.tif,F16K
EP1707345B1,F0001,/home/safe/Desktop/yassine/Vectorization/data/PatentData/ReorganisedData/EP1707345B1/EP1707345B1_F0001.tif,B30B
EP1707817B1,F0001,/home/safe/Desktop/yassine/Vectorization/data/PatentData/ReorganisedData/EP1707817B1/EP1707817B1_F0001.tif,F04C
EP1711255B1,F0001,/home/safe/Desktop/yassine/Vectorization/data/PatentData/ReorganisedData/EP1711255B1/EP1711255B1_F0001.tif,B01J
EP1719910B1,F0002,/home/safe/Desktop/yassine/Vectorization/data/PatentData/ReorganisedData/EP1719910B1/EP1719910B1_F0002.tif,F03D
EP1719948B1,F0002,/home/safe/Desktop/yassine/Vectorization/data/PatentData/ReorganisedData/EP1719948B1/EP1719948B1_F0002.tif,F23Q
EP1724533B1,F0002,/home/safe/Desktop/yassine/Vectorization/data/PatentData/ReorganisedData/EP1724533B1/EP1724533B1_F0002.tif,F24F
EP1748173B1,F0001,/home/safe/Desktop/yassine/Vectorization/data/PatentData/ReorganisedData/EP1748173B1/EP1748173B1_F0001.tif,F02D
EP1748265B1,F0001,/home/safe/Desktop/yassine/Vectorization/data/PatentData/ReorganisedData/EP1748265B1/EP1748265B1_F0001.tif,F04B
EP1756433B1,F0001,/home/safe/Desktop/yassine/Vectorization/data/PatentData/ReorganisedData/EP1756433B1/EP1756433B1_F0001.tif,F15B
EP1757911B1,F0001,/home/safe/Desktop/yassine/Vectorization/data/PatentData/ReorganisedData/EP1757911B1/EP1757911B1_F0001.tif,B01D
EP1761723B1,F0001,/home/safe/Desktop/yassine/Vectorization/data/PatentData/ReorganisedData/EP1761723B1/EP1761723B1_F0001.tif,F16L
EP1767864B1,F0001,/home/safe/Desktop/yassine/Vectorization/data/PatentData/ReorganisedData/EP1767864B1/EP1767864B1_F0001.tif,F24C
EP1767880B1,F0002,/home/safe/Desktop/yassine/Vectorization/data/PatentData/ReorganisedData/EP1767880B1/EP1767880B1_F0002.tif,F24H
EP1786646B1,F0001,/home/safe/Desktop/yassine/Vectorization/data/PatentData/ReorganisedData/EP1786646B1/EP1786646B1_F0001.tif,B60L
EP1800724B1,F0001,/home/safe/Desktop/yassine/Vectorization/data/PatentData/ReorganisedData/EP1800724B1/EP1800724B1_F0001.tif,B01D
EP1802892B1,F0002,/home/safe/Desktop/yassine/Vectorization/data/PatentData/ReorganisedData/EP1802892B1/EP1802892B1_F0002.tif,F16F
EP1803948B1,F0001,/home/safe/Desktop/yassine/Vectorization/data/PatentData/ReorganisedData/EP1803948B1/EP1803948B1_F0001.tif,F16C
EP1816416B1,F0001,/home/safe/Desktop/yassine/Vectorization/data/PatentData/ReorganisedData/EP1816416B1/EP1816416B1_F0001.tif,F25B
EP1819442B1,F0001,/home/safe/Desktop/yassine/Vectorization/data/PatentData/ReorganisedData/EP1819442B1/EP1819442B1_F0001.tif,B02C
EP1824767B1,F0002,/home/safe/Desktop/yassine/Vectorization/data/PatentData/ReorganisedData/EP1824767B1/EP1824767B1_F0002.tif,B26F
EP1827932B1,F0003,/home/safe/Desktop/yassine/Vectorization/data/PatentData/ReorganisedData/EP1827932B1/EP1827932B1_F0003.tif,B60T
EP1840373B1,F0001,/home/safe/Desktop/yassine/Vectorization/data/PatentData/ReorganisedData/EP1840373B1/EP1840373B1_F0001.tif,F04B
EP1849520B1,F0001,/home/safe/Desktop/yassine/Vectorization/data/PatentData/ReorganisedData/EP1849520B1/EP1849520B1_F0001.tif,B01J
EP1849527B1,F0002,/home/safe/Desktop/yassine/Vectorization/data/PatentData/ReorganisedData/EP1849527B1/EP1849527B1_F0002.tif,B05B
EP1850193B1,F0001,/home/safe/Desktop/yassine/Vectorization/data/PatentData/ReorganisedData/EP1850193B1/EP1850193B1_F0001.tif,F16B
EP1859871B1,F0001,/home/safe/Desktop/yassine/Vectorization/data/PatentData/ReorganisedData/EP1859871B1/EP1859871B1_F0001.tif,B03C
EP1866555B1,F0003,/home/safe/Desktop/yassine/Vectorization/data/PatentData/ReorganisedData/EP1866555B1/EP1866555B1_F0003.tif,F16F
EP1869391B1,F0001,/home/safe/Desktop/yassine/Vectorization/data/PatentData/ReorganisedData/EP1869391B1/EP1869391B1_F0001.tif,F28F
EP1870598B1,F0001,/home/safe/Desktop/yassine/Vectorization/data/PatentData/ReorganisedData/EP1870598B1/EP1870598B1_F0001.tif,F04C
EP1875113B1,F0001,/home/safe/Desktop/yassine/Vectorization/data/PatentData/ReorganisedData/EP1875113B1/EP1875113B1_F0001.tif,F16K
EP1876009B1,F0001,/home/safe/Desktop/yassine/Vectorization/data/PatentData/ReorganisedData/EP1876009B1/EP1876009B1_F0001.tif,B29C
EP1876093B1,F0001,/home/safe/Desktop/yassine/Vectorization/data/PatentData/ReorganisedData/EP1876093B1/EP1876093B1_F0001.tif,B63B
EP1910714B1,F0001,/home/safe/Desktop/yassine/Vectorization/data/PatentData/ReorganisedData/EP1910714B1/EP1910714B1_F0001.tif,F16H
EP1914413B1,F0001,/home/safe/Desktop/yassine/Vectorization/data/PatentData/ReorganisedData/EP1914413B1/EP1914413B1_F0001.tif,F02D
EP1923126B1,F0001,/home/safe/Desktop/yassine/Vectorization/data/PatentData/ReorganisedData/EP1923126B1/EP1923126B1_F0001.tif,B01D
EP1924446B1,F0002,/home/safe/Desktop/yassine/Vectorization/data/PatentData/ReorganisedData/EP1924446B1/EP1924446B1_F0002.tif,B42D
EP1926640B1,F0001,/home/safe/Desktop/yassine/Vectorization/data/PatentData/ReorganisedData/EP1926640B1/EP1926640B1_F0001.tif,B60R
EP1933167B1,F0002,/home/safe/Desktop/yassine/Vectorization/data/PatentData/ReorganisedData/EP1933167B1/EP1933167B1_F0002.tif,F16P
EP1938898B1,F0001,/home/safe/Desktop/yassine/Vectorization/data/PatentData/ReorganisedData/EP1938898B1/EP1938898B1_F0001.tif,B01J
EP1938948B1,F0001,/home/safe/Desktop/yassine/Vectorization/data/PatentData/ReorganisedData/EP1938948B1/EP1938948B1_F0001.tif,B29C
EP1939774B1,F0001,/home/safe/Desktop/yassine/Vectorization/data/PatentData/ReorganisedData/EP1939774B1/EP1939774B1_F0001.tif,B60C
EP1943437B1,F0002,/home/safe/Desktop/yassine/Vectorization/data/PatentData/ReorganisedData/EP1943437B1/EP1943437B1_F0002.tif,F16F
EP1948509B1,F0001,/home/safe/Desktop/yassine/Vectorization/data/PatentData/ReorganisedData/EP1948509B1/EP1948509B1_F0001.tif,B64D
EP1955840B1,F0001,/home/safe/Desktop/yassine/Vectorization/data/PatentData/ReorganisedData/EP1955840B1/EP1955840B1_F0001.tif,B29C
EP1960720B1,F0001,/home/safe/Desktop/yassine/Vectorization/data/PatentData/ReorganisedData/EP1960720B1/EP1960720B1_F0001.tif,F25C
EP1967723B1,F0001,/home/safe/Desktop/yassine/Vectorization/data/PatentData/ReorganisedData/EP1967723B1/EP1967723B1_F0001.tif,F02K
EP1969250B1,F0001,/home/safe/Desktop/yassine/Vectorization/data/PatentData/ReorganisedData/EP1969250B1/EP1969250B1_F0001.tif,F16G
EP1975440B1,F0001,/home/safe/Desktop/yassine/Vectorization/data/PatentData/ReorganisedData/EP1975440B1/EP1975440B1_F0001.tif,F16D
EP1975442B1,F0001,/home/safe/Desktop/yassine/Vectorization/data/PatentData/ReorganisedData/EP1975442B1/EP1975442B1_F0001.tif,F16D
EP1980713B1,F0001,/home/safe/Desktop/yassine/Vectorization/data/PatentData/ReorganisedData/EP1980713B1/EP1980713B1_F0001.tif,F01D
EP1985490B1,F0003,/home/safe/Desktop/yassine/Vectorization/data/PatentData/ReorganisedData/EP1985490B1/EP1985490B1_F0003.tif,B60M
EP1985807B1,F0002,/home/safe/Desktop/yassine/Vectorization/data/PatentData/ReorganisedData/EP1985807B1/EP1985807B1_F0002.tif,F04D
EP1990253B1,F0001,/home/safe/Desktop/yassine/Vectorization/data/PatentData/ReorganisedData/EP1990253B1/EP1990253B1_F0001.tif,B62D
EP1998181B1,F0001,/home/safe/Desktop/yassine/Vectorization/data/PatentData/ReorganisedData/EP1998181B1/EP1998181B1_F0001.tif,B01L
EP2000273B1,F0002,/home/safe/Desktop/yassine/Vectorization/data/PatentData/ReorganisedData/EP2000273B1/EP2000273B1_F0002.tif,B28D
EP2011980B1,F0001,/home/safe/Desktop/yassine/Vectorization/data/PatentData/ReorganisedData/EP2011980B1/EP2011980B1_F0001.tif,F02D
EP2013481B1,F0001,/home/safe/Desktop/yassine/Vectorization/data/PatentData/ReorganisedData/EP2013481B1/EP2013481B1_F0001.tif,F04C
EP2015882B1,F0002,/home/safe/Desktop/yassine/Vectorization/data/PatentData/ReorganisedData/EP2015882B1/EP2015882B1_F0002.tif,B23B
EP2015921B1,F0001,/home/safe/Desktop/yassine/Vectorization/data/PatentData/ReorganisedData/EP2015921B1/EP2015921B1_F0001.tif,B29C
EP2016281B1,F0001,/home/safe/Desktop/yassine/Vectorization/data/PatentData/ReorganisedData/EP2016281B1/EP2016281B1_F0001.tif,F03B
EP2020497B1,F0002,/home/safe/Desktop/yassine/Vectorization/data/PatentData/ReorganisedData/EP2020497B1/EP2020497B1_F0002.tif,F02D
EP2021606B1,F0001,/home/safe/Desktop/yassine/Vectorization/data/PatentData/ReorganisedData/EP2021606B1/EP2021606B1_F0001.tif,F02D
EP2021704B1,F0001,/home/safe/Desktop/yassine/Vectorization/data/PatentData/ReorganisedData/EP2021704B1/EP2021704B1_F0001.tif,F25B
EP2023062B1,F0001,/home/safe/Desktop/yassine/Vectorization/data/PatentData/ReorganisedData/EP2023062B1/EP2023062B1_F0001.tif,F25C
EP2024066B1,F0001,/home/safe/Desktop/yassine/Vectorization/data/PatentData/ReorganisedData/EP2024066B1/EP2024066B1_F0001.tif,B01D
EP2032264B2,F0001,/home/safe/Desktop/yassine/Vectorization/data/PatentData/ReorganisedData/EP2032264B2/EP2032264B2_F0001.tif,B04B
EP2045197B1,F0001,/home/safe/Desktop/yassine/Vectorization/data/PatentData/ReorganisedData/EP2045197B1/EP2045197B1_F0001.tif,B65F
EP2045530B1,F0001,/home/safe/Desktop/yassine/Vectorization/data/PatentData/ReorganisedData/EP2045530B1/EP2045530B1_F0001.tif,F24C
EP2049331B1,F0001,/home/safe/Desktop/yassine/Vectorization/data/PatentData/ReorganisedData/EP2049331B1/EP2049331B1_F0001.tif,B32B
EP2049369B1,F0001,/home/safe/Desktop/yassine/Vectorization/data/PatentData/ReorganisedData/EP2049369B1/EP2049369B1_F0001.tif,B60R
EP2052853B1,F0001,/home/safe/Desktop/yassine/Vectorization/data/PatentData/ReorganisedData/EP2052853B1/EP2052853B1_F0001.tif,B32B
EP2058501B1,F0006,/home/safe/Desktop/yassine/Vectorization/data/PatentData/ReorganisedData/EP2058501B1/EP2058501B1_F0006.tif,F02D
EP2059394B2,F0003,/home/safe/Desktop/yassine/Vectorization/data/PatentData/ReorganisedData/EP2059394B2/EP2059394B2_F0003.tif,B41F
EP2062648B1,F0001,/home/safe/Desktop/yassine/Vectorization/data/PatentData/ReorganisedData/EP2062648B1/EP2062648B1_F0001.tif,B03C
EP2063115B1,F0001,/home/safe/Desktop/yassine/Vectorization/data/PatentData/ReorganisedData/EP2063115B1/EP2063115B1_F0001.tif,F03D
EP2063167B1,F0001,/home/safe/Desktop/yassine/Vectorization/data/PatentData/ReorganisedData/EP2063167B1/EP2063167B1_F0001.tif,F17C
EP2066483B1,F0001,/home/safe/Desktop/yassine/Vectorization/data/PatentData/ReorganisedData/EP2066483B1/EP2066483B1_F0001.tif,B28B
EP2070620B1,F0001,/home/safe/Desktop/yassine/Vectorization/data/PatentData/ReorganisedData/EP2070620B1/EP2070620B1_F0001.tif,B23C
EP2071152B1,F0001,/home/safe/Desktop/yassine/Vectorization/data/PatentData/ReorganisedData/EP2071152B1/EP2071152B1_F0001.tif,F02C
EP2078875B2,F0001,/home/safe/Desktop/yassine/Vectorization/data/PatentData/ReorganisedData/EP2078875B2/EP2078875B2_F0001.tif,F16C
EP2080966B1,F0002,/home/safe/Desktop/yassine/Vectorization/data/PatentData/ReorganisedData/EP2080966B1/EP2080966B1_F0002.tif,F25B
EP2093384B2,F0001,/home/safe/Desktop/yassine/Vectorization/data/PatentData/ReorganisedData/EP2093384B2/EP2093384B2_F0001.tif,F01D
EP2095342B1,F0004,/home/safe/Desktop/yassine/Vectorization/data/PatentData/ReorganisedData/EP2095342B1/EP2095342B1_F0004.tif,B41M
EP2097699B1,F0001,/home/safe/Desktop/yassine/Vectorization/data/PatentData/ReorganisedData/EP2097699B1/EP2097699B1_F0001.tif,B01J
EP2098811B1,F0001,/home/safe/Desktop/yassine/Vectorization/data/PatentData/ReorganisedData/EP2098811B1/EP2098811B1_F0001.tif,F26B
EP2100041B1,F0001,/home/safe/Desktop/yassine/Vectorization/data/PatentData/ReorganisedData/EP2100041B1/EP2100041B1_F0001.tif,F04D
EP2106835B1,F0001,/home/safe/Desktop/yassine/Vectorization/data/PatentData/ReorganisedData/EP2106835B1/EP2106835B1_F0001.tif,B01D
EP2107004B2,F0001,/home/safe/Desktop/yassine/Vectorization/data/PatentData/ReorganisedData/EP2107004B2/EP2107004B2_F0001.tif,B64C
EP2108511B1,F0002,/home/safe/Desktop/yassine/Vectorization/data/PatentData/ReorganisedData/EP2108511B1/EP2108511B1_F0002.tif,B41F
EP2108558B1,F0001,/home/safe/Desktop/yassine/Vectorization/data/PatentData/ReorganisedData/EP2108558B1/EP2108558B1_F0001.tif,B60W
EP2109769B1,F0002,/home/safe/Desktop/yassine/Vectorization/data/PatentData/ReorganisedData/EP2109769B1/EP2109769B1_F0002.tif,B01F
EP2112357B1,F0001,/home/safe/Desktop/yassine/Vectorization/data/PatentData/ReorganisedData/EP2112357B1/EP2112357B1_F0001.tif,F02D
EP2116340B1,F0004,/home/safe/Desktop/yassine/Vectorization/data/PatentData/ReorganisedData/EP2116340B1/EP2116340B1_F0004.tif,B25J
EP2123979B1,F0001,/home/safe/Desktop/yassine/Vectorization/data/PatentData/ReorganisedData/EP2123979B1/EP2123979B1_F0001.tif,F23N
EP2125440B1,F0001,/home/safe/Desktop/yassine/Vectorization/data/PatentData/ReorganisedData/EP2125440B1/EP2125440B1_F0001.tif,B60R
EP2125441B1,F0001,/home/safe/Desktop/yassine/Vectorization/data/PatentData/ReorganisedData/EP2125441B1/EP2125441B1_F0001.tif,B60R
EP2125442B1,F0001,/home/safe/Desktop/yassine/Vectorization/data/PatentData/ReorganisedData/EP2125442B1/EP2125442B1_F0001.tif,B60R
EP2126492B1,F0003,/home/safe/Desktop/yassine/Vectorization/data/PatentData/ReorganisedData/EP2126492B1/EP2126492B1_F0003.tif,F25D
EP2128429B1,F0002,/home/safe/Desktop/yassine/Vectorization/data/PatentData/ReorganisedData/EP2128429B1/EP2128429B1_F0002.tif,F02P
EP2131060B1,F0001,/home/safe/Desktop/yassine/Vectorization/data/PatentData/ReorganisedData/EP2131060B1/EP2131060B1_F0001.tif,F16F
EP2131959B1,F0001,/home/safe/Desktop/yassine/Vectorization/data/PatentData/ReorganisedData/EP2131959B1/EP2131959B1_F0001.tif,B02C
EP2132444B1,F0001,/home/safe/Desktop/yassine/Vectorization/data/PatentData/ReorganisedData/EP2132444B1/EP2132444B1_F0001.tif,F04D
EP2133548B1,F0004,/home/safe/Desktop/yassine/Vectorization/data/PatentData/ReorganisedData/EP2133548B1/EP2133548B1_F0004.tif,F02M
EP2137429B1,F0001,/home/safe/Desktop/yassine/Vectorization/data/PatentData/ReorganisedData/EP2137429B1/EP2137429B1_F0001.tif,F16F
EP2141034B2,F0001,/home/safe/Desktop/yassine/Vectorization/data/PatentData/ReorganisedData/EP2141034B2/EP2141034B2_F0001.tif,B60D
EP2142400B1,F0001,/home/safe/Desktop/yassine/Vectorization/data/PatentData/ReorganisedData/EP2142400B1/EP2142400B1_F0001.tif,B60R
EP2147243B1,F0001,/home/safe/Desktop/yassine/Vectorization/data/PatentData/ReorganisedData/EP2147243B1/EP2147243B1_F0001.tif,F21K
EP2150405B1,F0001,/home/safe/Desktop/yassine/Vectorization/data/PatentData/ReorganisedData/EP2150405B1/EP2150405B1_F0001.tif,B32B
EP2150488B1,F0001,/home/safe/Desktop/yassine/Vectorization/data/PatentData/ReorganisedData/EP2150488B1/EP2150488B1_F0001.tif,B81C
EP2154382B1,F0002,/home/safe/Desktop/yassine/Vectorization/data/PatentData/ReorganisedData/EP2154382B1/EP2154382B1_F0002.tif,F16B
EP2155485B1,F0001,/home/safe/Desktop/yassine/Vectorization/data/PatentData/ReorganisedData/EP2155485B1/EP2155485B1_F0001.tif,B32B
EP2156023B1,F0001,/home/safe/Desktop/yassine/Vectorization/data/PatentData/ReorganisedData/EP2156023B1/EP2156023B1_F0001.tif,F02D
EP2165963B1,F0001,/home/safe/Desktop/yassine/Vectorization/data/PatentData/ReorganisedData/EP2165963B1/EP2165963B1_F0001.tif,B66C
EP2166249B1,F0001,/home/safe/Desktop/yassine/Vectorization/data/PatentData/ReorganisedData/EP2166249B1/EP2166249B1_F0001.tif,F16F
EP2166279B1,F0001,/home/safe/Desktop/yassine/Vectorization/data/PatentData/ReorganisedData/EP2166279B1/EP2166279B1_F0001.tif,F21S
EP2166294B1,F0005,/home/safe/Desktop/yassine/Vectorization/data/PatentData/ReorganisedData/EP2166294B1/EP2166294B1_F0005.tif,F24F
EP2172647B1,F0002,/home/safe/Desktop/yassine/Vectorization/data/PatentData/ReorganisedData/EP2172647B1/EP2172647B1_F0002.tif,F03D
EP2173500B1,F0001,/home/safe/Desktop/yassine/Vectorization/data/PatentData/ReorganisedData/EP2173500B1/EP2173500B1_F0001.tif,F28F
EP2174701B1,F0001,/home/safe/Desktop/yassine/Vectorization/data/PatentData/ReorganisedData/EP2174701B1/EP2174701B1_F0001.tif,B01D
EP2180165B1,F0001,/home/safe/Desktop/yassine/Vectorization/data/PatentData/ReorganisedData/EP2180165B1/EP2180165B1_F0001.tif,F02C
EP2184446B1,F0001,/home/safe/Desktop/yassine/Vectorization/data/PatentData/ReorganisedData/EP2184446B1/EP2184446B1_F0001.tif,F01D
EP2184467B1,F0007,/home/safe/Desktop/yassine/Vectorization/data/PatentData/ReorganisedData/EP2184467B1/EP2184467B1_F0007.tif,F02C
EP2188052B1,F0001,/home/safe/Desktop/yassine/Vectorization/data/PatentData/ReorganisedData/EP2188052B1/EP2188052B1_F0001.tif,B01J
EP2188536B1,F0001,/home/safe/Desktop/yassine/Vectorization/data/PatentData/ReorganisedData/EP2188536B1/EP2188536B1_F0001.tif,F04F
EP2188540B1,F0001,/home/safe/Desktop/yassine/Vectorization/data/PatentData/ReorganisedData/EP2188540B1/EP2188540B1_F0001.tif,F16C
EP2191181B1,F0002,/home/safe/Desktop/yassine/Vectorization/data/PatentData/ReorganisedData/EP2191181B1/EP2191181B1_F0002.tif,F16K
EP2195536B1,F0001,/home/safe/Desktop/yassine/Vectorization/data/PatentData/ReorganisedData/EP2195536B1/EP2195536B1_F0001.tif,F04B
EP2202419B1,F0001,/home/safe/Desktop/yassine/Vectorization/data/PatentData/ReorganisedData/EP2202419B1/EP2202419B1_F0001.tif,F16D
EP2203210B1,F0001,/home/safe/Desktop/yassine/Vectorization/data/PatentData/ReorganisedData/EP2203210B1/EP2203210B1_F0001.tif,B05B
EP2204538B1,F0001,/home/safe/Desktop/yassine/Vectorization/data/PatentData/ReorganisedData/EP2204538B1/EP2204538B1_F0001.tif,F01D
EP2206960B1,F0001,/home/safe/Desktop/yassine/Vectorization/data/PatentData/ReorganisedData/EP2206960B1/EP2206960B1_F0001.tif,F23R
EP2208864B1,F0001,/home/safe/Desktop/yassine/Vectorization/data/PatentData/ReorganisedData/EP2208864B1/EP2208864B1_F0001.tif,F01D
EP2210851B1,F0001,/home/safe/Desktop/yassine/Vectorization/data/PatentData/ReorganisedData/EP2210851B1/EP2210851B1_F0001.tif,B66C
EP2211051B1,F0007,/home/safe/Desktop/yassine/Vectorization/data/PatentData/ReorganisedData/EP2211051B1/EP2211051B1_F0007.tif,F02N
EP2213955B1,F0002,/home/safe/Desktop/yassine/Vectorization/data/PatentData/ReorganisedData/EP2213955B1/EP2213955B1_F0002.tif,F24F
EP2219771B1,F0002,/home/safe/Desktop/yassine/Vectorization/data/PatentData/ReorganisedData/EP2219771B1/EP2219771B1_F0002.tif,B01J
EP2223002B1,F0001,/home/safe/Desktop/yassine/Vectorization/data/PatentData/ReorganisedData/EP2223002B1/EP2223002B1_F0001.tif,F16L
EP2229241B1,F0001,/home/safe/Desktop/yassine/Vectorization/data/PatentData/ReorganisedData/EP2229241B1/EP2229241B1_F0001.tif,B05D
EP2229570B1,F0001,/home/safe/Desktop/yassine/Vectorization/data/PatentData/ReorganisedData/EP2229570B1/EP2229570B1_F0001.tif,F28F
EP2232050B1,F0001,/home/safe/Desktop/yassine/Vectorization/data/PatentData/ReorganisedData/EP2232050B1/EP2232050B1_F0001.tif,F02N
EP2233697B1,F0001,/home/safe/Desktop/yassine/Vectorization/data/PatentData/ReorganisedData/EP2233697B1/EP2233697B1_F0001.tif,F01D
EP2233839B1,F0001,/home/safe/Desktop/yassine/Vectorization/data/PatentData/ReorganisedData/EP2233839B1/EP2233839B1_F0001.tif,F24C
EP2236929B1,F0002,/home/safe/Desktop/yassine/Vectorization/data/PatentData/ReorganisedData/EP2236929B1/EP2236929B1_F0002.tif,F23R
EP2240726B1,F0001,/home/safe/Desktop/yassine/Vectorization/data/PatentData/ReorganisedData/EP2240726B1/EP2240726B1_F0001.tif,F24C
EP2242947B1,F0002,/home/safe/Desktop/yassine/Vectorization/data/PatentData/ReorganisedData/EP2242947B1/EP2242947B1_F0002.tif,F16L
EP2246228B1,F0001,/home/safe/Desktop/yassine/Vectorization/data/PatentData/ReorganisedData/EP2246228B1/EP2246228B1_F0001.tif,B60T
EP2246233B1,F0003,/home/safe/Desktop/yassine/Vectorization/data/PatentData/ReorganisedData/EP2246233B1/EP2246233B1_F0003.tif,B61D
EP2246643B1,F0001,/home/safe/Desktop/yassine/Vectorization/data/PatentData/ReorganisedData/EP2246643B1/EP2246643B1_F0001.tif,F24S
EP2247861B1,F0001,/home/safe/Desktop/yassine/Vectorization/data/PatentData/ReorganisedData/EP2247861B1/EP2247861B1_F0001.tif,F15B
EP2247891B1,F0002,/home/safe/Desktop/yassine/Vectorization/data/PatentData/ReorganisedData/EP2247891B1/EP2247891B1_F0002.tif,F21K
EP2248997B1,F0003,/home/safe/Desktop/yassine/Vectorization/data/PatentData/ReorganisedData/EP2248997B1/EP2248997B1_F0003.tif,F01D
EP2250359B1,F0002,/home/safe/Desktop/yassine/Vectorization/data/PatentData/ReorganisedData/EP2250359B1/EP2250359B1_F0002.tif,F02D
EP2250537B1,F0001,/home/safe/Desktop/yassine/Vectorization/data/PatentData/ReorganisedData/EP2250537B1/EP2250537B1_F0001.tif,B29C
EP2251240B2,F0001,/home/safe/Desktop/yassine/Vectorization/data/PatentData/ReorganisedData/EP2251240B2/EP2251240B2_F0001.tif,B60W
EP2256031B1,F0002,/home/safe/Desktop/yassine/Vectorization/data/PatentData/ReorganisedData/EP2256031B1/EP2256031B1_F0002.tif,B64C
EP2256398B1,F0002,/home/safe/Desktop/yassine/Vectorization/data/PatentData/ReorganisedData/EP2256398B1/EP2256398B1_F0002.tif,F17C
EP2257463B1,F0001,/home/safe/Desktop/yassine/Vectorization/data/PatentData/ReorganisedData/EP2257463B1/EP2257463B1_F0001.tif,B63H
EP2259917B1,F0001,/home/safe/Desktop/yassine/Vectorization/data/PatentData/ReorganisedData/EP2259917B1/EP2259917B1_F0001.tif,B32B
EP2260219B1,F0002,/home/safe/Desktop/yassine/Vectorization/data/PatentData/ReorganisedData/EP2260219B1/EP2260219B1_F0002.tif,F16H
EP2263807B1,F0004,/home/safe/Desktop/yassine/Vectorization/data/PatentData/ReorganisedData/EP2263807B1/EP2263807B1_F0004.tif,B05D
EP2264325B1,F0001,/home/safe/Desktop/yassine/Vectorization/data/PatentData/ReorganisedData/EP2264325B1/EP2264325B1_F0001.tif,F16C
EP2266702B1,F0001,/home/safe/Desktop/yassine/Vectorization/data/PatentData/ReorganisedData/EP2266702B1/EP2266702B1_F0001.tif,B03C
EP2275738B2,F0001,/home/safe/Desktop/yassine/Vectorization/data/PatentData/ReorganisedData/EP2275738B2/EP2275738B2_F0001.tif,F21V
EP2275756B1,F0001,/home/safe/Desktop/yassine/Vectorization/data/PatentData/ReorganisedData/EP2275756B1/EP2275756B1_F0001.tif,F25B
EP2276562B1,F0001,/home/safe/Desktop/yassine/Vectorization/data/PatentData/ReorganisedData/EP2276562B1/EP2276562B1_F0001.tif,B01J
EP2276574B1,F0005,/home/safe/Desktop/yassine/Vectorization/data/PatentData/ReorganisedData/EP2276574B1/EP2276574B1_F0005.tif,B01L
EP2278226B1,F0001,/home/safe/Desktop/yassine/Vectorization/data/PatentData/ReorganisedData/EP2278226B1/EP2278226B1_F0001.tif,F23R
EP2278227B1,F0001,/home/safe/Desktop/yassine/Vectorization/data/PatentData/ReorganisedData/EP2278227B1/EP2278227B1_F0001.tif,F24C
EP2279349B1,F0001,/home/safe/Desktop/yassine/Vectorization/data/PatentData/ReorganisedData/EP2279349B1/EP2279349B1_F0001.tif,F04B
EP2279793B1,F0001,/home/safe/Desktop/yassine/Vectorization/data/PatentData/ReorganisedData/EP2279793B1/EP2279793B1_F0001.tif,B05B
EP2280807B1,F0001,/home/safe/Desktop/yassine/Vectorization/data/PatentData/ReorganisedData/EP2280807B1/EP2280807B1_F0001.tif,B25J
EP2283293B1,F0001,/home/safe/Desktop/yassine/Vectorization/data/PatentData/ReorganisedData/EP2283293B1/EP2283293B1_F0001.tif,F25D
EP2283992B1,F0001,/home/safe/Desktop/yassine/Vectorization/data/PatentData/ReorganisedData/EP2283992B1/EP2283992B1_F0001.tif,B29C
EP2285521B1,F0001,/home/safe/Desktop/yassine/Vectorization/data/PatentData/ReorganisedData/EP2285521B1/EP2285521B1_F0001.tif,B23K
EP2286076B1,F0001,/home/safe/Desktop/yassine/Vectorization/data/PatentData/ReorganisedData/EP2286076B1/EP2286076B1_F0001.tif,F02F
EP2289633B1,F0001,/home/safe/Desktop/yassine/Vectorization/data/PatentData/ReorganisedData/EP2289633B1/EP2289633B1_F0001.tif,B05C
EP2289655B1,F0001,/home/safe/Desktop/yassine/Vectorization/data/PatentData/ReorganisedData/EP2289655B1/EP2289655B1_F0001.tif,B23B
EP2292536B1,F0001,/home/safe/Desktop/yassine/Vectorization/data/PatentData/ReorganisedData/EP2292536B1/EP2292536B1_F0001.tif,B65G
EP2295145B1,F0002,/home/safe/Desktop/yassine/Vectorization/data/PatentData/ReorganisedData/EP2295145B1/EP2295145B1_F0002.tif,B02C
EP2295309B1,F0001,/home/safe/Desktop/yassine/Vectorization/data/PatentData/ReorganisedData/EP2295309B1/EP2295309B1_F0001.tif,B62D
EP2295922B1,F0001,/home/safe/Desktop/yassine/Vectorization/data/PatentData/ReorganisedData/EP2295922B1/EP2295922B1_F0001.tif,F28F
EP2296817B1,F0001,/home/safe/Desktop/yassine/Vectorization/data/PatentData/ReorganisedData/EP2296817B1/EP2296817B1_F0001.tif,B02C
EP2298502B1,F0003,/home/safe/Desktop/yassine/Vectorization/data/PatentData/ReorganisedData/EP2298502B1/EP2298502B1_F0003.tif,B25C
EP2299095B1,F0001,/home/safe/Desktop/yassine/Vectorization/data/PatentData/ReorganisedData/EP2299095B1/EP2299095B1_F0001.tif,F02D
EP2300203B1,F0003,/home/safe/Desktop/yassine/Vectorization/data/PatentData/ReorganisedData/EP2300203B1/EP2300203B1_F0003.tif,B27K
EP2300763B1,F0001,/home/safe/Desktop/yassine/Vectorization/data/PatentData/ReorganisedData/EP2300763B1/EP2300763B1_F0001.tif,F25D
EP2302293B2,F0001,/home/safe/Desktop/yassine/Vectorization/data/PatentData/ReorganisedData/EP2302293B2/EP2302293B2_F0001.tif,F21V
EP2303471B1,F0001,/home/safe/Desktop/yassine/Vectorization/data/PatentData/ReorganisedData/EP2303471B1/EP2303471B1_F0001.tif,B05D
EP2307211B1,F0001,/home/safe/Desktop/yassine/Vectorization/data/PatentData/ReorganisedData/EP2307211B1/EP2307211B1_F0001.tif,B60C
EP2313721B1,F0001,/home/safe/Desktop/yassine/Vectorization/data/PatentData/ReorganisedData/EP2313721B1/EP2313721B1_F0001.tif,F25D
EP2314377B1,F0002,/home/safe/Desktop/yassine/Vectorization/data/PatentData/ReorganisedData/EP2314377B1/EP2314377B1_F0002.tif,B02C
EP2315995B1,F0002,/home/safe/Desktop/yassine/Vectorization/data/PatentData/ReorganisedData/EP2315995B1/EP2315995B1_F0002.tif,F28D
EP2318773B1,F0001,/home/safe/Desktop/yassine/Vectorization/data/PatentData/ReorganisedData/EP2318773B1/EP2318773B1_F0001.tif,F24S
EP2321593B1,F0001,/home/safe/Desktop/yassine/Vectorization/data/PatentData/ReorganisedData/EP2321593B1/EP2321593B1_F0001.tif,F25B
EP2321603B1,F0001,/home/safe/Desktop/yassine/Vectorization/data/PatentData/ReorganisedData/EP2321603B1/EP2321603B1_F0001.tif,F27B
EP2323743B1,F0001,/home/safe/Desktop/yassine/Vectorization/data/PatentData/ReorganisedData/EP2323743B1/EP2323743B1_F0001.tif,F25B
EP2325134B1,F0001,/home/safe/Desktop/yassine/Vectorization/data/PatentData/ReorganisedData/EP2325134B1/EP2325134B1_F0001.tif,B67D
EP2326443B1,F0001,/home/safe/Desktop/yassine/Vectorization/data/PatentData/ReorganisedData/EP2326443B1/EP2326443B1_F0001.tif,B22F
EP2326827B1,F0001,/home/safe/Desktop/yassine/Vectorization/data/PatentData/ReorganisedData/EP2326827B1/EP2326827B1_F0001.tif,F02N
EP2326901B1,F0001,/home/safe/Desktop/yassine/Vectorization/data/PatentData/ReorganisedData/EP2326901B1/EP2326901B1_F0001.tif,F28D
EP2327904B1,F0001,/home/safe/Desktop/yassine/Vectorization/data/PatentData/ReorganisedData/EP2327904B1/EP2327904B1_F0001.tif,F16F
EP2327976B1,F0002,/home/safe/Desktop/yassine/Vectorization/data/PatentData/ReorganisedData/EP2327976B1/EP2327976B1_F0002.tif,B60W
EP2332658B2,F0008,/home/safe/Desktop/yassine/Vectorization/data/PatentData/ReorganisedData/EP2332658B2/EP2332658B2_F0008.tif,B05B
EP2335844B1,F0001,/home/safe/Desktop/yassine/Vectorization/data/PatentData/ReorganisedData/EP2335844B1/EP2335844B1_F0001.tif,B22C
EP2336030B1,F0001,/home/safe/Desktop/yassine/Vectorization/data/PatentData/ReorganisedData/EP2336030B1/EP2336030B1_F0001.tif,B64F
EP2338644B1,F0001,/home/safe/Desktop/yassine/Vectorization/data/PatentData/ReorganisedData/EP2338644B1/EP2338644B1_F0001.tif,B25F
EP2339277B1,F0001,/home/safe/Desktop/yassine/Vectorization/data/PatentData/ReorganisedData/EP2339277B1/EP2339277B1_F0001.tif,F25D
EP2340404B1,F0002,/home/safe/Desktop/yassine/Vectorization/data/PatentData/ReorganisedData/EP2340404B1/EP2340404B1_F0002.tif,F25B
EP2341228B1,F0001,/home/safe/Desktop/yassine/Vectorization/data/PatentData/ReorganisedData/EP2341228B1/EP2341228B1_F0001.tif,F02C
EP2341975B1,F0001,/home/safe/Desktop/yassine/Vectorization/data/PatentData/ReorganisedData/EP2341975B1/EP2341975B1_F0001.tif,F16L
EP2345554B1,F0001,/home/safe/Desktop/yassine/Vectorization/data/PatentData/ReorganisedData/EP2345554B1/EP2345554B1_F0001.tif,B60L
EP2347176B1,F0001,/home/safe/Desktop/yassine/Vectorization/data/PatentData/ReorganisedData/EP2347176B1/EP2347176B1_F0001.tif,F23C
EP2348225B1,F0001,/home/safe/Desktop/yassine/Vectorization/data/PatentData/ReorganisedData/EP2348225B1/EP2348225B1_F0001.tif,F16F
EP2349903B1,F0001,/home/safe/Desktop/yassine/Vectorization/data/PatentData/ReorganisedData/EP2349903B1/EP2349903B1_F0001.tif,B66C
EP2351973B1,F0003,/home/safe/Desktop/yassine/Vectorization/data/PatentData/ReorganisedData/EP2351973B1/EP2351973B1_F0003.tif,F25B
EP2352617B1,F0001,/home/safe/Desktop/yassine/Vectorization/data/PatentData/ReorganisedData/EP2352617B1/EP2352617B1_F0001.tif,B23K
EP2352618B1,F0012,/home/safe/Desktop/yassine/Vectorization/data/PatentData/ReorganisedData/EP2352618B1/EP2352618B1_F0012.tif,B23K
EP2354546B1,F0003,/home/safe/Desktop/yassine/Vectorization/data/PatentData/ReorganisedData/EP2354546B1/EP2354546B1_F0003.tif,F01L
EP2354566B1,F0001,/home/safe/Desktop/yassine/Vectorization/data/PatentData/ReorganisedData/EP2354566B1/EP2354566B1_F0001.tif,B29C
EP2354627B1,F0001,/home/safe/Desktop/yassine/Vectorization/data/PatentData/ReorganisedData/EP2354627B1/EP2354627B1_F0001.tif,F17C
EP2354722B1,F0006,/home/safe/Desktop/yassine/Vectorization/data/PatentData/ReorganisedData/EP2354722B1/EP2354722B1_F0006.tif,F25B
EP2356359B1,F0001,/home/safe/Desktop/yassine/Vectorization/data/PatentData/ReorganisedData/EP2356359B1/EP2356359B1_F0001.tif,B08B
EP2358459B1,F0001,/home/safe/Desktop/yassine/Vectorization/data/PatentData/ReorganisedData/EP2358459B1/EP2358459B1_F0001.tif,B01D
EP2360433B1,F0002,/home/safe/Desktop/yassine/Vectorization/data/PatentData/ReorganisedData/EP2360433B1/EP2360433B1_F0002.tif,F23J
EP2365258B1,F0002,/home/safe/Desktop/yassine/Vectorization/data/PatentData/ReorganisedData/EP2365258B1/EP2365258B1_F0002.tif,F24F
EP2365935B1,F0001,/home/safe/Desktop/yassine/Vectorization/data/PatentData/ReorganisedData/EP2365935B1/EP2365935B1_F0001.tif,B82B
EP2371749B1,F0003,/home/safe/Desktop/yassine/Vectorization/data/PatentData/ReorganisedData/EP2371749B1/EP2371749B1_F0003.tif,B65H
EP2375003B1,F0002,/home/safe/Desktop/yassine/Vectorization/data/PatentData/ReorganisedData/EP2375003B1/EP2375003B1_F0002.tif,F01D
EP2375009B1,F0001,/home/safe/Desktop/yassine/Vectorization/data/PatentData/ReorganisedData/EP2375009B1/EP2375009B1_F0001.tif,F01K
EP2375010B1,F0001,/home/safe/Desktop/yassine/Vectorization/data/PatentData/ReorganisedData/EP2375010B1/EP2375010B1_F0001.tif,F01K
EP2375128B1,F0001,/home/safe/Desktop/yassine/Vectorization/data/PatentData/ReorganisedData/EP2375128B1/EP2375128B1_F0001.tif,F21S
EP2375142B1,F0001,/home/safe/Desktop/yassine/Vectorization/data/PatentData/ReorganisedData/EP2375142B1/EP2375142B1_F0001.tif,F21S
EP2377641B1,F0001,/home/safe/Desktop/yassine/Vectorization/data/PatentData/ReorganisedData/EP2377641B1/EP2377641B1_F0001.tif,B23K
EP2377716B1,F0001,/home/safe/Desktop/yassine/Vectorization/data/PatentData/ReorganisedData/EP2377716B1/EP2377716B1_F0001.tif,B60M
EP2377738B1,F0002,/home/safe/Desktop/yassine/Vectorization/data/PatentData/ReorganisedData/EP2377738B1/EP2377738B1_F0002.tif,B60T
EP2378209B1,F0001,/home/safe/Desktop/yassine/Vectorization/data/PatentData/ReorganisedData/EP2378209B1/EP2378209B1_F0001.tif,F24C
EP2383037B1,F0002,/home/safe/Desktop/yassine/Vectorization/data/PatentData/ReorganisedData/EP2383037B1/EP2383037B1_F0002.tif,B02C
EP2383441B1,F0001,/home/safe/Desktop/yassine/Vectorization/data/PatentData/ReorganisedData/EP2383441B1/EP2383441B1_F0001.tif,F01D
EP2384295B2,F0001,/home/safe/Desktop/yassine/Vectorization/data/PatentData/ReorganisedData/EP2384295B2/EP2384295B2_F0001.tif,B60S
EP2386032B1,F0001,/home/safe/Desktop/yassine/Vectorization/data/PatentData/ReorganisedData/EP2386032B1/EP2386032B1_F0001.tif,F16D
EP2388142B2,F0001,/home/safe/Desktop/yassine/Vectorization/data/PatentData/ReorganisedData/EP2388142B2/EP2388142B2_F0001.tif,B41F
EP2388493B1,F0001,/home/safe/Desktop/yassine/Vectorization/data/PatentData/ReorganisedData/EP2388493B1/EP2388493B1_F0001.tif,F16F
EP2389543B1,F0001,/home/safe/Desktop/yassine/Vectorization/data/PatentData/ReorganisedData/EP2389543B1/EP2389543B1_F0001.tif,F24C
EP2390011B1,F0001,/home/safe/Desktop/yassine/Vectorization/data/PatentData/ReorganisedData/EP2390011B1/EP2390011B1_F0001.tif,B05C
EP2391454B1,F0002,/home/safe/Desktop/yassine/Vectorization/data/PatentData/ReorganisedData/EP2391454B1/EP2391454B1_F0002.tif,B02C
EP2392890B1,F0001,/home/safe/Desktop/yassine/Vectorization/data/PatentData/ReorganisedData/EP2392890B1/EP2392890B1_F0001.tif,F41G
EP2394098B1,F0001,/home/safe/Desktop/yassine/Vectorization/data/PatentData/ReorganisedData/EP2394098B1/EP2394098B1_F0001.tif,F24C
EP2394842B1,F0001,/home/safe/Desktop/yassine/Vectorization/data/PatentData/ReorganisedData/EP2394842B1/EP2394842B1_F0001.tif,B60N
EP2394865B1,F0001,/home/safe/Desktop/yassine/Vectorization/data/PatentData/ReorganisedData/EP2394865B1/EP2394865B1_F0001.tif,B60R
EP2395222B1,F0001,/home/safe/Desktop/yassine/Vectorization/data/PatentData/ReorganisedData/EP2395222B1/EP2395222B1_F0001.tif,F02K
EP2396206B1,F0001,/home/safe/Desktop/yassine/Vectorization/data/PatentData/ReorganisedData/EP2396206B1/EP2396206B1_F0001.tif,B61B
EP2398607B1,F0005,/home/safe/Desktop/yassine/Vectorization/data/PatentData/ReorganisedData/EP2398607B1/EP2398607B1_F0005.tif,B21F
EP2399030B1,F0001,/home/safe/Desktop/yassine/Vectorization/data/PatentData/ReorganisedData/EP2399030B1/EP2399030B1_F0001.tif,F04B
EP2401117B1,F0001,/home/safe/Desktop/yassine/Vectorization/data/PatentData/ReorganisedData/EP2401117B1/EP2401117B1_F0001.tif,B25J
EP2401538B1,F0001,/home/safe/Desktop/yassine/Vectorization/data/PatentData/ReorganisedData/EP2401538B1/EP2401538B1_F0001.tif,F16L
EP2402219B1,F0003,/home/safe/Desktop/yassine/Vectorization/data/PatentData/ReorganisedData/EP2402219B1/EP2402219B1_F0003.tif,B60R
EP2402618B1,F0004,/home/safe/Desktop/yassine/Vectorization/data/PatentData/ReorganisedData/EP2402618B1/EP2402618B1_F0004.tif,F04D
EP2402669B1,F0002,/home/safe/Desktop/yassine/Vectorization/data/PatentData/ReorganisedData/EP2402669B1/EP2402669B1_F0002.tif,F24F
EP2404800B1,F0002,/home/safe/Desktop/yassine/Vectorization/data/PatentData/ReorganisedData/EP2404800B1/EP2404800B1_F0002.tif,B60T
EP2405122B1,F0001,/home/safe/Desktop/yassine/Vectorization/data/PatentData/ReorganisedData/EP2405122B1/EP2405122B1_F0001.tif,F02D
EP2407295B1,F0001,/home/safe/Desktop/yassine/Vectorization/data/PatentData/ReorganisedData/EP2407295B1/EP2407295B1_F0001.tif,B29C
EP2407671B1,F0001,/home/safe/Desktop/yassine/Vectorization/data/PatentData/ReorganisedData/EP2407671B1/EP2407671B1_F0001.tif,F04D
EP2410132B1,F0001,/home/safe/Desktop/yassine/Vectorization/data/PatentData/ReorganisedData/EP2410132B1/EP2410132B1_F0001.tif,F01D
EP2410180B1,F0001,/home/safe/Desktop/yassine/Vectorization/data/PatentData/ReorganisedData/EP2410180B1/EP2410180B1_F0001.tif,F04B
EP2411155B1,F0002,/home/safe/Desktop/yassine/Vectorization/data/PatentData/ReorganisedData/EP2411155B1/EP2411155B1_F0002.tif,B03C
EP2411736B1,F0001,/home/safe/Desktop/yassine/Vectorization/data/PatentData/ReorganisedData/EP2411736B1/EP2411736B1_F0001.tif,F23D
EP2411739B1,F0002,/home/safe/Desktop/yassine/Vectorization/data/PatentData/ReorganisedData/EP2411739B1/EP2411739B1_F0002.tif,F24C
EP2417008B1,F0002,/home/safe/Desktop/yassine/Vectorization/data/PatentData/ReorganisedData/EP2417008B1/EP2417008B1_F0002.tif,B62D
EP2417333B1,F0001,/home/safe/Desktop/yassine/Vectorization/data/PatentData/ReorganisedData/EP2417333B1/EP2417333B1_F0001.tif,F01M
EP2417360B1,F0001,/home/safe/Desktop/yassine/Vectorization/data/PatentData/ReorganisedData/EP2417360B1/EP2417360B1_F0001.tif,F04D
EP2417881B1,F0001,/home/safe/Desktop/yassine/Vectorization/data/PatentData/ReorganisedData/EP2417881B1/EP2417881B1_F0001.tif,F22B
EP2418147B1,F0003,/home/safe/Desktop/yassine/Vectorization/data/PatentData/ReorganisedData/EP2418147B1/EP2418147B1_F0003.tif,B64C
EP2418432B1,F0002,/home/safe/Desktop/yassine/Vectorization/data/PatentData/ReorganisedData/EP2418432B1/EP2418432B1_F0002.tif,F24C
EP2419361B1,F0001,/home/safe/Desktop/yassine/Vectorization/data/PatentData/ReorganisedData/EP2419361B1/EP2419361B1_F0001.tif,B66F
EP2419692B1,F0001,/home/safe/Desktop/yassine/Vectorization/data/PatentData/ReorganisedData/EP2419692B1/EP2419692B1_F0001.tif,F25D
EP2420356B1,F0001,/home/safe/Desktop/yassine/Vectorization/data/PatentData/ReorganisedData/EP2420356B1/EP2420356B1_F0001.tif,B25B
EP2420653B1,F0001,/home/safe/Desktop/yassine/Vectorization/data/PatentData/ReorganisedData/EP2420653B1/EP2420653B1_F0001.tif,F01D
EP2420659B1,F0001,/home/safe/Desktop/yassine/Vectorization/data/PatentData/ReorganisedData/EP2420659B1/EP2420659B1_F0001.tif,F02B
EP2420697B1,F0001,/home/safe/Desktop/yassine/Vectorization/data/PatentData/ReorganisedData/EP2420697B1/EP2420697B1_F0001.tif,F16F
EP2420699B1,F0001,/home/safe/Desktop/yassine/Vectorization/data/PatentData/ReorganisedData/EP2420699B1/EP2420699B1_F0001.tif,F16F
EP2422135B1,F0001,/home/safe/Desktop/yassine/Vectorization/data/PatentData/ReorganisedData/EP2422135B1/EP2422135B1_F0001.tif,F23G
EP2423482B1,F0002,/home/safe/Desktop/yassine/Vectorization/data/PatentData/ReorganisedData/EP2423482B1/EP2423482B1_F0002.tif,F01P
EP2424670B1,F0001,/home/safe/Desktop/yassine/Vectorization/data/PatentData/ReorganisedData/EP2424670B1/EP2424670B1_F0001.tif,B01L
EP2424700B1,F0001,/home/safe/Desktop/yassine/Vectorization/data/PatentData/ReorganisedData/EP2424700B1/EP2424700B1_F0001.tif,B23C
EP2425134B1,F0003,/home/safe/Desktop/yassine/Vectorization/data/PatentData/ReorganisedData/EP2425134B1/EP2425134B1_F0003.tif,F04B
EP2426359B1,F0001,/home/safe/Desktop/yassine/Vectorization/data/PatentData/ReorganisedData/EP2426359B1/EP2426359B1_F0001.tif,F04C
EP2426430B1,F0001,/home/safe/Desktop/yassine/Vectorization/data/PatentData/ReorganisedData/EP2426430B1/EP2426430B1_F0001.tif,F24S
EP2430290B1,F0002,/home/safe/Desktop/yassine/Vectorization/data/PatentData/ReorganisedData/EP2430290B1/EP2430290B1_F0002.tif,F01C
EP2430303B1,F0002,/home/safe/Desktop/yassine/Vectorization/data/PatentData/ReorganisedData/EP2430303B1/EP2430303B1_F0002.tif,F02M
EP2430359B1,F0001,/home/safe/Desktop/yassine/Vectorization/data/PatentData/ReorganisedData/EP2430359B1/EP2430359B1_F0001.tif,F21V
EP2434121B1,F0001,/home/safe/Desktop/yassine/Vectorization/data/PatentData/ReorganisedData/EP2434121B1/EP2434121B1_F0001.tif,F02B
EP2434231B1,F0001,/home/safe/Desktop/yassine/Vectorization/data/PatentData/ReorganisedData/EP2434231B1/EP2434231B1_F0001.tif,F25B
EP2435260B1,F0001,/home/safe/Desktop/yassine/Vectorization/data/PatentData/ReorganisedData/EP2435260B1/EP2435260B1_F0001.tif,B60C
EP2439138B1,F0003,/home/safe/Desktop/yassine/Vectorization/data/PatentData/ReorganisedData/EP2439138B1/EP2439138B1_F0003.tif,B64C
EP2439461B1,F0001,/home/safe/Desktop/yassine/Vectorization/data/PatentData/ReorganisedData/EP2439461B1/EP2439461B1_F0001.tif,F24H
EP2441915B1,F0001,/home/safe/Desktop/yassine/Vectorization/data/PatentData/ReorganisedData/EP2441915B1/EP2441915B1_F0001.tif,F01C
EP2444151B1,F0001,/home/safe/Desktop/yassine/Vectorization/data/PatentData/ReorganisedData/EP2444151B1/EP2444151B1_F0001.tif,B01J
EP2446977B1,F0001,/home/safe/Desktop/yassine/Vectorization/data/PatentData/ReorganisedData/EP2446977B1/EP2446977B1_F0001.tif,B21D
EP2448667B1,F0001,/home/safe/Desktop/yassine/Vectorization/data/PatentData/ReorganisedData/EP2448667B1/EP2448667B1_F0001.tif,B01J
EP2448849B1,F0001,/home/safe/Desktop/yassine/Vectorization/data/PatentData/ReorganisedData/EP2448849B1/EP2448849B1_F0001.tif,B65H
EP2450637B1,F0001,/home/safe/Desktop/yassine/Vectorization/data/PatentData/ReorganisedData/EP2450637B1/EP2450637B1_F0001.tif,F24D
EP2451576B1,F0001,/home/safe/Desktop/yassine/Vectorization/data/PatentData/ReorganisedData/EP2451576B1/EP2451576B1_F0001.tif,B01L
EP2451691B1,F0002,/home/safe/Desktop/yassine/Vectorization/data/PatentData/ReorganisedData/EP2451691B1/EP2451691B1_F0002.tif,B61D
EP2452791B2,F0001,/home/safe/Desktop/yassine/Vectorization/data/PatentData/ReorganisedData/EP2452791B2/EP2452791B2_F0001.tif,B27L
EP2453150B2,F0001,/home/safe/Desktop/yassine/Vectorization/data/PatentData/ReorganisedData/EP2453150B2/EP2453150B2_F0001.tif,F16J
EP2454492B1,F0001,/home/safe/Desktop/yassine/Vectorization/data/PatentData/ReorganisedData/EP2454492B1/EP2454492B1_F0001.tif,F16B
EP2454524B1,F0002,/home/safe/Desktop/yassine/Vectorization/data/PatentData/ReorganisedData/EP2454524B1/EP2454524B1_F0002.tif,F23C
EP2455176B1,F0001,/home/safe/Desktop/yassine/Vectorization/data/PatentData/ReorganisedData/EP2455176B1/EP2455176B1_F0001.tif,B23K
EP2456980B1,F0001,/home/safe/Desktop/yassine/Vectorization/data/PatentData/ReorganisedData/EP2456980B1/EP2456980B1_F0001.tif,F04B
EP2458305B1,F0001,/home/safe/Desktop/yassine/Vectorization/data/PatentData/ReorganisedData/EP2458305B1/EP2458305B1_F0001.tif,F25B
EP2461035B1,F0002,/home/safe/Desktop/yassine/Vectorization/data/PatentData/ReorganisedData/EP2461035B1/EP2461035B1_F0002.tif,F04B
EP2463135B1,F0005,/home/safe/Desktop/yassine/Vectorization/data/PatentData/ReorganisedData/EP2463135B1/EP2463135B1_F0005.tif,B60K
EP2463512B1,F0001,/home/safe/Desktop/yassine/Vectorization/data/PatentData/ReorganisedData/EP2463512B1/EP2463512B1_F0001.tif,F03D
EP2463582B1,F0003,/home/safe/Desktop/yassine/Vectorization/data/PatentData/ReorganisedData/EP2463582B1/EP2463582B1_F0003.tif,F23R
EP2463586B1,F0001,/home/safe/Desktop/yassine/Vectorization/data/PatentData/ReorganisedData/EP2463586B1/EP2463586B1_F0001.tif,F24C
EP2464865B1,F0001,/home/safe/Desktop/yassine/Vectorization/data/PatentData/ReorganisedData/EP2464865B1/EP2464865B1_F0001.tif,F03G
EP2464890B1,F0001,/home/safe/Desktop/yassine/Vectorization/data/PatentData/ReorganisedData/EP2464890B1/EP2464890B1_F0001.tif,F16G
EP2469163B1,F0001,/home/safe/Desktop/yassine/Vectorization/data/PatentData/ReorganisedData/EP2469163B1/EP2469163B1_F0001.tif,F21V
EP2471709B1,F0002,/home/safe/Desktop/yassine/Vectorization/data/PatentData/ReorganisedData/EP2471709B1/EP2471709B1_F0002.tif,B64C
EP2471728B1,F0001,/home/safe/Desktop/yassine/Vectorization/data/PatentData/ReorganisedData/EP2471728B1/EP2471728B1_F0001.tif,B65G
EP2472155B1,F0001,/home/safe/Desktop/yassine/Vectorization/data/PatentData/ReorganisedData/EP2472155B1/EP2472155B1_F0001.tif,F16L
EP2474381B1,F0001,/home/safe/Desktop/yassine/Vectorization/data/PatentData/ReorganisedData/EP2474381B1/EP2474381B1_F0001.tif,B23K
EP2475529B1,F0001,/home/safe/Desktop/yassine/Vectorization/data/PatentData/ReorganisedData/EP2475529B1/EP2475529B1_F0001.tif,B42D
EP2475883B1,F0001,/home/safe/Desktop/yassine/Vectorization/data/PatentData/ReorganisedData/EP2475883B1/EP2475883B1_F0001.tif,F03D
EP2476618B1,F0001,/home/safe/Desktop/yassine/Vectorization/data/PatentData/ReorganisedData/EP2476618B1/EP2476618B1_F0001.tif,B64D
EP2476975B1,F0001,/home/safe/Desktop/yassine/Vectorization/data/PatentData/ReorganisedData/EP2476975B1/EP2476975B1_F0001.tif,F25B
EP2479496B1,F0001,/home/safe/Desktop/yassine/Vectorization/data/PatentData/ReorganisedData/EP2479496B1/EP2479496B1_F0001.tif,F23Q
EP2480441B1,F0001,/home/safe/Desktop/yassine/Vectorization/data/PatentData/ReorganisedData/EP2480441B1/EP2480441B1_F0001.tif,B62D
EP2486362B1,F0002,/home/safe/Desktop/yassine/Vectorization/data/PatentData/ReorganisedData/EP2486362B1/EP2486362B1_F0002.tif,F41A
EP2489554B1,F0001,/home/safe/Desktop/yassine/Vectorization/data/PatentData/ReorganisedData/EP2489554B1/EP2489554B1_F0001.tif,B60R
EP2489896B1,F0002,/home/safe/Desktop/yassine/Vectorization/data/PatentData/ReorganisedData/EP2489896B1/EP2489896B1_F0002.tif,F16D
EP2489911B1,F0001,/home/safe/Desktop/yassine/Vectorization/data/PatentData/ReorganisedData/EP2489911B1/EP2489911B1_F0001.tif,F16L
EP2493699B1,F0005,/home/safe/Desktop/yassine/Vectorization/data/PatentData/ReorganisedData/EP2493699B1/EP2493699B1_F0005.tif,B42D
EP2493754B1,F0001,/home/safe/Desktop/yassine/Vectorization/data/PatentData/ReorganisedData/EP2493754B1/EP2493754B1_F0001.tif,B63B
EP2495128B1,F0002,/home/safe/Desktop/yassine/Vectorization/data/PatentData/ReorganisedData/EP2495128B1/EP2495128B1_F0002.tif,B60Q
EP2495453B1,F0001,/home/safe/Desktop/yassine/Vectorization/data/PatentData/ReorganisedData/EP2495453B1/EP2495453B1_F0001.tif,F16B
EP2495502B1,F0001,/home/safe/Desktop/yassine/Vectorization/data/PatentData/ReorganisedData/EP2495502B1/EP2495502B1_F0001.tif,F25B
EP2495503B1,F0002,/home/safe/Desktop/yassine/Vectorization/data/PatentData/ReorganisedData/EP2495503B1/EP2495503B1_F0002.tif,F24F
EP2496339B1,F0003,/home/safe/Desktop/yassine/Vectorization/data/PatentData/ReorganisedData/EP2496339B1/EP2496339B1_F0003.tif,B01F
EP2499049B1,F0003,/home/safe/Desktop/yassine/Vectorization/data/PatentData/ReorganisedData/EP2499049B1/EP2499049B1_F0003.tif,B65B
EP2499372B1,F0001,/home/safe/Desktop/yassine/Vectorization/data/PatentData/ReorganisedData/EP2499372B1/EP2499372B1_F0001.tif,F04C
EP2500523B1,F0001,/home/safe/Desktop/yassine/Vectorization/data/PatentData/ReorganisedData/EP2500523B1/EP2500523B1_F0001.tif,F01D
EP2500644B1,F0001,/home/safe/Desktop/yassine/Vectorization/data/PatentData/ReorganisedData/EP2500644B1/EP2500644B1_F0001.tif,F23D
EP2502784B1,F0002,/home/safe/Desktop/yassine/Vectorization/data/PatentData/ReorganisedData/EP2502784B1/EP2502784B1_F0002.tif,B60Q
EP2504090B2,F0001,/home/safe/Desktop/yassine/Vectorization/data/PatentData/ReorganisedData/EP2504090B2/EP2504090B2_F0001.tif,B01J
EP2504220B1,F0002,/home/safe/Desktop/yassine/Vectorization/data/PatentData/ReorganisedData/EP2504220B1/EP2504220B1_F0002.tif,B62D
EP2504574B1,F0001,/home/safe/Desktop/yassine/Vectorization/data/PatentData/ReorganisedData/EP2504574B1/EP2504574B1_F0001.tif,F03D
EP2505267B1,F0001,/home/safe/Desktop/yassine/Vectorization/data/PatentData/ReorganisedData/EP2505267B1/EP2505267B1_F0001.tif,B05B
EP2508762B1,F0005,/home/safe/Desktop/yassine/Vectorization/data/PatentData/ReorganisedData/EP2508762B1/EP2508762B1_F0005.tif,F04D
EP2508802B1,F0002,/home/safe/Desktop/yassine/Vectorization/data/PatentData/ReorganisedData/EP2508802B1/EP2508802B1_F0002.tif,F23R
EP2509734B1,F0007,/home/safe/Desktop/yassine/Vectorization/data/PatentData/ReorganisedData/EP2509734B1/EP2509734B1_F0007.tif,B22F
EP2509758B1,F0001,/home/safe/Desktop/yassine/Vectorization/data/PatentData/ReorganisedData/EP2509758B1/EP2509758B1_F0001.tif,B29B
EP2509867B1,F0001,/home/safe/Desktop/yassine/Vectorization/data/PatentData/ReorganisedData/EP2509867B1/EP2509867B1_F0001.tif,B60N
EP2510999B1,F0001,/home/safe/Desktop/yassine/Vectorization/data/PatentData/ReorganisedData/EP2510999B1/EP2510999B1_F0001.tif,B01D
EP2512906B1,F0001,/home/safe/Desktop/yassine/Vectorization/data/PatentData/ReorganisedData/EP2512906B1/EP2512906B1_F0001.tif,B62D
EP2514550B1,F0001,/home/safe/Desktop/yassine/Vectorization/data/PatentData/ReorganisedData/EP2514550B1/EP2514550B1_F0001.tif,B23K
EP2514925A3,A0001,/home/safe/Desktop/yassine/Vectorization/data/PatentData/ReorganisedData/EP2514925A3/EP2514925A3_A0001.tif,F01D
EP2515411B1,F0001,/home/safe/Desktop/yassine/Vectorization/data/PatentData/ReorganisedData/EP2515411B1/EP2515411B1_F0001.tif,B60L
EP2516308B1,F0001,/home/safe/Desktop/yassine/Vectorization/data/PatentData/ReorganisedData/EP2516308B1/EP2516308B1_F0001.tif,B66B
EP2516833B1,F0001,/home/safe/Desktop/yassine/Vectorization/data/PatentData/ReorganisedData/EP2516833B1/EP2516833B1_F0001.tif,F02F
EP2516887B1,F0001,/home/safe/Desktop/yassine/Vectorization/data/PatentData/ReorganisedData/EP2516887B1/EP2516887B1_F0001.tif,F16F
EP2517857B1,F0001,/home/safe/Desktop/yassine/Vectorization/data/PatentData/ReorganisedData/EP2517857B1/EP2517857B1_F0001.tif,B29C
EP2518269B1,F0001,/home/safe/Desktop/yassine/Vectorization/data/PatentData/ReorganisedData/EP2518269B1/EP2518269B1_F0001.tif,F01D
EP2518317B1,F0002,/home/safe/Desktop/yassine/Vectorization/data/PatentData/ReorganisedData/EP2518317B1/EP2518317B1_F0002.tif,F04B
EP2518354B1,F0003,/home/safe/Desktop/yassine/Vectorization/data/PatentData/ReorganisedData/EP2518354B1/EP2518354B1_F0003.tif,F16C
EP2518408B1,F0001,/home/safe/Desktop/yassine/Vectorization/data/PatentData/ReorganisedData/EP2518408B1/EP2518408B1_F0001.tif,F23R
EP2519354B1,F0001,/home/safe/Desktop/yassine/Vectorization/data/PatentData/ReorganisedData/EP2519354B1/EP2519354B1_F0001.tif,B01L
EP2519434B1,F0001,/home/safe/Desktop/yassine/Vectorization/data/PatentData/ReorganisedData/EP2519434B1/EP2519434B1_F0001.tif,B61B
EP2520363B1,F0001,/home/safe/Desktop/yassine/Vectorization/data/PatentData/ReorganisedData/EP2520363B1/EP2520363B1_F0001.tif,B01J
EP2520533B2,F0002,/home/safe/Desktop/yassine/Vectorization/data/PatentData/ReorganisedData/EP2520533B2/EP2520533B2_F0002.tif,B66C
EP2520832B1,F0004,/home/safe/Desktop/yassine/Vectorization/data/PatentData/ReorganisedData/EP2520832B1/EP2520832B1_F0004.tif,F16H
EP2522816B1,F0004,/home/safe/Desktop/yassine/Vectorization/data/PatentData/ReorganisedData/EP2522816B1/EP2522816B1_F0004.tif,F01D
EP2524183B1,F0001,/home/safe/Desktop/yassine/Vectorization/data/PatentData/ReorganisedData/EP2524183B1/EP2524183B1_F0001.tif,F26B
EP2524760B1,F0003,/home/safe/Desktop/yassine/Vectorization/data/PatentData/ReorganisedData/EP2524760B1/EP2524760B1_F0003.tif,B23K
EP2525955B1,F0001,/home/safe/Desktop/yassine/Vectorization/data/PatentData/ReorganisedData/EP2525955B1/EP2525955B1_F0001.tif,B29C
EP2527028B1,F0002,/home/safe/Desktop/yassine/Vectorization/data/PatentData/ReorganisedData/EP2527028B1/EP2527028B1_F0002.tif,B01D
EP2527082B1,F0002,/home/safe/Desktop/yassine/Vectorization/data/PatentData/ReorganisedData/EP2527082B1/EP2527082B1_F0002.tif,B25B
EP2527131B1,F0001,/home/safe/Desktop/yassine/Vectorization/data/PatentData/ReorganisedData/EP2527131B1/EP2527131B1_F0001.tif,B29C
EP2527197B1,F0001,/home/safe/Desktop/yassine/Vectorization/data/PatentData/ReorganisedData/EP2527197B1/EP2527197B1_F0001.tif,B60N
EP2527238B2,F0001,/home/safe/Desktop/yassine/Vectorization/data/PatentData/ReorganisedData/EP2527238B2/EP2527238B2_F0001.tif,B62K
EP2528694B1,F0001,/home/safe/Desktop/yassine/Vectorization/data/PatentData/ReorganisedData/EP2528694B1/EP2528694B1_F0001.tif,B05B
EP2531374B1,F0001,/home/safe/Desktop/yassine/Vectorization/data/PatentData/ReorganisedData/EP2531374B1/EP2531374B1_F0001.tif,B60N
EP2532993B1,F0004,/home/safe/Desktop/yassine/Vectorization/data/PatentData/ReorganisedData/EP2532993B1/EP2532993B1_F0004.tif,F25B
EP2534423B1,F0001,/home/safe/Desktop/yassine/Vectorization/data/PatentData/ReorganisedData/EP2534423B1/EP2534423B1_F0001.tif,F23K
EP2535135B1,F0001,/home/safe/Desktop/yassine/Vectorization/data/PatentData/ReorganisedData/EP2535135B1/EP2535135B1_F0001.tif,B23F
EP2536934B1,F0001,/home/safe/Desktop/yassine/Vectorization/data/PatentData/ReorganisedData/EP2536934B1/EP2536934B1_F0001.tif,F02C
EP2537626B1,F0002,/home/safe/Desktop/yassine/Vectorization/data/PatentData/ReorganisedData/EP2537626B1/EP2537626B1_F0002.tif,B23K
EP2537796B1,F0001,/home/safe/Desktop/yassine/Vectorization/data/PatentData/ReorganisedData/EP2537796B1/EP2537796B1_F0001.tif,B81B
EP2539172B1,F0001,/home/safe/Desktop/yassine/Vectorization/data/PatentData/ReorganisedData/EP2539172B1/EP2539172B1_F0001.tif,B60K
EP2539591B1,F0001,/home/safe/Desktop/yassine/Vectorization/data/PatentData/ReorganisedData/EP2539591B1/EP2539591B1_F0001.tif,F04D
EP2541074B1,F0001,/home/safe/Desktop/yassine/Vectorization/data/PatentData/ReorganisedData/EP2541074B1/EP2541074B1_F0001.tif,F15B
EP2543543B1,F0001,/home/safe/Desktop/yassine/Vectorization/data/PatentData/ReorganisedData/EP2543543B1/EP2543543B1_F0001.tif,B60Q
EP2543863B1,F0001,/home/safe/Desktop/yassine/Vectorization/data/PatentData/ReorganisedData/EP2543863B1/EP2543863B1_F0001.tif,F02K
EP2543886B1,F0002,/home/safe/Desktop/yassine/Vectorization/data/PatentData/ReorganisedData/EP2543886B1/EP2543886B1_F0002.tif,F04D
EP2544800B1,F0001,/home/safe/Desktop/yassine/Vectorization/data/PatentData/ReorganisedData/EP2544800B1/EP2544800B1_F0001.tif,B01D
EP2545276B1,F0001,/home/safe/Desktop/yassine/Vectorization/data/PatentData/ReorganisedData/EP2545276B1/EP2545276B1_F0001.tif,F03D
EP2546020B1,F0002,/home/safe/Desktop/yassine/Vectorization/data/PatentData/ReorganisedData/EP2546020B1/EP2546020B1_F0002.tif,B23K
EP2546049B1,F0001,/home/safe/Desktop/yassine/Vectorization/data/PatentData/ReorganisedData/EP2546049B1/EP2546049B1_F0001.tif,B29C
EP2547531B1,F0001,/home/safe/Desktop/yassine/Vectorization/data/PatentData/ReorganisedData/EP2547531B1/EP2547531B1_F0001.tif,B41J
EP2548773B1,F0002,/home/safe/Desktop/yassine/Vectorization/data/PatentData/ReorganisedData/EP2548773B1/EP2548773B1_F0002.tif,B60S
EP2551462B1,F0001,/home/safe/Desktop/yassine/Vectorization/data/PatentData/ReorganisedData/EP2551462B1/EP2551462B1_F0001.tif,F01D
EP2551506B1,F0002,/home/safe/Desktop/yassine/Vectorization/data/PatentData/ReorganisedData/EP2551506B1/EP2551506B1_F0002.tif,F02K
EP2552592B1,F0001,/home/safe/Desktop/yassine/Vectorization/data/PatentData/ReorganisedData/EP2552592B1/EP2552592B1_F0001.tif,B04B
EP2552646B1,F0001,/home/safe/Desktop/yassine/Vectorization/data/PatentData/ReorganisedData/EP2552646B1/EP2552646B1_F0001.tif,B24B
EP2553253B1,F0001,/home/safe/Desktop/yassine/Vectorization/data/PatentData/ReorganisedData/EP2553253B1/EP2553253B1_F0001.tif,F02M
EP2554286B1,F0001,/home/safe/Desktop/yassine/Vectorization/data/PatentData/ReorganisedData/EP2554286B1/EP2554286B1_F0001.tif,B21C
EP2555752B1,F0001,/home/safe/Desktop/yassine/Vectorization/data/PatentData/ReorganisedData/EP2555752B1/EP2555752B1_F0001.tif,B01J
EP2556243B1,F0001,/home/safe/Desktop/yassine/Vectorization/data/PatentData/ReorganisedData/EP2556243B1/EP2556243B1_F0001.tif,F03D
EP2556890B1,F0001,/home/safe/Desktop/yassine/Vectorization/data/PatentData/ReorganisedData/EP2556890B1/EP2556890B1_F0001.tif,B01L
EP2556990B1,F0007,/home/safe/Desktop/yassine/Vectorization/data/PatentData/ReorganisedData/EP2556990B1/EP2556990B1_F0007.tif,B60L
EP2557011B1,F0005,/home/safe/Desktop/yassine/Vectorization/data/PatentData/ReorganisedData/EP2557011B1/EP2557011B1_F0005.tif,B60W
EP2558240B1,F0002,/home/safe/Desktop/yassine/Vectorization/data/PatentData/ReorganisedData/EP2558240B1/EP2558240B1_F0002.tif,B23K
EP2558250B1,F0001,/home/safe/Desktop/yassine/Vectorization/data/PatentData/ReorganisedData/EP2558250B1/EP2558250B1_F0001.tif,B26B
EP2558337B1,F0001,/home/safe/Desktop/yassine/Vectorization/data/PatentData/ReorganisedData/EP2558337B1/EP2558337B1_F0001.tif,B60T
EP2558387B1,F0001,/home/safe/Desktop/yassine/Vectorization/data/PatentData/ReorganisedData/EP2558387B1/EP2558387B1_F0001.tif,B27B
EP2558785B1,F0007,/home/safe/Desktop/yassine/Vectorization/data/PatentData/ReorganisedData/EP2558785B1/EP2558785B1_F0007.tif,F24C
EP2559603B1,F0002,/home/safe/Desktop/yassine/Vectorization/data/PatentData/ReorganisedData/EP2559603B1/EP2559603B1_F0002.tif,B61C
EP2559947B1,F0001,/home/safe/Desktop/yassine/Vectorization/data/PatentData/ReorganisedData/EP2559947B1/EP2559947B1_F0001.tif,F23R
EP2560773B1,F0001,/home/safe/Desktop/yassine/Vectorization/data/PatentData/ReorganisedData/EP2560773B1/EP2560773B1_F0001.tif,B21D
EP2560814B1,F0004,/home/safe/Desktop/yassine/Vectorization/data/PatentData/ReorganisedData/EP2560814B1/EP2560814B1_F0004.tif,B32B
EP2560822B1,F0001,/home/safe/Desktop/yassine/Vectorization/data/PatentData/ReorganisedData/EP2560822B1/EP2560822B1_F0001.tif,B42D
EP2561252B1,F0002,/home/safe/Desktop/yassine/Vectorization/data/PatentData/ReorganisedData/EP2561252B1/EP2561252B1_F0002.tif,F16H
EP2561287B1,F0001,/home/safe/Desktop/yassine/Vectorization/data/PatentData/ReorganisedData/EP2561287B1/EP2561287B1_F0001.tif,F24S
EP2562039B1,F0003,/home/safe/Desktop/yassine/Vectorization/data/PatentData/ReorganisedData/EP2562039B1/EP2562039B1_F0003.tif,B60Q
EP2562376B1,F0001,/home/safe/Desktop/yassine/Vectorization/data/PatentData/ReorganisedData/EP2562376B1/EP2562376B1_F0001.tif,F01N
EP2562411B1,F0001,/home/safe/Desktop/yassine/Vectorization/data/PatentData/ReorganisedData/EP2562411B1/EP2562411B1_F0001.tif,F03B
EP2563510B1,F0001,/home/safe/Desktop/yassine/Vectorization/data/PatentData/ReorganisedData/EP2563510B1/EP2563510B1_F0001.tif,B01J
EP2563569B1,F0001,/home/safe/Desktop/yassine/Vectorization/data/PatentData/ReorganisedData/EP2563569B1/EP2563569B1_F0001.tif,B29C
EP2565056B1,F0001,/home/safe/Desktop/yassine/Vectorization/data/PatentData/ReorganisedData/EP2565056B1/EP2565056B1_F0001.tif,B60C
EP2565460B1,F0003,/home/safe/Desktop/yassine/Vectorization/data/PatentData/ReorganisedData/EP2565460B1/EP2565460B1_F0003.tif,F04C
EP2567085B1,F0001,/home/safe/Desktop/yassine/Vectorization/data/PatentData/ReorganisedData/EP2567085B1/EP2567085B1_F0001.tif,F16K
EP2567097B1,F0001,/home/safe/Desktop/yassine/Vectorization/data/PatentData/ReorganisedData/EP2567097B1/EP2567097B1_F0001.tif,F04D
EP2567442B1,F0005,/home/safe/Desktop/yassine/Vectorization/data/PatentData/ReorganisedData/EP2567442B1/EP2567442B1_F0005.tif,B60R
EP2568171B1,F0001,/home/safe/Desktop/yassine/Vectorization/data/PatentData/ReorganisedData/EP2568171B1/EP2568171B1_F0001.tif,F04B
EP2570735B1,F0001,/home/safe/Desktop/yassine/Vectorization/data/PatentData/ReorganisedData/EP2570735B1/EP2570735B1_F0001.tif,F24C
EP2574868B1,F0004,/home/safe/Desktop/yassine/Vectorization/data/PatentData/ReorganisedData/EP2574868B1/EP2574868B1_F0004.tif,F25D
EP2574982B1,F0001,/home/safe/Desktop/yassine/Vectorization/data/PatentData/ReorganisedData/EP2574982B1/EP2574982B1_F0001.tif,F21K
EP2577104B1,F0006,/home/safe/Desktop/yassine/Vectorization/data/PatentData/ReorganisedData/EP2577104B1/EP2577104B1_F0006.tif,F16H
EP2578432B1,F0001,/home/safe/Desktop/yassine/Vectorization/data/PatentData/ReorganisedData/EP2578432B1/EP2578432B1_F0001.tif,B60K
EP2578808B1,F0001,/home/safe/Desktop/yassine/Vectorization/data/PatentData/ReorganisedData/EP2578808B1/EP2578808B1_F0001.tif,F01D
EP2578884B1,F0001,/home/safe/Desktop/yassine/Vectorization/data/PatentData/ReorganisedData/EP2578884B1/EP2578884B1_F0001.tif,F04C
EP2581264B1,F0001,/home/safe/Desktop/yassine/Vectorization/data/PatentData/ReorganisedData/EP2581264B1/EP2581264B1_F0001.tif,B60P
EP2581665B1,F0001,/home/safe/Desktop/yassine/Vectorization/data/PatentData/ReorganisedData/EP2581665B1/EP2581665B1_F0001.tif,F24C
EP2582945B1,F0001,/home/safe/Desktop/yassine/Vectorization/data/PatentData/ReorganisedData/EP2582945B1/EP2582945B1_F0001.tif,F01N
EP2582955B1,F0007,/home/safe/Desktop/yassine/Vectorization/data/PatentData/ReorganisedData/EP2582955B1/EP2582955B1_F0007.tif,F02B
EP2583783B1,F0001,/home/safe/Desktop/yassine/Vectorization/data/PatentData/ReorganisedData/EP2583783B1/EP2583783B1_F0001.tif,B23K
EP2583840B1,F0001,/home/safe/Desktop/yassine/Vectorization/data/PatentData/ReorganisedData/EP2583840B1/EP2583840B1_F0001.tif,B60C
EP2584177B1,F0001,/home/safe/Desktop/yassine/Vectorization/data/PatentData/ReorganisedData/EP2584177B1/EP2584177B1_F0001.tif,F02C
EP2585772B1,F0001,/home/safe/Desktop/yassine/Vectorization/data/PatentData/ReorganisedData/EP2585772B1/EP2585772B1_F0001.tif,F25C
EP2586971B1,F0001,/home/safe/Desktop/yassine/Vectorization/data/PatentData/ReorganisedData/EP2586971B1/EP2586971B1_F0001.tif,F01D
EP2587023B1,F0001,/home/safe/Desktop/yassine/Vectorization/data/PatentData/ReorganisedData/EP2587023B1/EP2587023B1_F0001.tif,F02C
EP2587050B1,F0001,/home/safe/Desktop/yassine/Vectorization/data/PatentData/ReorganisedData/EP2587050B1/EP2587050B1_F0001.tif,F03D
EP2587153B1,F0001,/home/safe/Desktop/yassine/Vectorization/data/PatentData/ReorganisedData/EP2587153B1/EP2587153B1_F0001.tif,F23R
EP2588356B1,F0001,/home/safe/Desktop/yassine/Vectorization/data/PatentData/ReorganisedData/EP2588356B1/EP2588356B1_F0001.tif,B61D
EP2588807B1,F0001,/home/safe/Desktop/yassine/Vectorization/data/PatentData/ReorganisedData/EP2588807B1/EP2588807B1_F0001.tif,F23D
EP2589759B1,F0002,/home/safe/Desktop/yassine/Vectorization/data/PatentData/ReorganisedData/EP2589759B1/EP2589759B1_F0002.tif,F01D
EP2591909B1,F0004,/home/safe/Desktop/yassine/Vectorization/data/PatentData/ReorganisedData/EP2591909B1/EP2591909B1_F0004.tif,B29C
EP2592002B1,F0001,/home/safe/Desktop/yassine/Vectorization/data/PatentData/ReorganisedData/EP2592002B1/EP2592002B1_F0001.tif,B64D
EP2592231B1,F0001,/home/safe/Desktop/yassine/Vectorization/data/PatentData/ReorganisedData/EP2592231B1/EP2592231B1_F0001.tif,F01D
EP2592232B1,F0001,/home/safe/Desktop/yassine/Vectorization/data/PatentData/ReorganisedData/EP2592232B1/EP2592232B1_F0001.tif,F01D
EP2592280B1,F0004,/home/safe/Desktop/yassine/Vectorization/data/PatentData/ReorganisedData/EP2592280B1/EP2592280B1_F0004.tif,F04D
EP2593301B1,F0001,/home/safe/Desktop/yassine/Vectorization/data/PatentData/ReorganisedData/EP2593301B1/EP2593301B1_F0001.tif,B32B
EP2594476B1,F0003,/home/safe/Desktop/yassine/Vectorization/data/PatentData/ReorganisedData/EP2594476B1/EP2594476B1_F0003.tif,B63C
EP2594487B1,F0004,/home/safe/Desktop/yassine/Vectorization/data/PatentData/ReorganisedData/EP2594487B1/EP2594487B1_F0004.tif,B64D
EP2596958B1,F0002,/home/safe/Desktop/yassine/Vectorization/data/PatentData/ReorganisedData/EP2596958B1/EP2596958B1_F0002.tif,B41J
EP2597004B1,F0002,/home/safe/Desktop/yassine/Vectorization/data/PatentData/ReorganisedData/EP2597004B1/EP2597004B1_F0002.tif,B60L
EP2597365B1,F0001,/home/safe/Desktop/yassine/Vectorization/data/PatentData/ReorganisedData/EP2597365B1/EP2597365B1_F0001.tif,F21V
EP2598245B1,F0001,/home/safe/Desktop/yassine/Vectorization/data/PatentData/ReorganisedData/EP2598245B1/EP2598245B1_F0001.tif,B01L
EP2598681B1,F0001,/home/safe/Desktop/yassine/Vectorization/data/PatentData/ReorganisedData/EP2598681B1/EP2598681B1_F0001.tif,B29C
EP2598781B1,F0001,/home/safe/Desktop/yassine/Vectorization/data/PatentData/ReorganisedData/EP2598781B1/EP2598781B1_F0001.tif,F16K
EP2598790B1,F0001,/home/safe/Desktop/yassine/Vectorization/data/PatentData/ReorganisedData/EP2598790B1/EP2598790B1_F0001.tif,F16M
EP2599680B1,F0001,/home/safe/Desktop/yassine/Vectorization/data/PatentData/ReorganisedData/EP2599680B1/EP2599680B1_F0001.tif,B60W
EP2599683B1,F0001,/home/safe/Desktop/yassine/Vectorization/data/PatentData/ReorganisedData/EP2599683B1/EP2599683B1_F0001.tif,B61L
EP2599991B1,F0001,/home/safe/Desktop/yassine/Vectorization/data/PatentData/ReorganisedData/EP2599991B1/EP2599991B1_F0001.tif,F02P
EP2602032B1,F0001,/home/safe/Desktop/yassine/Vectorization/data/PatentData/ReorganisedData/EP2602032B1/EP2602032B1_F0001.tif,B21C
EP2602166B1,F0001,/home/safe/Desktop/yassine/Vectorization/data/PatentData/ReorganisedData/EP2602166B1/EP2602166B1_F0001.tif,B61D
EP2602534B1,F0001,/home/safe/Desktop/yassine/Vectorization/data/PatentData/ReorganisedData/EP2602534B1/EP2602534B1_F0001.tif,F16B
EP2603743B1,F0002,/home/safe/Desktop/yassine/Vectorization/data/PatentData/ReorganisedData/EP2603743B1/EP2603743B1_F0002.tif,F24F
EP2604330B1,F0001,/home/safe/Desktop/yassine/Vectorization/data/PatentData/ReorganisedData/EP2604330B1/EP2604330B1_F0001.tif,B01D
EP2604340B1,F0002,/home/safe/Desktop/yassine/Vectorization/data/PatentData/ReorganisedData/EP2604340B1/EP2604340B1_F0002.tif,B01J
EP2604951B1,F0004,/home/safe/Desktop/yassine/Vectorization/data/PatentData/ReorganisedData/EP2604951B1/EP2604951B1_F0004.tif,F25B
EP2604952B1,F0002,/home/safe/Desktop/yassine/Vectorization/data/PatentData/ReorganisedData/EP2604952B1/EP2604952B1_F0002.tif,F25B
EP2606978B1,F0003,/home/safe/Desktop/yassine/Vectorization/data/PatentData/ReorganisedData/EP2606978B1/EP2606978B1_F0003.tif,B02C
EP2607090B1,F0002,/home/safe/Desktop/yassine/Vectorization/data/PatentData/ReorganisedData/EP2607090B1/EP2607090B1_F0002.tif,B41J
EP2607153B1,F0001,/home/safe/Desktop/yassine/Vectorization/data/PatentData/ReorganisedData/EP2607153B1/EP2607153B1_F0001.tif,B60N
EP2607799B1,F0002,/home/safe/Desktop/yassine/Vectorization/data/PatentData/ReorganisedData/EP2607799B1/EP2607799B1_F0002.tif,F24F
EP2608948B1,F0001,/home/safe/Desktop/yassine/Vectorization/data/PatentData/ReorganisedData/EP2608948B1/EP2608948B1_F0001.tif,B29C
EP2610053B1,F0001,/home/safe/Desktop/yassine/Vectorization/data/PatentData/ReorganisedData/EP2610053B1/EP2610053B1_F0001.tif,B32B
EP2612075B1,F0004,/home/safe/Desktop/yassine/Vectorization/data/PatentData/ReorganisedData/EP2612075B1/EP2612075B1_F0004.tif,F23L
EP2612096B1,F0001,/home/safe/Desktop/yassine/Vectorization/data/PatentData/ReorganisedData/EP2612096B1/EP2612096B1_F0001.tif,F28D
EP2612837B1,F0001,/home/safe/Desktop/yassine/Vectorization/data/PatentData/ReorganisedData/EP2612837B1/EP2612837B1_F0001.tif,B32B
EP2613007B1,F0001,/home/safe/Desktop/yassine/Vectorization/data/PatentData/ReorganisedData/EP2613007B1/EP2613007B1_F0001.tif,F01D
EP2613089B1,F0001,/home/safe/Desktop/yassine/Vectorization/data/PatentData/ReorganisedData/EP2613089B1/EP2613089B1_F0001.tif,F23R
EP2615362B1,F0001,/home/safe/Desktop/yassine/Vectorization/data/PatentData/ReorganisedData/EP2615362B1/EP2615362B1_F0001.tif,F21L
EP2615384B1,F0001,/home/safe/Desktop/yassine/Vectorization/data/PatentData/ReorganisedData/EP2615384B1/EP2615384B1_F0001.tif,F24D
EP2616267B1,F0001,/home/safe/Desktop/yassine/Vectorization/data/PatentData/ReorganisedData/EP2616267B1/EP2616267B1_F0001.tif,B60L
EP2616275B1,F0001,/home/safe/Desktop/yassine/Vectorization/data/PatentData/ReorganisedData/EP2616275B1/EP2616275B1_F0001.tif,B60Q
EP2616300B1,F0001,/home/safe/Desktop/yassine/Vectorization/data/PatentData/ReorganisedData/EP2616300B1/EP2616300B1_F0001.tif,B61C
EP2617637B1,F0001,/home/safe/Desktop/yassine/Vectorization/data/PatentData/ReorganisedData/EP2617637B1/EP2617637B1_F0001.tif,B62M
EP2618991B1,F0001,/home/safe/Desktop/yassine/Vectorization/data/PatentData/ReorganisedData/EP2618991B1/EP2618991B1_F0001.tif,B29C
EP2620302B1,F0001,/home/safe/Desktop/yassine/Vectorization/data/PatentData/ReorganisedData/EP2620302B1/EP2620302B1_F0001.tif,B60G
EP2622236B1,F0001,/home/safe/Desktop/yassine/Vectorization/data/PatentData/ReorganisedData/EP2622236B1/EP2622236B1_F0001.tif,F16C
EP2622256B1,F0001,/home/safe/Desktop/yassine/Vectorization/data/PatentData/ReorganisedData/EP2622256B1/EP2622256B1_F0001.tif,F21K
EP2623234B1,F0001,/home/safe/Desktop/yassine/Vectorization/data/PatentData/ReorganisedData/EP2623234B1/EP2623234B1_F0001.tif,B22F
EP2623261B1,F0001,/home/safe/Desktop/yassine/Vectorization/data/PatentData/ReorganisedData/EP2623261B1/EP2623261B1_F0001.tif,B24B
EP2623349B1,F0001,/home/safe/Desktop/yassine/Vectorization/data/PatentData/ReorganisedData/EP2623349B1/EP2623349B1_F0001.tif,B60J
EP2623379B1,F0003,/home/safe/Desktop/yassine/Vectorization/data/PatentData/ReorganisedData/EP2623379B1/EP2623379B1_F0003.tif,B60S
EP2623893B1,F0001,/home/safe/Desktop/yassine/Vectorization/data/PatentData/ReorganisedData/EP2623893B1/EP2623893B1_F0001.tif,F25B
EP2625429B1,F0001,/home/safe/Desktop/yassine/Vectorization/data/PatentData/ReorganisedData/EP2625429B1/EP2625429B1_F0001.tif,F04D
EP2625484B1,F0002,/home/safe/Desktop/yassine/Vectorization/data/PatentData/ReorganisedData/EP2625484B1/EP2625484B1_F0002.tif,F28D
EP2626551B1,F0001,/home/safe/Desktop/yassine/Vectorization/data/PatentData/ReorganisedData/EP2626551B1/EP2626551B1_F0001.tif,F03D
EP2626604B1,F0006,/home/safe/Desktop/yassine/Vectorization/data/PatentData/ReorganisedData/EP2626604B1/EP2626604B1_F0006.tif,F01D
EP2626630B1,F0001,/home/safe/Desktop/yassine/Vectorization/data/PatentData/ReorganisedData/EP2626630B1/EP2626630B1_F0001.tif,F23Q
EP2628587B1,F0003,/home/safe/Desktop/yassine/Vectorization/data/PatentData/ReorganisedData/EP2628587B1/EP2628587B1_F0003.tif,B29C
EP2628679B1,F0001,/home/safe/Desktop/yassine/Vectorization/data/PatentData/ReorganisedData/EP2628679B1/EP2628679B1_F0001.tif,B64C
EP2628968B1,F0001,/home/safe/Desktop/yassine/Vectorization/data/PatentData/ReorganisedData/EP2628968B1/EP2628968B1_F0001.tif,F16C
EP2628992B1,F0001,/home/safe/Desktop/yassine/Vectorization/data/PatentData/ReorganisedData/EP2628992B1/EP2628992B1_F0001.tif,F16M
EP2629962B1,F0001,/home/safe/Desktop/yassine/Vectorization/data/PatentData/ReorganisedData/EP2629962B1/EP2629962B1_F0001.tif,B29C
EP2630432B1,F0001,/home/safe/Desktop/yassine/Vectorization/data/PatentData/ReorganisedData/EP2630432B1/EP2630432B1_F0001.tif,F28F
EP2632665B1,F0001,/home/safe/Desktop/yassine/Vectorization/data/PatentData/ReorganisedData/EP2632665B1/EP2632665B1_F0001.tif,B26B
EP2634427B1,F0001,/home/safe/Desktop/yassine/Vectorization/data/PatentData/ReorganisedData/EP2634427B1/EP2634427B1_F0001.tif,F04B
EP2635361B1,F0002,/home/safe/Desktop/yassine/Vectorization/data/PatentData/ReorganisedData/EP2635361B1/EP2635361B1_F0002.tif,B01D
EP2640991B1,F0001,/home/safe/Desktop/yassine/Vectorization/data/PatentData/ReorganisedData/EP2640991B1/EP2640991B1_F0001.tif,F16D
EP2641053B1,F0003,/home/safe/Desktop/yassine/Vectorization/data/PatentData/ReorganisedData/EP2641053B1/EP2641053B1_F0003.tif,B64D
EP2641763B1,F0001,/home/safe/Desktop/yassine/Vectorization/data/PatentData/ReorganisedData/EP2641763B1/EP2641763B1_F0001.tif,B60J
EP2642132B1,F0002,/home/safe/Desktop/yassine/Vectorization/data/PatentData/ReorganisedData/EP2642132B1/EP2642132B1_F0002.tif,F15B
EP2642208B1,F0001,/home/safe/Desktop/yassine/Vectorization/data/PatentData/ReorganisedData/EP2642208B1/EP2642208B1_F0001.tif,F23R
EP2642241B1,F0001,/home/safe/Desktop/yassine/Vectorization/data/PatentData/ReorganisedData/EP2642241B1/EP2642241B1_F0001.tif,F42B
EP2643086B1,F0001,/home/safe/Desktop/yassine/Vectorization/data/PatentData/ReorganisedData/EP2643086B1/EP2643086B1_F0001.tif,B01J
EP2643272B1,F0002,/home/safe/Desktop/yassine/Vectorization/data/PatentData/ReorganisedData/EP2643272B1/EP2643272B1_F0002.tif,B01D
EP2644539B1,F0002,/home/safe/Desktop/yassine/Vectorization/data/PatentData/ReorganisedData/EP2644539B1/EP2644539B1_F0002.tif,B65G
EP2644872B1,F0001,/home/safe/Desktop/yassine/Vectorization/data/PatentData/ReorganisedData/EP2644872B1/EP2644872B1_F0001.tif,F02D
EP2644912B1,F0001,/home/safe/Desktop/yassine/Vectorization/data/PatentData/ReorganisedData/EP2644912B1/EP2644912B1_F0001.tif,F16B
EP2644944B1,F0001,/home/safe/Desktop/yassine/Vectorization/data/PatentData/ReorganisedData/EP2644944B1/EP2644944B1_F0001.tif,F16H
EP2646133B1,F0001,/home/safe/Desktop/yassine/Vectorization/data/PatentData/ReorganisedData/EP2646133B1/EP2646133B1_F0001.tif,B01D
EP2647448B1,F0001,/home/safe/Desktop/yassine/Vectorization/data/PatentData/ReorganisedData/EP2647448B1/EP2647448B1_F0001.tif,B21D
EP2647505B1,F0001,/home/safe/Desktop/yassine/Vectorization/data/PatentData/ReorganisedData/EP2647505B1/EP2647505B1_F0001.tif,B41F
EP2647568B1,F0001,/home/safe/Desktop/yassine/Vectorization/data/PatentData/ReorganisedData/EP2647568B1/EP2647568B1_F0001.tif,B64C
EP2647730B1,F0001,/home/safe/Desktop/yassine/Vectorization/data/PatentData/ReorganisedData/EP2647730B1/EP2647730B1_F0001.tif,B32B
EP2647869B1,F0002,/home/safe/Desktop/yassine/Vectorization/data/PatentData/ReorganisedData/EP2647869B1/EP2647869B1_F0002.tif,F16F
EP2647900B1,F0003,/home/safe/Desktop/yassine/Vectorization/data/PatentData/ReorganisedData/EP2647900B1/EP2647900B1_F0003.tif,F16M
EP2650133B1,F0002,/home/safe/Desktop/yassine/Vectorization/data/PatentData/ReorganisedData/EP2650133B1/EP2650133B1_F0002.tif,B41J
EP2650134B1,F0001,/home/safe/Desktop/yassine/Vectorization/data/PatentData/ReorganisedData/EP2650134B1/EP2650134B1_F0001.tif,B41J
EP2650490B1,F0003,/home/safe/Desktop/yassine/Vectorization/data/PatentData/ReorganisedData/EP2650490B1/EP2650490B1_F0003.tif,F01D
EP2650520B1,F0002,/home/safe/Desktop/yassine/Vectorization/data/PatentData/ReorganisedData/EP2650520B1/EP2650520B1_F0002.tif,F02K
EP2651647B1,F0001,/home/safe/Desktop/yassine/Vectorization/data/PatentData/ReorganisedData/EP2651647B1/EP2651647B1_F0001.tif,B41J
EP2651713B1,F0001,/home/safe/Desktop/yassine/Vectorization/data/PatentData/ReorganisedData/EP2651713B1/EP2651713B1_F0001.tif,B60S
EP2651801B1,F0001,/home/safe/Desktop/yassine/Vectorization/data/PatentData/ReorganisedData/EP2651801B1/EP2651801B1_F0001.tif,B65H
EP2652394B1,F0001,/home/safe/Desktop/yassine/Vectorization/data/PatentData/ReorganisedData/EP2652394B1/EP2652394B1_F0001.tif,F21S
EP2653309B1,F0003,/home/safe/Desktop/yassine/Vectorization/data/PatentData/ReorganisedData/EP2653309B1/EP2653309B1_F0003.tif,B41F
EP2653345B1,F0002,/home/safe/Desktop/yassine/Vectorization/data/PatentData/ReorganisedData/EP2653345B1/EP2653345B1_F0002.tif,B60Q
EP2653380B1,F0001,/home/safe/Desktop/yassine/Vectorization/data/PatentData/ReorganisedData/EP2653380B1/EP2653380B1_F0001.tif,B64C
EP2653783B1,F0005,/home/safe/Desktop/yassine/Vectorization/data/PatentData/ReorganisedData/EP2653783B1/EP2653783B1_F0005.tif,F23R
EP2653794B2,F0001,/home/safe/Desktop/yassine/Vectorization/data/PatentData/ReorganisedData/EP2653794B2/EP2653794B2_F0001.tif,F24D
EP2653823B1,F0001,/home/safe/Desktop/yassine/Vectorization/data/PatentData/ReorganisedData/EP2653823B1/EP2653823B1_F0001.tif,F41C
EP2655922B1,F0001,/home/safe/Desktop/yassine/Vectorization/data/PatentData/ReorganisedData/EP2655922B1/EP2655922B1_F0001.tif,F16F
EP2656952B1,F0003,/home/safe/Desktop/yassine/Vectorization/data/PatentData/ReorganisedData/EP2656952B1/EP2656952B1_F0003.tif,B23D
EP2657007B1,F0001,/home/safe/Desktop/yassine/Vectorization/data/PatentData/ReorganisedData/EP2657007B1/EP2657007B1_F0001.tif,B60S
EP2657451B1,F0001,/home/safe/Desktop/yassine/Vectorization/data/PatentData/ReorganisedData/EP2657451B1/EP2657451B1_F0001.tif,F01D
EP2657466B1,F0001,/home/safe/Desktop/yassine/Vectorization/data/PatentData/ReorganisedData/EP2657466B1/EP2657466B1_F0001.tif,F01K
EP2657475B1,F0001,/home/safe/Desktop/yassine/Vectorization/data/PatentData/ReorganisedData/EP2657475B1/EP2657475B1_F0001.tif,F01N
EP2657566B1,F0001,/home/safe/Desktop/yassine/Vectorization/data/PatentData/ReorganisedData/EP2657566B1/EP2657566B1_F0001.tif,F16F
EP2657620B1,F0001,/home/safe/Desktop/yassine/Vectorization/data/PatentData/ReorganisedData/EP2657620B1/EP2657620B1_F0001.tif,F24F
EP2658663B1,F0003,/home/safe/Desktop/yassine/Vectorization/data/PatentData/ReorganisedData/EP2658663B1/EP2658663B1_F0003.tif,B21D
EP2658805B1,F0001,/home/safe/Desktop/yassine/Vectorization/data/PatentData/ReorganisedData/EP2658805B1/EP2658805B1_F0001.tif,B66B
EP2659162B1,F0001,/home/safe/Desktop/yassine/Vectorization/data/PatentData/ReorganisedData/EP2659162B1/EP2659162B1_F0001.tif,F16G
EP2659172B1,F0001,/home/safe/Desktop/yassine/Vectorization/data/PatentData/ReorganisedData/EP2659172B1/EP2659172B1_F0001.tif,F16K
EP2659186B1,F0001,/home/safe/Desktop/yassine/Vectorization/data/PatentData/ReorganisedData/EP2659186B1/EP2659186B1_F0001.tif,F23L
EP2660097B1,F0001,/home/safe/Desktop/yassine/Vectorization/data/PatentData/ReorganisedData/EP2660097B1/EP2660097B1_F0001.tif,B60L
EP2660426B1,F0001,/home/safe/Desktop/yassine/Vectorization/data/PatentData/ReorganisedData/EP2660426B1/EP2660426B1_F0001.tif,F01D
EP2660466B1,F0001,/home/safe/Desktop/yassine/Vectorization/data/PatentData/ReorganisedData/EP2660466B1/EP2660466B1_F0001.tif,F03D
EP2660489B1,F0001,/home/safe/Desktop/yassine/Vectorization/data/PatentData/ReorganisedData/EP2660489B1/EP2660489B1_F0001.tif,F16D
EP2660502B1,F0001,/home/safe/Desktop/yassine/Vectorization/data/PatentData/ReorganisedData/EP2660502B1/EP2660502B1_F0001.tif,F16M
EP2662538B1,F0003,/home/safe/Desktop/yassine/Vectorization/data/PatentData/ReorganisedData/EP2662538B1/EP2662538B1_F0003.tif,F01D
EP2662591B1,F0001,/home/safe/Desktop/yassine/Vectorization/data/PatentData/ReorganisedData/EP2662591B1/EP2662591B1_F0001.tif,F16F
EP2664801B1,F0001,/home/safe/Desktop/yassine/Vectorization/data/PatentData/ReorganisedData/EP2664801B1/EP2664801B1_F0001.tif,F04F
EP2664818B1,F0001,/home/safe/Desktop/yassine/Vectorization/data/PatentData/ReorganisedData/EP2664818B1/EP2664818B1_F0001.tif,F16F
EP2666600B1,F0003,/home/safe/Desktop/yassine/Vectorization/data/PatentData/ReorganisedData/EP2666600B1/EP2666600B1_F0003.tif,B25J
EP2666723B1,F0001,/home/safe/Desktop/yassine/Vectorization/data/PatentData/ReorganisedData/EP2666723B1/EP2666723B1_F0001.tif,B64G
EP2667983B1,F0001,/home/safe/Desktop/yassine/Vectorization/data/PatentData/ReorganisedData/EP2667983B1/EP2667983B1_F0001.tif,B21B
EP2668996B1,F0002,/home/safe/Desktop/yassine/Vectorization/data/PatentData/ReorganisedData/EP2668996B1/EP2668996B1_F0002.tif,B01D
EP2669057B1,F0001,/home/safe/Desktop/yassine/Vectorization/data/PatentData/ReorganisedData/EP2669057B1/EP2669057B1_F0001.tif,B25C
EP2669093B1,F0002,/home/safe/Desktop/yassine/Vectorization/data/PatentData/ReorganisedData/EP2669093B1/EP2669093B1_F0002.tif,B41J
EP2669523B1,F0002,/home/safe/Desktop/yassine/Vectorization/data/PatentData/ReorganisedData/EP2669523B1/EP2669523B1_F0002.tif,F04C
EP2670587B1,F0002,/home/safe/Desktop/yassine/Vectorization/data/PatentData/ReorganisedData/EP2670587B1/EP2670587B1_F0002.tif,B30B
EP2670591B2,F0002,/home/safe/Desktop/yassine/Vectorization/data/PatentData/ReorganisedData/EP2670591B2/EP2670591B2_F0002.tif,B32B
EP2670601B1,F0002,/home/safe/Desktop/yassine/Vectorization/data/PatentData/ReorganisedData/EP2670601B1/EP2670601B1_F0002.tif,B41J
EP2670685B1,F0001,/home/safe/Desktop/yassine/Vectorization/data/PatentData/ReorganisedData/EP2670685B1/EP2670685B1_F0001.tif,B65D
EP2672130B1,F0002,/home/safe/Desktop/yassine/Vectorization/data/PatentData/ReorganisedData/EP2672130B1/EP2672130B1_F0002.tif,F16C
EP2672179B1,F0003,/home/safe/Desktop/yassine/Vectorization/data/PatentData/ReorganisedData/EP2672179B1/EP2672179B1_F0003.tif,F23C
EP2673511B1,F0001,/home/safe/Desktop/yassine/Vectorization/data/PatentData/ReorganisedData/EP2673511B1/EP2673511B1_F0001.tif,F04D
EP2673528B1,F0001,/home/safe/Desktop/yassine/Vectorization/data/PatentData/ReorganisedData/EP2673528B1/EP2673528B1_F0001.tif,F16F
EP2673544B1,F0001,/home/safe/Desktop/yassine/Vectorization/data/PatentData/ReorganisedData/EP2673544B1/EP2673544B1_F0001.tif,F16L
EP2674258B1,F0001,/home/safe/Desktop/yassine/Vectorization/data/PatentData/ReorganisedData/EP2674258B1/EP2674258B1_F0001.tif,B25D
EP2674596B1,F0001,/home/safe/Desktop/yassine/Vectorization/data/PatentData/ReorganisedData/EP2674596B1/EP2674596B1_F0001.tif,F02D
EP2675596B1,F0001,/home/safe/Desktop/yassine/Vectorization/data/PatentData/ReorganisedData/EP2675596B1/EP2675596B1_F0001.tif,B25B
EP2676005B1,F0001,/home/safe/Desktop/yassine/Vectorization/data/PatentData/ReorganisedData/EP2676005B1/EP2676005B1_F0001.tif,F01D
EP2676772B1,F0001,/home/safe/Desktop/yassine/Vectorization/data/PatentData/ReorganisedData/EP2676772B1/EP2676772B1_F0001.tif,B24D
EP2677607B1,F0005,/home/safe/Desktop/yassine/Vectorization/data/PatentData/ReorganisedData/EP2677607B1/EP2677607B1_F0005.tif,B60L
EP2678195B1,F0001,/home/safe/Desktop/yassine/Vectorization/data/PatentData/ReorganisedData/EP2678195B1/EP2678195B1_F0001.tif,B60S
EP2678415B1,F0001,/home/safe/Desktop/yassine/Vectorization/data/PatentData/ReorganisedData/EP2678415B1/EP2678415B1_F0001.tif,F04B
EP2678514B1,F0001,/home/safe/Desktop/yassine/Vectorization/data/PatentData/ReorganisedData/EP2678514B1/EP2678514B1_F0001.tif,B22F
EP2678617B1,F0002,/home/safe/Desktop/yassine/Vectorization/data/PatentData/ReorganisedData/EP2678617B1/EP2678617B1_F0002.tif,F24S
EP2679419B1,F0002,/home/safe/Desktop/yassine/Vectorization/data/PatentData/ReorganisedData/EP2679419B1/EP2679419B1_F0002.tif,B60H
EP2679558B1,F0001,/home/safe/Desktop/yassine/Vectorization/data/PatentData/ReorganisedData/EP2679558B1/EP2679558B1_F0001.tif,B32B
EP2679857B1,F0002,/home/safe/Desktop/yassine/Vectorization/data/PatentData/ReorganisedData/EP2679857B1/EP2679857B1_F0002.tif,F16F
EP2681480B1,F0001,/home/safe/Desktop/yassine/Vectorization/data/PatentData/ReorganisedData/EP2681480B1/EP2681480B1_F0001.tif,F02M
EP2682173B1,F0002,/home/safe/Desktop/yassine/Vectorization/data/PatentData/ReorganisedData/EP2682173B1/EP2682173B1_F0002.tif,B01D
EP2682214B1,F0001,/home/safe/Desktop/yassine/Vectorization/data/PatentData/ReorganisedData/EP2682214B1/EP2682214B1_F0001.tif,B23D
EP2682575B1,F0001,/home/safe/Desktop/yassine/Vectorization/data/PatentData/ReorganisedData/EP2682575B1/EP2682575B1_F0001.tif,F01N
EP2682644B1,F0001,/home/safe/Desktop/yassine/Vectorization/data/PatentData/ReorganisedData/EP2682644B1/EP2682644B1_F0001.tif,F16H
EP2682683B1,F0002,/home/safe/Desktop/yassine/Vectorization/data/PatentData/ReorganisedData/EP2682683B1/EP2682683B1_F0002.tif,F24F
EP2683475B1,F0004,/home/safe/Desktop/yassine/Vectorization/data/PatentData/ReorganisedData/EP2683475B1/EP2683475B1_F0004.tif,B01J
EP2683940B1,F0001,/home/safe/Desktop/yassine/Vectorization/data/PatentData/ReorganisedData/EP2683940B1/EP2683940B1_F0001.tif,F03D
EP2684626B1,F0009,/home/safe/Desktop/yassine/Vectorization/data/PatentData/ReorganisedData/EP2684626B1/EP2684626B1_F0009.tif,B21K
EP2684797B1,F0004,/home/safe/Desktop/yassine/Vectorization/data/PatentData/ReorganisedData/EP2684797B1/EP2684797B1_F0004.tif,B64C
EP2685075B1,F0001,/home/safe/Desktop/yassine/Vectorization/data/PatentData/ReorganisedData/EP2685075B1/EP2685075B1_F0001.tif,F02D
EP2686086B1,F0001,/home/safe/Desktop/yassine/Vectorization/data/PatentData/ReorganisedData/EP2686086B1/EP2686086B1_F0001.tif,B01D
EP2687682B1,F0001,/home/safe/Desktop/yassine/Vectorization/data/PatentData/ReorganisedData/EP2687682B1/EP2687682B1_F0001.tif,F01D
EP2689137B1,F0001,/home/safe/Desktop/yassine/Vectorization/data/PatentData/ReorganisedData/EP2689137B1/EP2689137B1_F0001.tif,F04C
EP2689939B1,F0001,/home/safe/Desktop/yassine/Vectorization/data/PatentData/ReorganisedData/EP2689939B1/EP2689939B1_F0001.tif,B60C
EP2690300B1,F0005,/home/safe/Desktop/yassine/Vectorization/data/PatentData/ReorganisedData/EP2690300B1/EP2690300B1_F0005.tif,F16D
EP2690329B1,F0018,/home/safe/Desktop/yassine/Vectorization/data/PatentData/ReorganisedData/EP2690329B1/EP2690329B1_F0018.tif,F16K
EP2690381B1,F0001,/home/safe/Desktop/yassine/Vectorization/data/PatentData/ReorganisedData/EP2690381B1/EP2690381B1_F0001.tif,F25B
EP2691292B1,F0001,/home/safe/Desktop/yassine/Vectorization/data/PatentData/ReorganisedData/EP2691292B1/EP2691292B1_F0001.tif,B63B
EP2692514B1,F0002,/home/safe/Desktop/yassine/Vectorization/data/PatentData/ReorganisedData/EP2692514B1/EP2692514B1_F0002.tif,B30B
EP2692574B1,F0001,/home/safe/Desktop/yassine/Vectorization/data/PatentData/ReorganisedData/EP2692574B1/EP2692574B1_F0001.tif,B60N
EP2693051B1,F0004,/home/safe/Desktop/yassine/Vectorization/data/PatentData/ReorganisedData/EP2693051B1/EP2693051B1_F0004.tif,F04B
EP2694253B1,F0001,/home/safe/Desktop/yassine/Vectorization/data/PatentData/ReorganisedData/EP2694253B1/EP2694253B1_F0001.tif,B25B
EP2694416B1,F0001,/home/safe/Desktop/yassine/Vectorization/data/PatentData/ReorganisedData/EP2694416B1/EP2694416B1_F0001.tif,B66B
EP2694815B1,F0004,/home/safe/Desktop/yassine/Vectorization/data/PatentData/ReorganisedData/EP2694815B1/EP2694815B1_F0004.tif,F04C
EP2694831B1,F0001,/home/safe/Desktop/yassine/Vectorization/data/PatentData/ReorganisedData/EP2694831B1/EP2694831B1_F0001.tif,F16C
EP2694884B1,F0001,/home/safe/Desktop/yassine/Vectorization/data/PatentData/ReorganisedData/EP2694884B1/EP2694884B1_F0001.tif,F24S
EP2695697B1,F0001,/home/safe/Desktop/yassine/Vectorization/data/PatentData/ReorganisedData/EP2695697B1/EP2695697B1_F0001.tif,B23K
EP2695795B1,F0002,/home/safe/Desktop/yassine/Vectorization/data/PatentData/ReorganisedData/EP2695795B1/EP2695795B1_F0002.tif,B62D
EP2695809B1,F0001,/home/safe/Desktop/yassine/Vectorization/data/PatentData/ReorganisedData/EP2695809B1/EP2695809B1_F0001.tif,B64C
EP2695820B1,F0001,/home/safe/Desktop/yassine/Vectorization/data/PatentData/ReorganisedData/EP2695820B1/EP2695820B1_F0001.tif,B65D
EP2697074B1,F0001,/home/safe/Desktop/yassine/Vectorization/data/PatentData/ReorganisedData/EP2697074B1/EP2697074B1_F0001.tif,B42D
EP2697149B1,F0002,/home/safe/Desktop/yassine/Vectorization/data/PatentData/ReorganisedData/EP2697149B1/EP2697149B1_F0002.tif,B66F
EP2697560B1,F0003,/home/safe/Desktop/yassine/Vectorization/data/PatentData/ReorganisedData/EP2697560B1/EP2697560B1_F0003.tif,F21V
EP2698267B1,F0002,/home/safe/Desktop/yassine/Vectorization/data/PatentData/ReorganisedData/EP2698267B1/EP2698267B1_F0002.tif,B60G
EP2698556B1,F0001,/home/safe/Desktop/yassine/Vectorization/data/PatentData/ReorganisedData/EP2698556B1/EP2698556B1_F0001.tif,F16F
EP2698562B1,F0002,/home/safe/Desktop/yassine/Vectorization/data/PatentData/ReorganisedData/EP2698562B1/EP2698562B1_F0002.tif,F16H
EP2698583B1,F0001,/home/safe/Desktop/yassine/Vectorization/data/PatentData/ReorganisedData/EP2698583B1/EP2698583B1_F0001.tif,F24C
EP2700469B1,F0001,/home/safe/Desktop/yassine/Vectorization/data/PatentData/ReorganisedData/EP2700469B1/EP2700469B1_F0001.tif,B23K
EP2700825B1,F0001,/home/safe/Desktop/yassine/Vectorization/data/PatentData/ReorganisedData/EP2700825B1/EP2700825B1_F0001.tif,F15B
EP2703105B1,F0001,/home/safe/Desktop/yassine/Vectorization/data/PatentData/ReorganisedData/EP2703105B1/EP2703105B1_F0001.tif,B23B
EP2703306B1,F0002,/home/safe/Desktop/yassine/Vectorization/data/PatentData/ReorganisedData/EP2703306B1/EP2703306B1_F0002.tif,B65B
EP2705311B1,F0001,/home/safe/Desktop/yassine/Vectorization/data/PatentData/ReorganisedData/EP2705311B1/EP2705311B1_F0001.tif,F25B
EP2705936B1,F0001,/home/safe/Desktop/yassine/Vectorization/data/PatentData/ReorganisedData/EP2705936B1/EP2705936B1_F0001.tif,B26F
EP2705952B1,F0001,/home/safe/Desktop/yassine/Vectorization/data/PatentData/ReorganisedData/EP2705952B1/EP2705952B1_F0001.tif,B41F
EP2706239B1,F0001,/home/safe/Desktop/yassine/Vectorization/data/PatentData/ReorganisedData/EP2706239B1/EP2706239B1_F0001.tif,F04D
EP2706259B1,F0002,/home/safe/Desktop/yassine/Vectorization/data/PatentData/ReorganisedData/EP2706259B1/EP2706259B1_F0002.tif,F16F
EP2707130B1,F0001,/home/safe/Desktop/yassine/Vectorization/data/PatentData/ReorganisedData/EP2707130B1/EP2707130B1_F0001.tif,B01J
EP2707135B1,F0001,/home/safe/Desktop/yassine/Vectorization/data/PatentData/ReorganisedData/EP2707135B1/EP2707135B1_F0001.tif,B01J
EP2708426B1,F0001,/home/safe/Desktop/yassine/Vectorization/data/PatentData/ReorganisedData/EP2708426B1/EP2708426B1_F0001.tif,B60S
EP2708430B1,F0002,/home/safe/Desktop/yassine/Vectorization/data/PatentData/ReorganisedData/EP2708430B1/EP2708430B1_F0002.tif,B60W
EP2708779B1,F0001,/home/safe/Desktop/yassine/Vectorization/data/PatentData/ReorganisedData/EP2708779B1/EP2708779B1_F0001.tif,F16H
EP2709760B1,F0002,/home/safe/Desktop/yassine/Vectorization/data/PatentData/ReorganisedData/EP2709760B1/EP2709760B1_F0002.tif,B01L
EP2709830B1,F0008,/home/safe/Desktop/yassine/Vectorization/data/PatentData/ReorganisedData/EP2709830B1/EP2709830B1_F0008.tif,B29C
EP2709870B1,F0001,/home/safe/Desktop/yassine/Vectorization/data/PatentData/ReorganisedData/EP2709870B1/EP2709870B1_F0001.tif,B60K
EP2711042B1,F0001,/home/safe/Desktop/yassine/Vectorization/data/PatentData/ReorganisedData/EP2711042B1/EP2711042B1_F0001.tif,B29D
EP2711526B1,F0001,/home/safe/Desktop/yassine/Vectorization/data/PatentData/ReorganisedData/EP2711526B1/EP2711526B1_F0001.tif,F02D
EP2711547B1,F0001,/home/safe/Desktop/yassine/Vectorization/data/PatentData/ReorganisedData/EP2711547B1/EP2711547B1_F0001.tif,F04B
EP2711560B1,F0003,/home/safe/Desktop/yassine/Vectorization/data/PatentData/ReorganisedData/EP2711560B1/EP2711560B1_F0003.tif,F15B
EP2714448B1,F0002,/home/safe/Desktop/yassine/Vectorization/data/PatentData/ReorganisedData/EP2714448B1/EP2714448B1_F0002.tif,B60K
EP2716523B1,F0001,/home/safe/Desktop/yassine/Vectorization/data/PatentData/ReorganisedData/EP2716523B1/EP2716523B1_F0001.tif,B62D
EP2716871B1,F0001,/home/safe/Desktop/yassine/Vectorization/data/PatentData/ReorganisedData/EP2716871B1/EP2716871B1_F0001.tif,F01D
EP2718193B1,F0001,/home/safe/Desktop/yassine/Vectorization/data/PatentData/ReorganisedData/EP2718193B1/EP2718193B1_F0001.tif,B29C
EP2719623B1,F0001,/home/safe/Desktop/yassine/Vectorization/data/PatentData/ReorganisedData/EP2719623B1/EP2719623B1_F0001.tif,B64D
EP2719933B1,F0001,/home/safe/Desktop/yassine/Vectorization/data/PatentData/ReorganisedData/EP2719933B1/EP2719933B1_F0001.tif,F16L
EP2719981B1,F0002,/home/safe/Desktop/yassine/Vectorization/data/PatentData/ReorganisedData/EP2719981B1/EP2719981B1_F0002.tif,F25D
EP2722203B1,F0001,/home/safe/Desktop/yassine/Vectorization/data/PatentData/ReorganisedData/EP2722203B1/EP2722203B1_F0001.tif,B60D
EP2724112B1,F0001,/home/safe/Desktop/yassine/Vectorization/data/PatentData/ReorganisedData/EP2724112B1/EP2724112B1_F0001.tif,B32B
EP2724832B1,F0002,/home/safe/Desktop/yassine/Vectorization/data/PatentData/ReorganisedData/EP2724832B1/EP2724832B1_F0002.tif,B28B
EP2724943B1,F0001,/home/safe/Desktop/yassine/Vectorization/data/PatentData/ReorganisedData/EP2724943B1/EP2724943B1_F0001.tif,B64G
EP2726248B1,F0007,/home/safe/Desktop/yassine/Vectorization/data/PatentData/ReorganisedData/EP2726248B1/EP2726248B1_F0007.tif,B24D
EP2726318B1,F0002,/home/safe/Desktop/yassine/Vectorization/data/PatentData/ReorganisedData/EP2726318B1/EP2726318B1_F0002.tif,B60L
EP2727791B1,F0001,/home/safe/Desktop/yassine/Vectorization/data/PatentData/ReorganisedData/EP2727791B1/EP2727791B1_F0001.tif,B61D
EP2727815B1,F0005,/home/safe/Desktop/yassine/Vectorization/data/PatentData/ReorganisedData/EP2727815B1/EP2727815B1_F0005.tif,B63C
EP2727826B1,F0001,/home/safe/Desktop/yassine/Vectorization/data/PatentData/ReorganisedData/EP2727826B1/EP2727826B1_F0001.tif,B64C
EP2727834B1,F0003,/home/safe/Desktop/yassine/Vectorization/data/PatentData/ReorganisedData/EP2727834B1/EP2727834B1_F0003.tif,B64C
EP2728140B1,F0001,/home/safe/Desktop/yassine/Vectorization/data/PatentData/ReorganisedData/EP2728140B1/EP2728140B1_F0001.tif,F02C
EP2730496B1,F0001,/home/safe/Desktop/yassine/Vectorization/data/PatentData/ReorganisedData/EP2730496B1/EP2730496B1_F0001.tif,B64C
EP2730806B1,F0003,/home/safe/Desktop/yassine/Vectorization/data/PatentData/ReorganisedData/EP2730806B1/EP2730806B1_F0003.tif,F16H
EP2730848B1,F0001,/home/safe/Desktop/yassine/Vectorization/data/PatentData/ReorganisedData/EP2730848B1/EP2730848B1_F0001.tif,F24C
EP2731786B1,F0001,/home/safe/Desktop/yassine/Vectorization/data/PatentData/ReorganisedData/EP2731786B1/EP2731786B1_F0001.tif,B29C
EP2731822B1,F0001,/home/safe/Desktop/yassine/Vectorization/data/PatentData/ReorganisedData/EP2731822B1/EP2731822B1_F0001.tif,B60R
EP2731825B1,F0002,/home/safe/Desktop/yassine/Vectorization/data/PatentData/ReorganisedData/EP2731825B1/EP2731825B1_F0002.tif,B60Q
EP2732893B1,F0001,/home/safe/Desktop/yassine/Vectorization/data/PatentData/ReorganisedData/EP2732893B1/EP2732893B1_F0001.tif,B23F
EP2732918B1,F0003,/home/safe/Desktop/yassine/Vectorization/data/PatentData/ReorganisedData/EP2732918B1/EP2732918B1_F0003.tif,B24B
EP2733040B1,F0001,/home/safe/Desktop/yassine/Vectorization/data/PatentData/ReorganisedData/EP2733040B1/EP2733040B1_F0001.tif,B61F
EP2734412B1,F0001,/home/safe/Desktop/yassine/Vectorization/data/PatentData/ReorganisedData/EP2734412B1/EP2734412B1_F0001.tif,B60P
EP2734420B1,F0001,/home/safe/Desktop/yassine/Vectorization/data/PatentData/ReorganisedData/EP2734420B1/EP2734420B1_F0001.tif,B60S
EP2735753B1,F0001,/home/safe/Desktop/yassine/Vectorization/data/PatentData/ReorganisedData/EP2735753B1/EP2735753B1_F0001.tif,F16D
EP2736713B1,F0001,/home/safe/Desktop/yassine/Vectorization/data/PatentData/ReorganisedData/EP2736713B1/EP2736713B1_F0001.tif,B32B
EP2738015B1,F0002,/home/safe/Desktop/yassine/Vectorization/data/PatentData/ReorganisedData/EP2738015B1/EP2738015B1_F0002.tif,B60C
EP2738090B1,F0004,/home/safe/Desktop/yassine/Vectorization/data/PatentData/ReorganisedData/EP2738090B1/EP2738090B1_F0004.tif,B64C
EP2738360B1,F0001,/home/safe/Desktop/yassine/Vectorization/data/PatentData/ReorganisedData/EP2738360B1/EP2738360B1_F0001.tif,F01D
EP2738369B1,F0003,/home/safe/Desktop/yassine/Vectorization/data/PatentData/ReorganisedData/EP2738369B1/EP2738369B1_F0003.tif,F02C
EP2738495B1,F0001,/home/safe/Desktop/yassine/Vectorization/data/PatentData/ReorganisedData/EP2738495B1/EP2738495B1_F0001.tif,F25D
EP2739443B1,F0001,/home/safe/Desktop/yassine/Vectorization/data/PatentData/ReorganisedData/EP2739443B1/EP2739443B1_F0001.tif,B26B
EP2739457B1,F0001,/home/safe/Desktop/yassine/Vectorization/data/PatentData/ReorganisedData/EP2739457B1/EP2739457B1_F0001.tif,B22F
EP2743176B1,F0001,/home/safe/Desktop/yassine/Vectorization/data/PatentData/ReorganisedData/EP2743176B1/EP2743176B1_F0001.tif,B64C
EP2744664B1,F0001,/home/safe/Desktop/yassine/Vectorization/data/PatentData/ReorganisedData/EP2744664B1/EP2744664B1_F0001.tif,B41J
EP2744686B1,F0001,/home/safe/Desktop/yassine/Vectorization/data/PatentData/ReorganisedData/EP2744686B1/EP2744686B1_F0001.tif,F21S
EP2744704B1,F0002,/home/safe/Desktop/yassine/Vectorization/data/PatentData/ReorganisedData/EP2744704B1/EP2744704B1_F0002.tif,B63B
EP2746665B1,F0001,/home/safe/Desktop/yassine/Vectorization/data/PatentData/ReorganisedData/EP2746665B1/EP2746665B1_F0001.tif,F23R
EP2748541B1,F0001,/home/safe/Desktop/yassine/Vectorization/data/PatentData/ReorganisedData/EP2748541B1/EP2748541B1_F0001.tif,F25B
EP2749737B1,F0001,/home/safe/Desktop/yassine/Vectorization/data/PatentData/ReorganisedData/EP2749737B1/EP2749737B1_F0001.tif,F01C
EP2749739B1,F0002,/home/safe/Desktop/yassine/Vectorization/data/PatentData/ReorganisedData/EP2749739B1/EP2749739B1_F0002.tif,F01D
EP2750788B1,F0001,/home/safe/Desktop/yassine/Vectorization/data/PatentData/ReorganisedData/EP2750788B1/EP2750788B1_F0001.tif,B01J
EP2750803B1,F0001,/home/safe/Desktop/yassine/Vectorization/data/PatentData/ReorganisedData/EP2750803B1/EP2750803B1_F0001.tif,B05C
EP2752555B1,F0001,/home/safe/Desktop/yassine/Vectorization/data/PatentData/ReorganisedData/EP2752555B1/EP2752555B1_F0001.tif,F01D
EP2752567B1,F0001,/home/safe/Desktop/yassine/Vectorization/data/PatentData/ReorganisedData/EP2752567B1/EP2752567B1_F0001.tif,F01D
EP2753524B1,F0001,/home/safe/Desktop/yassine/Vectorization/data/PatentData/ReorganisedData/EP2753524B1/EP2753524B1_F0001.tif,B61C
EP2754482B1,F0001,/home/safe/Desktop/yassine/Vectorization/data/PatentData/ReorganisedData/EP2754482B1/EP2754482B1_F0001.tif,B01D
EP2754952B1,F0001,/home/safe/Desktop/yassine/Vectorization/data/PatentData/ReorganisedData/EP2754952B1/EP2754952B1_F0001.tif,F21V
EP2755295B1,F0002,/home/safe/Desktop/yassine/Vectorization/data/PatentData/ReorganisedData/EP2755295B1/EP2755295B1_F0002.tif,B60L
EP2755874B1,F0001,/home/safe/Desktop/yassine/Vectorization/data/PatentData/ReorganisedData/EP2755874B1/EP2755874B1_F0001.tif,B60S
EP2756946B1,F0004,/home/safe/Desktop/yassine/Vectorization/data/PatentData/ReorganisedData/EP2756946B1/EP2756946B1_F0004.tif,B30B
EP2756952B1,F0001,/home/safe/Desktop/yassine/Vectorization/data/PatentData/ReorganisedData/EP2756952B1/EP2756952B1_F0001.tif,B41F
EP2757137B1,F0001,/home/safe/Desktop/yassine/Vectorization/data/PatentData/ReorganisedData/EP2757137B1/EP2757137B1_F0001.tif,F16D
EP2757273B1,F0001,/home/safe/Desktop/yassine/Vectorization/data/PatentData/ReorganisedData/EP2757273B1/EP2757273B1_F0001.tif,F16B
EP2757329B1,F0001,/home/safe/Desktop/yassine/Vectorization/data/PatentData/ReorganisedData/EP2757329B1/EP2757329B1_F0001.tif,F24F
EP2758327B1,F0002,/home/safe/Desktop/yassine/Vectorization/data/PatentData/ReorganisedData/EP2758327B1/EP2758327B1_F0002.tif,B65G
EP2758732B1,F0001,/home/safe/Desktop/yassine/Vectorization/data/PatentData/ReorganisedData/EP2758732B1/EP2758732B1_F0001.tif,F25D
EP2759344B1,F0003,/home/safe/Desktop/yassine/Vectorization/data/PatentData/ReorganisedData/EP2759344B1/EP2759344B1_F0003.tif,B01L
EP2759415B1,F0001,/home/safe/Desktop/yassine/Vectorization/data/PatentData/ReorganisedData/EP2759415B1/EP2759415B1_F0001.tif,B60B
EP2759478B1,F0001,/home/safe/Desktop/yassine/Vectorization/data/PatentData/ReorganisedData/EP2759478B1/EP2759478B1_F0001.tif,B64D
EP2759480B1,F0001,/home/safe/Desktop/yassine/Vectorization/data/PatentData/ReorganisedData/EP2759480B1/EP2759480B1_F0001.tif,B64D
EP2759741B1,F0001,/home/safe/Desktop/yassine/Vectorization/data/PatentData/ReorganisedData/EP2759741B1/EP2759741B1_F0001.tif,B25J
EP2759796B1,F0001,/home/safe/Desktop/yassine/Vectorization/data/PatentData/ReorganisedData/EP2759796B1/EP2759796B1_F0001.tif,F28F
EP2760761B1,F0001,/home/safe/Desktop/yassine/Vectorization/data/PatentData/ReorganisedData/EP2760761B1/EP2760761B1_F0001.tif,B65D
EP2762430B1,F0002,/home/safe/Desktop/yassine/Vectorization/data/PatentData/ReorganisedData/EP2762430B1/EP2762430B1_F0002.tif,B65H
EP2762723B1,F0001,/home/safe/Desktop/yassine/Vectorization/data/PatentData/ReorganisedData/EP2762723B1/EP2762723B1_F0001.tif,F03D
EP2762746B1,F0001,/home/safe/Desktop/yassine/Vectorization/data/PatentData/ReorganisedData/EP2762746B1/EP2762746B1_F0001.tif,F16F
EP2764939B1,F0001,/home/safe/Desktop/yassine/Vectorization/data/PatentData/ReorganisedData/EP2764939B1/EP2764939B1_F0001.tif,B23C
EP2765362B1,F0001,/home/safe/Desktop/yassine/Vectorization/data/PatentData/ReorganisedData/EP2765362B1/EP2765362B1_F0001.tif,F24F
EP2766631B1,F0001,/home/safe/Desktop/yassine/Vectorization/data/PatentData/ReorganisedData/EP2766631B1/EP2766631B1_F0001.tif,B60G
EP2767190B1,F0001,/home/safe/Desktop/yassine/Vectorization/data/PatentData/ReorganisedData/EP2767190B1/EP2767190B1_F0001.tif,B60N
EP2767402B1,F0002,/home/safe/Desktop/yassine/Vectorization/data/PatentData/ReorganisedData/EP2767402B1/EP2767402B1_F0002.tif,B41J
EP2767451B1,F0001,/home/safe/Desktop/yassine/Vectorization/data/PatentData/ReorganisedData/EP2767451B1/EP2767451B1_F0001.tif,B61L
EP2768596B1,F0001,/home/safe/Desktop/yassine/Vectorization/data/PatentData/ReorganisedData/EP2768596B1/EP2768596B1_F0001.tif,B01D
EP2768687B1,F0001,/home/safe/Desktop/yassine/Vectorization/data/PatentData/ReorganisedData/EP2768687B1/EP2768687B1_F0001.tif,B60K
EP2768738B1,F0001,/home/safe/Desktop/yassine/Vectorization/data/PatentData/ReorganisedData/EP2768738B1/EP2768738B1_F0001.tif,B65B
EP2768739B1,F0001,/home/safe/Desktop/yassine/Vectorization/data/PatentData/ReorganisedData/EP2768739B1/EP2768739B1_F0001.tif,B65D
EP2769160B1,F0001,/home/safe/Desktop/yassine/Vectorization/data/PatentData/ReorganisedData/EP2769160B1/EP2769160B1_F0001.tif,F27B
EP2769804B2,F0001,/home/safe/Desktop/yassine/Vectorization/data/PatentData/ReorganisedData/EP2769804B2/EP2769804B2_F0001.tif,B29C
EP2769889B1,F0001,/home/safe/Desktop/yassine/Vectorization/data/PatentData/ReorganisedData/EP2769889B1/EP2769889B1_F0001.tif,B60S
EP2770209B1,F0001,/home/safe/Desktop/yassine/Vectorization/data/PatentData/ReorganisedData/EP2770209B1/EP2770209B1_F0001.tif,F04C
EP2770290B1,F0001,/home/safe/Desktop/yassine/Vectorization/data/PatentData/ReorganisedData/EP2770290B1/EP2770290B1_F0001.tif,F28F
EP2771628B1,F0001,/home/safe/Desktop/yassine/Vectorization/data/PatentData/ReorganisedData/EP2771628B1/EP2771628B1_F0001.tif,F25B
EP2772654B1,F0001,/home/safe/Desktop/yassine/Vectorization/data/PatentData/ReorganisedData/EP2772654B1/EP2772654B1_F0001.tif,F16C
EP2772664B1,F0002,/home/safe/Desktop/yassine/Vectorization/data/PatentData/ReorganisedData/EP2772664B1/EP2772664B1_F0002.tif,F16H
EP2774700B1,F0001,/home/safe/Desktop/yassine/Vectorization/data/PatentData/ReorganisedData/EP2774700B1/EP2774700B1_F0001.tif,B21F
EP2776293B1,F0001,/home/safe/Desktop/yassine/Vectorization/data/PatentData/ReorganisedData/EP2776293B1/EP2776293B1_F0001.tif,B60T
EP2778042B1,F0001,/home/safe/Desktop/yassine/Vectorization/data/PatentData/ReorganisedData/EP2778042B1/EP2778042B1_F0001.tif,B63B
EP2778121B1,F0002,/home/safe/Desktop/yassine/Vectorization/data/PatentData/ReorganisedData/EP2778121B1/EP2778121B1_F0002.tif,B81C
EP2778373B1,F0001,/home/safe/Desktop/yassine/Vectorization/data/PatentData/ReorganisedData/EP2778373B1/EP2778373B1_F0001.tif,F02C
EP2778523B1,F0002,/home/safe/Desktop/yassine/Vectorization/data/PatentData/ReorganisedData/EP2778523B1/EP2778523B1_F0002.tif,F23H
EP2778580B1,F0001,/home/safe/Desktop/yassine/Vectorization/data/PatentData/ReorganisedData/EP2778580B1/EP2778580B1_F0001.tif,F25D
EP2780227B1,F0001,/home/safe/Desktop/yassine/Vectorization/data/PatentData/ReorganisedData/EP2780227B1/EP2780227B1_F0001.tif,B64C
EP2780231B1,F0005,/home/safe/Desktop/yassine/Vectorization/data/PatentData/ReorganisedData/EP2780231B1/EP2780231B1_F0005.tif,B64D
EP2780272B1,F0002,/home/safe/Desktop/yassine/Vectorization/data/PatentData/ReorganisedData/EP2780272B1/EP2780272B1_F0002.tif,B66C
EP2780607B1,F0002,/home/safe/Desktop/yassine/Vectorization/data/PatentData/ReorganisedData/EP2780607B1/EP2780607B1_F0002.tif,F16F
EP2781787B1,F0001,/home/safe/Desktop/yassine/Vectorization/data/PatentData/ReorganisedData/EP2781787B1/EP2781787B1_F0001.tif,F16F
EP2781855B1,F0002,/home/safe/Desktop/yassine/Vectorization/data/PatentData/ReorganisedData/EP2781855B1/EP2781855B1_F0002.tif,F25B
EP2781871B1,F0004,/home/safe/Desktop/yassine/Vectorization/data/PatentData/ReorganisedData/EP2781871B1/EP2781871B1_F0004.tif,F28D
EP2783179B1,F0001,/home/safe/Desktop/yassine/Vectorization/data/PatentData/ReorganisedData/EP2783179B1/EP2783179B1_F0001.tif,F28D
EP2783902B1,F0002,/home/safe/Desktop/yassine/Vectorization/data/PatentData/ReorganisedData/EP2783902B1/EP2783902B1_F0002.tif,B60L
EP2783937B1,F0001,/home/safe/Desktop/yassine/Vectorization/data/PatentData/ReorganisedData/EP2783937B1/EP2783937B1_F0001.tif,B60W
EP2783975B1,F0001,/home/safe/Desktop/yassine/Vectorization/data/PatentData/ReorganisedData/EP2783975B1/EP2783975B1_F0001.tif,B63B
EP2785439B1,F0001,/home/safe/Desktop/yassine/Vectorization/data/PatentData/ReorganisedData/EP2785439B1/EP2785439B1_F0001.tif,B01D
EP2786851B1,F0001,/home/safe/Desktop/yassine/Vectorization/data/PatentData/ReorganisedData/EP2786851B1/EP2786851B1_F0001.tif,B29C
EP2786891B1,F0001,/home/safe/Desktop/yassine/Vectorization/data/PatentData/ReorganisedData/EP2786891B1/EP2786891B1_F0001.tif,B60L
EP2788099B1,F0001,/home/safe/Desktop/yassine/Vectorization/data/PatentData/ReorganisedData/EP2788099B1/EP2788099B1_F0001.tif,B01D
EP2789396B1,F0001,/home/safe/Desktop/yassine/Vectorization/data/PatentData/ReorganisedData/EP2789396B1/EP2789396B1_F0001.tif,B04C
EP2789885B1,F0001,/home/safe/Desktop/yassine/Vectorization/data/PatentData/ReorganisedData/EP2789885B1/EP2789885B1_F0001.tif,F16K
EP2789923B1,F0005,/home/safe/Desktop/yassine/Vectorization/data/PatentData/ReorganisedData/EP2789923B1/EP2789923B1_F0005.tif,F24C
EP2789926B1,F0001,/home/safe/Desktop/yassine/Vectorization/data/PatentData/ReorganisedData/EP2789926B1/EP2789926B1_F0001.tif,F24H
EP2789945B1,F0001,/home/safe/Desktop/yassine/Vectorization/data/PatentData/ReorganisedData/EP2789945B1/EP2789945B1_F0001.tif,F25D
EP2790833B1,F0003,/home/safe/Desktop/yassine/Vectorization/data/PatentData/ReorganisedData/EP2790833B1/EP2790833B1_F0003.tif,B01J
EP2790837B1,F0001,/home/safe/Desktop/yassine/Vectorization/data/PatentData/ReorganisedData/EP2790837B1/EP2790837B1_F0001.tif,B02C
EP2791518B1,F0001,/home/safe/Desktop/yassine/Vectorization/data/PatentData/ReorganisedData/EP2791518B1/EP2791518B1_F0001.tif,F16C
EP2791536B2,F0001,/home/safe/Desktop/yassine/Vectorization/data/PatentData/ReorganisedData/EP2791536B2/EP2791536B2_F0001.tif,F16D
EP2792400B1,F0002,/home/safe/Desktop/yassine/Vectorization/data/PatentData/ReorganisedData/EP2792400B1/EP2792400B1_F0002.tif,B01D
EP2792555B1,F0001,/home/safe/Desktop/yassine/Vectorization/data/PatentData/ReorganisedData/EP2792555B1/EP2792555B1_F0001.tif,B60S
EP2792571B1,F0001,/home/safe/Desktop/yassine/Vectorization/data/PatentData/ReorganisedData/EP2792571B1/EP2792571B1_F0001.tif,B61L
EP2794255B1,F0001,/home/safe/Desktop/yassine/Vectorization/data/PatentData/ReorganisedData/EP2794255B1/EP2794255B1_F0001.tif,B31B
EP2794275B1,F0003,/home/safe/Desktop/yassine/Vectorization/data/PatentData/ReorganisedData/EP2794275B1/EP2794275B1_F0003.tif,B41J
EP2794298B1,F0001,/home/safe/Desktop/yassine/Vectorization/data/PatentData/ReorganisedData/EP2794298B1/EP2794298B1_F0001.tif,B60C
EP2794322B2,F0001,/home/safe/Desktop/yassine/Vectorization/data/PatentData/ReorganisedData/EP2794322B2/EP2794322B2_F0001.tif,B60K
EP2795159B1,F0001,/home/safe/Desktop/yassine/Vectorization/data/PatentData/ReorganisedData/EP2795159B1/EP2795159B1_F0001.tif,F16H
EP2795174B1,F0001,/home/safe/Desktop/yassine/Vectorization/data/PatentData/ReorganisedData/EP2795174B1/EP2795174B1_F0001.tif,F16L
EP2795278B1,F0001,/home/safe/Desktop/yassine/Vectorization/data/PatentData/ReorganisedData/EP2795278B1/EP2795278B1_F0001.tif,B60G
EP2796817B1,F0001,/home/safe/Desktop/yassine/Vectorization/data/PatentData/ReorganisedData/EP2796817B1/EP2796817B1_F0001.tif,F25D
EP2797787B1,F0002,/home/safe/Desktop/yassine/Vectorization/data/PatentData/ReorganisedData/EP2797787B1/EP2797787B1_F0002.tif,B60S
EP2797799B1,F0001,/home/safe/Desktop/yassine/Vectorization/data/PatentData/ReorganisedData/EP2797799B1/EP2797799B1_F0001.tif,B61C
EP2798293B1,F0001,/home/safe/Desktop/yassine/Vectorization/data/PatentData/ReorganisedData/EP2798293B1/EP2798293B1_F0001.tif,F27B
EP2799143B1,F0001,/home/safe/Desktop/yassine/Vectorization/data/PatentData/ReorganisedData/EP2799143B1/EP2799143B1_F0001.tif,B02C
EP2799272B1,F0001,/home/safe/Desktop/yassine/Vectorization/data/PatentData/ReorganisedData/EP2799272B1/EP2799272B1_F0001.tif,B60K
EP2801426B1,F0001,/home/safe/Desktop/yassine/Vectorization/data/PatentData/ReorganisedData/EP2801426B1/EP2801426B1_F0001.tif,B23B
EP2801437B1,F0002,/home/safe/Desktop/yassine/Vectorization/data/PatentData/ReorganisedData/EP2801437B1/EP2801437B1_F0002.tif,B23P
EP2802055B1,F0012,/home/safe/Desktop/yassine/Vectorization/data/PatentData/ReorganisedData/EP2802055B1/EP2802055B1_F0012.tif,B60L
EP2802402B1,F0001,/home/safe/Desktop/yassine/Vectorization/data/PatentData/ReorganisedData/EP2802402B1/EP2802402B1_F0001.tif,B01D
EP2802747B1,F0001,/home/safe/Desktop/yassine/Vectorization/data/PatentData/ReorganisedData/EP2802747B1/EP2802747B1_F0001.tif,F01D
EP2803446B1,F0001,/home/safe/Desktop/yassine/Vectorization/data/PatentData/ReorganisedData/EP2803446B1/EP2803446B1_F0001.tif,B25B
EP2804755B1,F0001,/home/safe/Desktop/yassine/Vectorization/data/PatentData/ReorganisedData/EP2804755B1/EP2804755B1_F0001.tif,B32B
EP2804790B1,F0001,/home/safe/Desktop/yassine/Vectorization/data/PatentData/ReorganisedData/EP2804790B1/EP2804790B1_F0001.tif,B60S
EP2805089B1,F0001,/home/safe/Desktop/yassine/Vectorization/data/PatentData/ReorganisedData/EP2805089B1/EP2805089B1_F0001.tif,F16K
EP2806215B1,F0001,/home/safe/Desktop/yassine/Vectorization/data/PatentData/ReorganisedData/EP2806215B1/EP2806215B1_F0001.tif,F23M
EP2806261B1,F0001,/home/safe/Desktop/yassine/Vectorization/data/PatentData/ReorganisedData/EP2806261B1/EP2806261B1_F0001.tif,B01L
EP2806963B1,F0011,/home/safe/Desktop/yassine/Vectorization/data/PatentData/ReorganisedData/EP2806963B1/EP2806963B1_F0011.tif,B01D
EP2808544B1,F0002,/home/safe/Desktop/yassine/Vectorization/data/PatentData/ReorganisedData/EP2808544B1/EP2808544B1_F0002.tif,F03D
EP2808600B1,F0001,/home/safe/Desktop/yassine/Vectorization/data/PatentData/ReorganisedData/EP2808600B1/EP2808600B1_F0001.tif,F21V
EP2809535B1,F0001,/home/safe/Desktop/yassine/Vectorization/data/PatentData/ReorganisedData/EP2809535B1/EP2809535B1_F0001.tif,B60H
EP2809913B1,F0001,/home/safe/Desktop/yassine/Vectorization/data/PatentData/ReorganisedData/EP2809913B1/EP2809913B1_F0001.tif,F01D
EP2810792B1,F0001,/home/safe/Desktop/yassine/Vectorization/data/PatentData/ReorganisedData/EP2810792B1/EP2810792B1_F0001.tif,B60C
EP2812145B1,F0001,/home/safe/Desktop/yassine/Vectorization/data/PatentData/ReorganisedData/EP2812145B1/EP2812145B1_F0001.tif,B23H
EP2812554B1,F0001,/home/safe/Desktop/yassine/Vectorization/data/PatentData/ReorganisedData/EP2812554B1/EP2812554B1_F0001.tif,F02F
EP2812555B1,F0001,/home/safe/Desktop/yassine/Vectorization/data/PatentData/ReorganisedData/EP2812555B1/EP2812555B1_F0001.tif,F02K
EP2814592B1,F0006,/home/safe/Desktop/yassine/Vectorization/data/PatentData/ReorganisedData/EP2814592B1/EP2814592B1_F0006.tif,B01D
EP2814652B1,F0002,/home/safe/Desktop/yassine/Vectorization/data/PatentData/ReorganisedData/EP2814652B1/EP2814652B1_F0002.tif,B29C
EP2815131B2,F0001,/home/safe/Desktop/yassine/Vectorization/data/PatentData/ReorganisedData/EP2815131B2/EP2815131B2_F0001.tif,F04F
EP2815956B1,F0001,/home/safe/Desktop/yassine/Vectorization/data/PatentData/ReorganisedData/EP2815956B1/EP2815956B1_F0001.tif,B63B
EP2816235B1,F0001,/home/safe/Desktop/yassine/Vectorization/data/PatentData/ReorganisedData/EP2816235B1/EP2816235B1_F0001.tif,F16J
EP2817213B1,F0001,/home/safe/Desktop/yassine/Vectorization/data/PatentData/ReorganisedData/EP2817213B1/EP2817213B1_F0001.tif,B63B
EP2818333B1,F0001,/home/safe/Desktop/yassine/Vectorization/data/PatentData/ReorganisedData/EP2818333B1/EP2818333B1_F0001.tif,B60C
EP2818391B1,F0001,/home/safe/Desktop/yassine/Vectorization/data/PatentData/ReorganisedData/EP2818391B1/EP2818391B1_F0001.tif,B62K
EP2819815B2,F0002,/home/safe/Desktop/yassine/Vectorization/data/PatentData/ReorganisedData/EP2819815B2/EP2819815B2_F0002.tif,B26D
EP2821151B1,F0001,/home/safe/Desktop/yassine/Vectorization/data/PatentData/ReorganisedData/EP2821151B1/EP2821151B1_F0001.tif,B08B
EP2821174B1,F0001,/home/safe/Desktop/yassine/Vectorization/data/PatentData/ReorganisedData/EP2821174B1/EP2821174B1_F0001.tif,B23K
EP2821662B1,F0001,/home/safe/Desktop/yassine/Vectorization/data/PatentData/ReorganisedData/EP2821662B1/EP2821662B1_F0001.tif,F16C
EP2821706B1,F0001,/home/safe/Desktop/yassine/Vectorization/data/PatentData/ReorganisedData/EP2821706B1/EP2821706B1_F0001.tif,F23R
EP2822669B1,F0001,/home/safe/Desktop/yassine/Vectorization/data/PatentData/ReorganisedData/EP2822669B1/EP2822669B1_F0001.tif,B01D
EP2822679B1,F0001,/home/safe/Desktop/yassine/Vectorization/data/PatentData/ReorganisedData/EP2822679B1/EP2822679B1_F0001.tif,B01J
EP2822892B1,F0001,/home/safe/Desktop/yassine/Vectorization/data/PatentData/ReorganisedData/EP2822892B1/EP2822892B1_F0001.tif,B81C
EP2823987B1,F0013,/home/safe/Desktop/yassine/Vectorization/data/PatentData/ReorganisedData/EP2823987B1/EP2823987B1_F0013.tif,B60L
EP2824392B1,F0002,/home/safe/Desktop/yassine/Vectorization/data/PatentData/ReorganisedData/EP2824392B1/EP2824392B1_F0002.tif,F24C
EP2825824B1,F0001,/home/safe/Desktop/yassine/Vectorization/data/PatentData/ReorganisedData/EP2825824B1/EP2825824B1_F0001.tif,F23R
EP2826631B1,F0002,/home/safe/Desktop/yassine/Vectorization/data/PatentData/ReorganisedData/EP2826631B1/EP2826631B1_F0002.tif,B05B
EP2826667B1,F0001,/home/safe/Desktop/yassine/Vectorization/data/PatentData/ReorganisedData/EP2826667B1/EP2826667B1_F0001.tif,F21S
EP2827061B1,F0001,/home/safe/Desktop/yassine/Vectorization/data/PatentData/ReorganisedData/EP2827061B1/EP2827061B1_F0001.tif,F23Q
EP2828161B1,F0001,/home/safe/Desktop/yassine/Vectorization/data/PatentData/ReorganisedData/EP2828161B1/EP2828161B1_F0001.tif,B64D
EP2828190B1,F0001,/home/safe/Desktop/yassine/Vectorization/data/PatentData/ReorganisedData/EP2828190B1/EP2828190B1_F0001.tif,B66B
EP2830846B1,F0001,/home/safe/Desktop/yassine/Vectorization/data/PatentData/ReorganisedData/EP2830846B1/EP2830846B1_F0001.tif,B29C
EP2830944B1,F0001,/home/safe/Desktop/yassine/Vectorization/data/PatentData/ReorganisedData/EP2830944B1/EP2830944B1_F0001.tif,B64D
EP2831017B1,F0003,/home/safe/Desktop/yassine/Vectorization/data/PatentData/ReorganisedData/EP2831017B1/EP2831017B1_F0003.tif,B82Y
EP2831509B1,F0001,/home/safe/Desktop/yassine/Vectorization/data/PatentData/ReorganisedData/EP2831509B1/EP2831509B1_F0001.tif,F24B
EP2832410B1,F0001,/home/safe/Desktop/yassine/Vectorization/data/PatentData/ReorganisedData/EP2832410B1/EP2832410B1_F0001.tif,B01D
EP2832414B1,F0001,/home/safe/Desktop/yassine/Vectorization/data/PatentData/ReorganisedData/EP2832414B1/EP2832414B1_F0001.tif,B01D
EP2832512B1,F0001,/home/safe/Desktop/yassine/Vectorization/data/PatentData/ReorganisedData/EP2832512B1/EP2832512B1_F0001.tif,B29C
EP2832530B1,F0001,/home/safe/Desktop/yassine/Vectorization/data/PatentData/ReorganisedData/EP2832530B1/EP2832530B1_F0001.tif,B29C
EP2832975B1,F0001,/home/safe/Desktop/yassine/Vectorization/data/PatentData/ReorganisedData/EP2832975B1/EP2832975B1_F0001.tif,F01D
EP2832981B1,F0001,/home/safe/Desktop/yassine/Vectorization/data/PatentData/ReorganisedData/EP2832981B1/EP2832981B1_F0001.tif,F02F
EP2832996B1,F0001,/home/safe/Desktop/yassine/Vectorization/data/PatentData/ReorganisedData/EP2832996B1/EP2832996B1_F0001.tif,F04B
EP2834007B1,F0001,/home/safe/Desktop/yassine/Vectorization/data/PatentData/ReorganisedData/EP2834007B1/EP2834007B1_F0001.tif,B01L
EP2834043B1,F0001,/home/safe/Desktop/yassine/Vectorization/data/PatentData/ReorganisedData/EP2834043B1/EP2834043B1_F0001.tif,B25C
EP2834500B1,F0001,/home/safe/Desktop/yassine/Vectorization/data/PatentData/ReorganisedData/EP2834500B1/EP2834500B1_F0001.tif,F02C
EP2834541B1,F0004,/home/safe/Desktop/yassine/Vectorization/data/PatentData/ReorganisedData/EP2834541B1/EP2834541B1_F0004.tif,F16H
EP2834552B1,F0001,/home/safe/Desktop/yassine/Vectorization/data/PatentData/ReorganisedData/EP2834552B1/EP2834552B1_F0001.tif,F21S
EP2835191B1,F0001,/home/safe/Desktop/yassine/Vectorization/data/PatentData/ReorganisedData/EP2835191B1/EP2835191B1_F0001.tif,B22D
EP2835282B1,F0001,/home/safe/Desktop/yassine/Vectorization/data/PatentData/ReorganisedData/EP2835282B1/EP2835282B1_F0001.tif,B60P
EP2836783B1,F0001,/home/safe/Desktop/yassine/Vectorization/data/PatentData/ReorganisedData/EP2836783B1/EP2836783B1_F0001.tif,F28F
EP2837848B1,F0001,/home/safe/Desktop/yassine/Vectorization/data/PatentData/ReorganisedData/EP2837848B1/EP2837848B1_F0001.tif,F16G
EP2837882B1,F0002,/home/safe/Desktop/yassine/Vectorization/data/PatentData/ReorganisedData/EP2837882B1/EP2837882B1_F0002.tif,F21K
EP2837887B1,F0001,/home/safe/Desktop/yassine/Vectorization/data/PatentData/ReorganisedData/EP2837887B1/EP2837887B1_F0001.tif,F02C
EP2838328B1,F0001,/home/safe/Desktop/yassine/Vectorization/data/PatentData/ReorganisedData/EP2838328B1/EP2838328B1_F0001.tif,B23K
EP2838642B1,F0001,/home/safe/Desktop/yassine/Vectorization/data/PatentData/ReorganisedData/EP2838642B1/EP2838642B1_F0001.tif,B01D
EP2838686B1,F0003,/home/safe/Desktop/yassine/Vectorization/data/PatentData/ReorganisedData/EP2838686B1/EP2838686B1_F0003.tif,B23K
EP2838703B1,F0003,/home/safe/Desktop/yassine/Vectorization/data/PatentData/ReorganisedData/EP2838703B1/EP2838703B1_F0003.tif,B29C
EP2838742B1,F0001,/home/safe/Desktop/yassine/Vectorization/data/PatentData/ReorganisedData/EP2838742B1/EP2838742B1_F0001.tif,B60D
EP2840037B1,F0001,/home/safe/Desktop/yassine/Vectorization/data/PatentData/ReorganisedData/EP2840037B1/EP2840037B1_F0001.tif,B65D
EP2840060B1,F0001,/home/safe/Desktop/yassine/Vectorization/data/PatentData/ReorganisedData/EP2840060B1/EP2840060B1_F0001.tif,B81C
EP2840232B1,F0001,/home/safe/Desktop/yassine/Vectorization/data/PatentData/ReorganisedData/EP2840232B1/EP2840232B1_F0001.tif,F01D
EP2841715B1,F0001,/home/safe/Desktop/yassine/Vectorization/data/PatentData/ReorganisedData/EP2841715B1/EP2841715B1_F0001.tif,F16C
EP2844427B1,F0001,/home/safe/Desktop/yassine/Vectorization/data/PatentData/ReorganisedData/EP2844427B1/EP2844427B1_F0001.tif,B23Q
EP2845783B1,F0001,/home/safe/Desktop/yassine/Vectorization/data/PatentData/ReorganisedData/EP2845783B1/EP2845783B1_F0001.tif,B61D
EP2846010B1,F0001,/home/safe/Desktop/yassine/Vectorization/data/PatentData/ReorganisedData/EP2846010B1/EP2846010B1_F0001.tif,F01N
EP2846016B1,F0001,/home/safe/Desktop/yassine/Vectorization/data/PatentData/ReorganisedData/EP2846016B1/EP2846016B1_F0001.tif,F01N
EP2846063B1,F0002,/home/safe/Desktop/yassine/Vectorization/data/PatentData/ReorganisedData/EP2846063B1/EP2846063B1_F0002.tif,F16G
EP2846064B1,F0001,/home/safe/Desktop/yassine/Vectorization/data/PatentData/ReorganisedData/EP2846064B1/EP2846064B1_F0001.tif,F16G
EP2847502B1,F0001,/home/safe/Desktop/yassine/Vectorization/data/PatentData/ReorganisedData/EP2847502B1/EP2847502B1_F0001.tif,F16K
EP2847537B1,F0001,/home/safe/Desktop/yassine/Vectorization/data/PatentData/ReorganisedData/EP2847537B1/EP2847537B1_F0001.tif,F41G
EP2850337B1,F0001,/home/safe/Desktop/yassine/Vectorization/data/PatentData/ReorganisedData/EP2850337B1/EP2850337B1_F0001.tif,F16F
EP2850344B1,F0001,/home/safe/Desktop/yassine/Vectorization/data/PatentData/ReorganisedData/EP2850344B1/EP2850344B1_F0001.tif,F16J
EP2851612B1,F0001,/home/safe/Desktop/yassine/Vectorization/data/PatentData/ReorganisedData/EP2851612B1/EP2851612B1_F0001.tif,F21V
EP2853468B1,F0002,/home/safe/Desktop/yassine/Vectorization/data/PatentData/ReorganisedData/EP2853468B1/EP2853468B1_F0002.tif,B61L
EP2853750B1,F0001,/home/safe/Desktop/yassine/Vectorization/data/PatentData/ReorganisedData/EP2853750B1/EP2853750B1_F0001.tif,F04D
EP2854063B1,F0001,/home/safe/Desktop/yassine/Vectorization/data/PatentData/ReorganisedData/EP2854063B1/EP2854063B1_F0001.tif,B41J
EP2855185B1,F0001,/home/safe/Desktop/yassine/Vectorization/data/PatentData/ReorganisedData/EP2855185B1/EP2855185B1_F0001.tif,B60K
EP2857046B1,F0001,/home/safe/Desktop/yassine/Vectorization/data/PatentData/ReorganisedData/EP2857046B1/EP2857046B1_F0001.tif,B65B
EP2857178B1,F0002,/home/safe/Desktop/yassine/Vectorization/data/PatentData/ReorganisedData/EP2857178B1/EP2857178B1_F0002.tif,B29C
EP2857348B1,F0001,/home/safe/Desktop/yassine/Vectorization/data/PatentData/ReorganisedData/EP2857348B1/EP2857348B1_F0001.tif,B81B
EP2857751B1,F0001,/home/safe/Desktop/yassine/Vectorization/data/PatentData/ReorganisedData/EP2857751B1/EP2857751B1_F0001.tif,F24C
EP2857790B1,F0001,/home/safe/Desktop/yassine/Vectorization/data/PatentData/ReorganisedData/EP2857790B1/EP2857790B1_F0001.tif,F41G
EP2857921B1,F0001,/home/safe/Desktop/yassine/Vectorization/data/PatentData/ReorganisedData/EP2857921B1/EP2857921B1_F0001.tif,F24F
EP2860359B1,F0001,/home/safe/Desktop/yassine/Vectorization/data/PatentData/ReorganisedData/EP2860359B1/EP2860359B1_F0001.tif,F01D
EP2861433B1,F0001,/home/safe/Desktop/yassine/Vectorization/data/PatentData/ReorganisedData/EP2861433B1/EP2861433B1_F0001.tif,B60C
EP2862609B1,F0001,/home/safe/Desktop/yassine/Vectorization/data/PatentData/ReorganisedData/EP2862609B1/EP2862609B1_F0001.tif,B01D
EP2862777B1,F0001,/home/safe/Desktop/yassine/Vectorization/data/PatentData/ReorganisedData/EP2862777B1/EP2862777B1_F0001.tif,B61G
EP2862793B1,F0002,/home/safe/Desktop/yassine/Vectorization/data/PatentData/ReorganisedData/EP2862793B1/EP2862793B1_F0002.tif,B63B
EP2863064B1,F0002,/home/safe/Desktop/yassine/Vectorization/data/PatentData/ReorganisedData/EP2863064B1/EP2863064B1_F0002.tif,F04D
EP2864161B1,F0001,/home/safe/Desktop/yassine/Vectorization/data/PatentData/ReorganisedData/EP2864161B1/EP2864161B1_F0001.tif,B60S
EP2864162B1,F0001,/home/safe/Desktop/yassine/Vectorization/data/PatentData/ReorganisedData/EP2864162B1/EP2864162B1_F0001.tif,B60S
EP2864623B1,F0001,/home/safe/Desktop/yassine/Vectorization/data/PatentData/ReorganisedData/EP2864623B1/EP2864623B1_F0001.tif,F02M
EP2864708B1,F0002,/home/safe/Desktop/yassine/Vectorization/data/PatentData/ReorganisedData/EP2864708B1/EP2864708B1_F0002.tif,F24C
EP2865468B1,F0001,/home/safe/Desktop/yassine/Vectorization/data/PatentData/ReorganisedData/EP2865468B1/EP2865468B1_F0001.tif,B23B
EP2865579B1,F0001,/home/safe/Desktop/yassine/Vectorization/data/PatentData/ReorganisedData/EP2865579B1/EP2865579B1_F0001.tif,B62D
EP2866938B1,F0001,/home/safe/Desktop/yassine/Vectorization/data/PatentData/ReorganisedData/EP2866938B1/EP2866938B1_F0001.tif,B01L
EP2868405B1,F0003,/home/safe/Desktop/yassine/Vectorization/data/PatentData/ReorganisedData/EP2868405B1/EP2868405B1_F0003.tif,B22D
EP2868916B1,F0001,/home/safe/Desktop/yassine/Vectorization/data/PatentData/ReorganisedData/EP2868916B1/EP2868916B1_F0001.tif,F03D
EP2868976B1,F0003,/home/safe/Desktop/yassine/Vectorization/data/PatentData/ReorganisedData/EP2868976B1/EP2868976B1_F0003.tif,F24C
EP2870053B1,F0002,/home/safe/Desktop/yassine/Vectorization/data/PatentData/ReorganisedData/EP2870053B1/EP2870053B1_F0002.tif,B62D
EP2870395B1,F0005,/home/safe/Desktop/yassine/Vectorization/data/PatentData/ReorganisedData/EP2870395B1/EP2870395B1_F0005.tif,F16L
EP2872344B1,F0003,/home/safe/Desktop/yassine/Vectorization/data/PatentData/ReorganisedData/EP2872344B1/EP2872344B1_F0003.tif,B60C
EP2873480B1,F0001,/home/safe/Desktop/yassine/Vectorization/data/PatentData/ReorganisedData/EP2873480B1/EP2873480B1_F0001.tif,B23D
EP2873569B1,F0001,/home/safe/Desktop/yassine/Vectorization/data/PatentData/ReorganisedData/EP2873569B1/EP2873569B1_F0001.tif,B60S
EP2873874B1,F0001,/home/safe/Desktop/yassine/Vectorization/data/PatentData/ReorganisedData/EP2873874B1/EP2873874B1_F0001.tif,F16B
EP2873875B1,F0001,/home/safe/Desktop/yassine/Vectorization/data/PatentData/ReorganisedData/EP2873875B1/EP2873875B1_F0001.tif,F16B
EP2874756B1,F0009,/home/safe/Desktop/yassine/Vectorization/data/PatentData/ReorganisedData/EP2874756B1/EP2874756B1_F0009.tif,B05B
EP2875862B1,F0002,/home/safe/Desktop/yassine/Vectorization/data/PatentData/ReorganisedData/EP2875862B1/EP2875862B1_F0002.tif,B01D
EP2876070B2,F0001,/home/safe/Desktop/yassine/Vectorization/data/PatentData/ReorganisedData/EP2876070B2/EP2876070B2_F0001.tif,B65H
EP2877299B1,F0002,/home/safe/Desktop/yassine/Vectorization/data/PatentData/ReorganisedData/EP2877299B1/EP2877299B1_F0002.tif,B21D
EP2877756B1,F0001,/home/safe/Desktop/yassine/Vectorization/data/PatentData/ReorganisedData/EP2877756B1/EP2877756B1_F0001.tif,F16H
EP2878382B1,F0002,/home/safe/Desktop/yassine/Vectorization/data/PatentData/ReorganisedData/EP2878382B1/EP2878382B1_F0002.tif,B05B
EP2878404B1,F0001,/home/safe/Desktop/yassine/Vectorization/data/PatentData/ReorganisedData/EP2878404B1/EP2878404B1_F0001.tif,B23C
EP2878827B1,F0004,/home/safe/Desktop/yassine/Vectorization/data/PatentData/ReorganisedData/EP2878827B1/EP2878827B1_F0004.tif,F04D
EP2879954B1,F0001,/home/safe/Desktop/yassine/Vectorization/data/PatentData/ReorganisedData/EP2879954B1/EP2879954B1_F0001.tif,B64C
EP2880288B1,F0001,/home/safe/Desktop/yassine/Vectorization/data/PatentData/ReorganisedData/EP2880288B1/EP2880288B1_F0001.tif,F01N
EP2880295B1,F0001,/home/safe/Desktop/yassine/Vectorization/data/PatentData/ReorganisedData/EP2880295B1/EP2880295B1_F0001.tif,F02K
EP2881237B1,F0001,/home/safe/Desktop/yassine/Vectorization/data/PatentData/ReorganisedData/EP2881237B1/EP2881237B1_F0001.tif,B29C
EP2881267B1,F0001,/home/safe/Desktop/yassine/Vectorization/data/PatentData/ReorganisedData/EP2881267B1/EP2881267B1_F0001.tif,B60C
EP2881274B1,F0004,/home/safe/Desktop/yassine/Vectorization/data/PatentData/ReorganisedData/EP2881274B1/EP2881274B1_F0004.tif,B60S
EP2881645B1,F0001,/home/safe/Desktop/yassine/Vectorization/data/PatentData/ReorganisedData/EP2881645B1/EP2881645B1_F0001.tif,F17C
EP2881669B1,F0001,/home/safe/Desktop/yassine/Vectorization/data/PatentData/ReorganisedData/EP2881669B1/EP2881669B1_F0001.tif,F24C
EP2882510B1,F0001,/home/safe/Desktop/yassine/Vectorization/data/PatentData/ReorganisedData/EP2882510B1/EP2882510B1_F0001.tif,B28B
EP2882555B1,F0001,/home/safe/Desktop/yassine/Vectorization/data/PatentData/ReorganisedData/EP2882555B1/EP2882555B1_F0001.tif,B23C
EP2882926B1,F0001,/home/safe/Desktop/yassine/Vectorization/data/PatentData/ReorganisedData/EP2882926B1/EP2882926B1_F0001.tif,B01D
EP2883787B1,F0002,/home/safe/Desktop/yassine/Vectorization/data/PatentData/ReorganisedData/EP2883787B1/EP2883787B1_F0002.tif,B64C
EP2886272B1,F0001,/home/safe/Desktop/yassine/Vectorization/data/PatentData/ReorganisedData/EP2886272B1/EP2886272B1_F0001.tif,B27D
EP2886453B1,F0001,/home/safe/Desktop/yassine/Vectorization/data/PatentData/ReorganisedData/EP2886453B1/EP2886453B1_F0001.tif,B64C
EP2886890B1,F0001,/home/safe/Desktop/yassine/Vectorization/data/PatentData/ReorganisedData/EP2886890B1/EP2886890B1_F0001.tif,F16C
EP2887000B1,F0001,/home/safe/Desktop/yassine/Vectorization/data/PatentData/ReorganisedData/EP2887000B1/EP2887000B1_F0001.tif,F28F
EP2888094B1,F0001,/home/safe/Desktop/yassine/Vectorization/data/PatentData/ReorganisedData/EP2888094B1/EP2888094B1_F0001.tif,B33Y
EP2889072B1,F0001,/home/safe/Desktop/yassine/Vectorization/data/PatentData/ReorganisedData/EP2889072B1/EP2889072B1_F0001.tif,B01D
EP2889159B1,F0001,/home/safe/Desktop/yassine/Vectorization/data/PatentData/ReorganisedData/EP2889159B1/EP2889159B1_F0001.tif,B60C
EP2889160B1,F0001,/home/safe/Desktop/yassine/Vectorization/data/PatentData/ReorganisedData/EP2889160B1/EP2889160B1_F0001.tif,B60C
EP2889532B1,F0001,/home/safe/Desktop/yassine/Vectorization/data/PatentData/ReorganisedData/EP2889532B1/EP2889532B1_F0001.tif,F21V
EP2890575B1,F0001,/home/safe/Desktop/yassine/Vectorization/data/PatentData/ReorganisedData/EP2890575B1/EP2890575B1_F0001.tif,B60J
EP2891569B1,F0006,/home/safe/Desktop/yassine/Vectorization/data/PatentData/ReorganisedData/EP2891569B1/EP2891569B1_F0006.tif,B60K
EP2891580B1,F0003,/home/safe/Desktop/yassine/Vectorization/data/PatentData/ReorganisedData/EP2891580B1/EP2891580B1_F0003.tif,B60N
EP2891827B1,F0001,/home/safe/Desktop/yassine/Vectorization/data/PatentData/ReorganisedData/EP2891827B1/EP2891827B1_F0001.tif,F16H
EP2893172B1,F0001,/home/safe/Desktop/yassine/Vectorization/data/PatentData/ReorganisedData/EP2893172B1/EP2893172B1_F0001.tif,F02C
EP2894334B1,F0002,/home/safe/Desktop/yassine/Vectorization/data/PatentData/ReorganisedData/EP2894334B1/EP2894334B1_F0002.tif,F04B
EP2895277B1,F0001,/home/safe/Desktop/yassine/Vectorization/data/PatentData/ReorganisedData/EP2895277B1/EP2895277B1_F0001.tif,B07B
EP2895370B1,F0001,/home/safe/Desktop/yassine/Vectorization/data/PatentData/ReorganisedData/EP2895370B1/EP2895370B1_F0001.tif,B61D
EP2896450B1,F0007,/home/safe/Desktop/yassine/Vectorization/data/PatentData/ReorganisedData/EP2896450B1/EP2896450B1_F0007.tif,B01D
EP2896489B1,F0001,/home/safe/Desktop/yassine/Vectorization/data/PatentData/ReorganisedData/EP2896489B1/EP2896489B1_F0001.tif,B26B
EP2896572B1,F0001,/home/safe/Desktop/yassine/Vectorization/data/PatentData/ReorganisedData/EP2896572B1/EP2896572B1_F0001.tif,B65B
EP2896808B1,F0001,/home/safe/Desktop/yassine/Vectorization/data/PatentData/ReorganisedData/EP2896808B1/EP2896808B1_F0001.tif,F02C
EP2896903B1,F0002,/home/safe/Desktop/yassine/Vectorization/data/PatentData/ReorganisedData/EP2896903B1/EP2896903B1_F0002.tif,F24F
EP2897753B1,F0001,/home/safe/Desktop/yassine/Vectorization/data/PatentData/ReorganisedData/EP2897753B1/EP2897753B1_F0001.tif,B23D
EP2897813B1,F0001,/home/safe/Desktop/yassine/Vectorization/data/PatentData/ReorganisedData/EP2897813B1/EP2897813B1_F0001.tif,B42F
EP2897834B1,F0001,/home/safe/Desktop/yassine/Vectorization/data/PatentData/ReorganisedData/EP2897834B1/EP2897834B1_F0001.tif,B60L
EP2898232B1,F0001,/home/safe/Desktop/yassine/Vectorization/data/PatentData/ReorganisedData/EP2898232B1/EP2898232B1_F0001.tif,F16C
EP2898956B1,F0001,/home/safe/Desktop/yassine/Vectorization/data/PatentData/ReorganisedData/EP2898956B1/EP2898956B1_F0001.tif,B05B
EP2899065B1,F0001,/home/safe/Desktop/yassine/Vectorization/data/PatentData/ReorganisedData/EP2899065B1/EP2899065B1_F0001.tif,B60N
EP2899111B1,F0001,/home/safe/Desktop/yassine/Vectorization/data/PatentData/ReorganisedData/EP2899111B1/EP2899111B1_F0001.tif,B63B
EP2899123B1,F0001,/home/safe/Desktop/yassine/Vectorization/data/PatentData/ReorganisedData/EP2899123B1/EP2899123B1_F0001.tif,B64D
EP2900397B1,F0001,/home/safe/Desktop/yassine/Vectorization/data/PatentData/ReorganisedData/EP2900397B1/EP2900397B1_F0001.tif,B21D
EP2900398B1,F0002,/home/safe/Desktop/yassine/Vectorization/data/PatentData/ReorganisedData/EP2900398B1/EP2900398B1_F0002.tif,B21D
EP2900998B1,F0001,/home/safe/Desktop/yassine/Vectorization/data/PatentData/ReorganisedData/EP2900998B1/EP2900998B1_F0001.tif,F02K
EP2901056B1,F0002,/home/safe/Desktop/yassine/Vectorization/data/PatentData/ReorganisedData/EP2901056B1/EP2901056B1_F0002.tif,F16K
EP2901075B1,F0001,/home/safe/Desktop/yassine/Vectorization/data/PatentData/ReorganisedData/EP2901075B1/EP2901075B1_F0001.tif,F21S
EP2902217B1,F0001,/home/safe/Desktop/yassine/Vectorization/data/PatentData/ReorganisedData/EP2902217B1/EP2902217B1_F0001.tif,B60C
EP2902319B1,F0003,/home/safe/Desktop/yassine/Vectorization/data/PatentData/ReorganisedData/EP2902319B1/EP2902319B1_F0003.tif,B64C
EP2902627B1,F0001,/home/safe/Desktop/yassine/Vectorization/data/PatentData/ReorganisedData/EP2902627B1/EP2902627B1_F0001.tif,F04B
EP2902639B1,F0001,/home/safe/Desktop/yassine/Vectorization/data/PatentData/ReorganisedData/EP2902639B1/EP2902639B1_F0001.tif,F04D
EP2902689B1,F0001,/home/safe/Desktop/yassine/Vectorization/data/PatentData/ReorganisedData/EP2902689B1/EP2902689B1_F0001.tif,F16L
EP2903839B1,F0001,/home/safe/Desktop/yassine/Vectorization/data/PatentData/ReorganisedData/EP2903839B1/EP2903839B1_F0001.tif,B60G
EP2903867B1,F0001,/home/safe/Desktop/yassine/Vectorization/data/PatentData/ReorganisedData/EP2903867B1/EP2903867B1_F0001.tif,B60R
EP2904237B1,F0001,/home/safe/Desktop/yassine/Vectorization/data/PatentData/ReorganisedData/EP2904237B1/EP2904237B1_F0001.tif,F02C
EP2905058B1,F0004,/home/safe/Desktop/yassine/Vectorization/data/PatentData/ReorganisedData/EP2905058B1/EP2905058B1_F0004.tif,B01D
EP2905138B1,F0001,/home/safe/Desktop/yassine/Vectorization/data/PatentData/ReorganisedData/EP2905138B1/EP2905138B1_F0001.tif,B41J
EP2905149B1,F0002,/home/safe/Desktop/yassine/Vectorization/data/PatentData/ReorganisedData/EP2905149B1/EP2905149B1_F0002.tif,B60C
EP2905479B1,F0002,/home/safe/Desktop/yassine/Vectorization/data/PatentData/ReorganisedData/EP2905479B1/EP2905479B1_F0002.tif,B60T
EP2906815B1,F0003,/home/safe/Desktop/yassine/Vectorization/data/PatentData/ReorganisedData/EP2906815B1/EP2906815B1_F0003.tif,F02M
EP2906894B1,F0001,/home/safe/Desktop/yassine/Vectorization/data/PatentData/ReorganisedData/EP2906894B1/EP2906894B1_F0001.tif,F28D
EP2907579B1,F0001,/home/safe/Desktop/yassine/Vectorization/data/PatentData/ReorganisedData/EP2907579B1/EP2907579B1_F0001.tif,B04B
EP2907620B1,F0001,/home/safe/Desktop/yassine/Vectorization/data/PatentData/ReorganisedData/EP2907620B1/EP2907620B1_F0001.tif,B23Q
EP2907643B1,F0001,/home/safe/Desktop/yassine/Vectorization/data/PatentData/ReorganisedData/EP2907643B1/EP2907643B1_F0001.tif,B29C
EP2907660B1,F0003,/home/safe/Desktop/yassine/Vectorization/data/PatentData/ReorganisedData/EP2907660B1/EP2907660B1_F0003.tif,B41F
EP2907664B1,F0001,/home/safe/Desktop/yassine/Vectorization/data/PatentData/ReorganisedData/EP2907664B1/EP2907664B1_F0001.tif,B41J
EP2907713B1,F0001,/home/safe/Desktop/yassine/Vectorization/data/PatentData/ReorganisedData/EP2907713B1/EP2907713B1_F0001.tif,B60W
EP2907751B1,F0001,/home/safe/Desktop/yassine/Vectorization/data/PatentData/ReorganisedData/EP2907751B1/EP2907751B1_F0001.tif,B64D
EP2908014B1,F0001,/home/safe/Desktop/yassine/Vectorization/data/PatentData/ReorganisedData/EP2908014B1/EP2908014B1_F0001.tif,F16B
EP2908025B1,F0001,/home/safe/Desktop/yassine/Vectorization/data/PatentData/ReorganisedData/EP2908025B1/EP2908025B1_F0001.tif,F16H
EP2908052B1,F0002,/home/safe/Desktop/yassine/Vectorization/data/PatentData/ReorganisedData/EP2908052B1/EP2908052B1_F0002.tif,F23K
EP2908075B1,F0001,/home/safe/Desktop/yassine/Vectorization/data/PatentData/ReorganisedData/EP2908075B1/EP2908075B1_F0001.tif,F25D
EP2909068B1,F0001,/home/safe/Desktop/yassine/Vectorization/data/PatentData/ReorganisedData/EP2909068B1/EP2909068B1_F0001.tif,B60T
EP2909538B1,F0001,/home/safe/Desktop/yassine/Vectorization/data/PatentData/ReorganisedData/EP2909538B1/EP2909538B1_F0001.tif,F24D
EP2910294B1,F0002,/home/safe/Desktop/yassine/Vectorization/data/PatentData/ReorganisedData/EP2910294B1/EP2910294B1_F0002.tif,B01D
EP2910375B1,F0003,/home/safe/Desktop/yassine/Vectorization/data/PatentData/ReorganisedData/EP2910375B1/EP2910375B1_F0003.tif,B41F
EP2910790B1,F0002,/home/safe/Desktop/yassine/Vectorization/data/PatentData/ReorganisedData/EP2910790B1/EP2910790B1_F0002.tif,F04D
EP2910795B1,F0001,/home/safe/Desktop/yassine/Vectorization/data/PatentData/ReorganisedData/EP2910795B1/EP2910795B1_F0001.tif,F15B
EP2910808B1,F0001,/home/safe/Desktop/yassine/Vectorization/data/PatentData/ReorganisedData/EP2910808B1/EP2910808B1_F0001.tif,F16D
EP2910810B1,F0002,/home/safe/Desktop/yassine/Vectorization/data/PatentData/ReorganisedData/EP2910810B1/EP2910810B1_F0002.tif,F16D
EP2910887B1,F0002,/home/safe/Desktop/yassine/Vectorization/data/PatentData/ReorganisedData/EP2910887B1/EP2910887B1_F0002.tif,F28F
EP2911803B1,F0001,/home/safe/Desktop/yassine/Vectorization/data/PatentData/ReorganisedData/EP2911803B1/EP2911803B1_F0001.tif,B05B
EP2911866B1,F0001,/home/safe/Desktop/yassine/Vectorization/data/PatentData/ReorganisedData/EP2911866B1/EP2911866B1_F0001.tif,B29C
EP2912312B1,F0001,/home/safe/Desktop/yassine/Vectorization/data/PatentData/ReorganisedData/EP2912312B1/EP2912312B1_F0001.tif,F04B
EP2913210B1,F0001,/home/safe/Desktop/yassine/Vectorization/data/PatentData/ReorganisedData/EP2913210B1/EP2913210B1_F0001.tif,B60G
EP2913239B1,F0001,/home/safe/Desktop/yassine/Vectorization/data/PatentData/ReorganisedData/EP2913239B1/EP2913239B1_F0001.tif,B60W
EP2913558B1,F0001,/home/safe/Desktop/yassine/Vectorization/data/PatentData/ReorganisedData/EP2913558B1/EP2913558B1_F0001.tif,F16H
EP2914874B1,F0002,/home/safe/Desktop/yassine/Vectorization/data/PatentData/ReorganisedData/EP2914874B1/EP2914874B1_F0002.tif,F16H
EP2916006B1,F0002,/home/safe/Desktop/yassine/Vectorization/data/PatentData/ReorganisedData/EP2916006B1/EP2916006B1_F0002.tif,F04C
EP2916044B1,F0002,/home/safe/Desktop/yassine/Vectorization/data/PatentData/ReorganisedData/EP2916044B1/EP2916044B1_F0002.tif,F16H
EP2917047B1,F0001,/home/safe/Desktop/yassine/Vectorization/data/PatentData/ReorganisedData/EP2917047B1/EP2917047B1_F0001.tif,B60C
EP2917105B1,F0002,/home/safe/Desktop/yassine/Vectorization/data/PatentData/ReorganisedData/EP2917105B1/EP2917105B1_F0002.tif,B64D
EP2917514B1,F0001,/home/safe/Desktop/yassine/Vectorization/data/PatentData/ReorganisedData/EP2917514B1/EP2917514B1_F0001.tif,F01K
EP2918368B1,F0001,/home/safe/Desktop/yassine/Vectorization/data/PatentData/ReorganisedData/EP2918368B1/EP2918368B1_F0001.tif,B23K
EP2918423B1,F0001,/home/safe/Desktop/yassine/Vectorization/data/PatentData/ReorganisedData/EP2918423B1/EP2918423B1_F0001.tif,B41M
EP2918479B1,F0002,/home/safe/Desktop/yassine/Vectorization/data/PatentData/ReorganisedData/EP2918479B1/EP2918479B1_F0002.tif,B62D
EP2918961B1,F0003,/home/safe/Desktop/yassine/Vectorization/data/PatentData/ReorganisedData/EP2918961B1/EP2918961B1_F0003.tif,F01K
EP2920538B1,F0003,/home/safe/Desktop/yassine/Vectorization/data/PatentData/ReorganisedData/EP2920538B1/EP2920538B1_F0003.tif,F28F
EP2921253B1,F0001,/home/safe/Desktop/yassine/Vectorization/data/PatentData/ReorganisedData/EP2921253B1/EP2921253B1_F0001.tif,B23Q
EP2921304B1,F0001,/home/safe/Desktop/yassine/Vectorization/data/PatentData/ReorganisedData/EP2921304B1/EP2921304B1_F0001.tif,B41J
EP2921694B1,F0006,/home/safe/Desktop/yassine/Vectorization/data/PatentData/ReorganisedData/EP2921694B1/EP2921694B1_F0006.tif,F03B
EP2922744B1,F0001,/home/safe/Desktop/yassine/Vectorization/data/PatentData/ReorganisedData/EP2922744B1/EP2922744B1_F0001.tif,B62J
EP2923123B1,F0002,/home/safe/Desktop/yassine/Vectorization/data/PatentData/ReorganisedData/EP2923123B1/EP2923123B1_F0002.tif,F16K
EP2923144B1,F0001,/home/safe/Desktop/yassine/Vectorization/data/PatentData/ReorganisedData/EP2923144B1/EP2923144B1_F0001.tif,F02C
EP2926034B1,F0001,/home/safe/Desktop/yassine/Vectorization/data/PatentData/ReorganisedData/EP2926034B1/EP2926034B1_F0001.tif,F16H
EP2926107B1,F0002,/home/safe/Desktop/yassine/Vectorization/data/PatentData/ReorganisedData/EP2926107B1/EP2926107B1_F0002.tif,B01D
EP2927507B1,F0002,/home/safe/Desktop/yassine/Vectorization/data/PatentData/ReorganisedData/EP2927507B1/EP2927507B1_F0002.tif,F15B
EP2928642B1,F0001,/home/safe/Desktop/yassine/Vectorization/data/PatentData/ReorganisedData/EP2928642B1/EP2928642B1_F0001.tif,B24B
EP2928751B1,F0001,/home/safe/Desktop/yassine/Vectorization/data/PatentData/ReorganisedData/EP2928751B1/EP2928751B1_F0001.tif,B61F
EP2929162B1,F0001,/home/safe/Desktop/yassine/Vectorization/data/PatentData/ReorganisedData/EP2929162B1/EP2929162B1_F0001.tif,F02C
EP2929259B1,F0003,/home/safe/Desktop/yassine/Vectorization/data/PatentData/ReorganisedData/EP2929259B1/EP2929259B1_F0003.tif,F24H
EP2929926B1,F0001,/home/safe/Desktop/yassine/Vectorization/data/PatentData/ReorganisedData/EP2929926B1/EP2929926B1_F0001.tif,B01D
EP2930332B1,F0001,/home/safe/Desktop/yassine/Vectorization/data/PatentData/ReorganisedData/EP2930332B1/EP2930332B1_F0001.tif,F02C
EP2930386B1,F0001,/home/safe/Desktop/yassine/Vectorization/data/PatentData/ReorganisedData/EP2930386B1/EP2930386B1_F0001.tif,F16D
EP2930436B1,F0001,/home/safe/Desktop/yassine/Vectorization/data/PatentData/ReorganisedData/EP2930436B1/EP2930436B1_F0001.tif,F24C
EP2933121B1,F0003,/home/safe/Desktop/yassine/Vectorization/data/PatentData/ReorganisedData/EP2933121B1/EP2933121B1_F0003.tif,B60C
EP2933194B1,F0001,/home/safe/Desktop/yassine/Vectorization/data/PatentData/ReorganisedData/EP2933194B1/EP2933194B1_F0001.tif,B65B
EP2933214B1,F0003,/home/safe/Desktop/yassine/Vectorization/data/PatentData/ReorganisedData/EP2933214B1/EP2933214B1_F0003.tif,B65H
EP2933507B1,F0001,/home/safe/Desktop/yassine/Vectorization/data/PatentData/ReorganisedData/EP2933507B1/EP2933507B1_F0001.tif,F16B
EP2933545B1,F0001,/home/safe/Desktop/yassine/Vectorization/data/PatentData/ReorganisedData/EP2933545B1/EP2933545B1_F0001.tif,F16M
EP2933547B1,F0001,/home/safe/Desktop/yassine/Vectorization/data/PatentData/ReorganisedData/EP2933547B1/EP2933547B1_F0001.tif,F17C
EP2933578B1,F0001,/home/safe/Desktop/yassine/Vectorization/data/PatentData/ReorganisedData/EP2933578B1/EP2933578B1_F0001.tif,F24H
EP2934977B1,F0001,/home/safe/Desktop/yassine/Vectorization/data/PatentData/ReorganisedData/EP2934977B1/EP2934977B1_F0001.tif,B60W
EP2935000B1,F0001,/home/safe/Desktop/yassine/Vectorization/data/PatentData/ReorganisedData/EP2935000B1/EP2935000B1_F0001.tif,B64C
EP2935005B1,F0001,/home/safe/Desktop/yassine/Vectorization/data/PatentData/ReorganisedData/EP2935005B1/EP2935005B1_F0001.tif,B64D
EP2935842B1,F0001,/home/safe/Desktop/yassine/Vectorization/data/PatentData/ReorganisedData/EP2935842B1/EP2935842B1_F0001.tif,F02C
EP2935892B1,F0001,/home/safe/Desktop/yassine/Vectorization/data/PatentData/ReorganisedData/EP2935892B1/EP2935892B1_F0001.tif,F04C
EP2937204B1,F0001,/home/safe/Desktop/yassine/Vectorization/data/PatentData/ReorganisedData/EP2937204B1/EP2937204B1_F0001.tif,B29C
EP2937519B1,F0002,/home/safe/Desktop/yassine/Vectorization/data/PatentData/ReorganisedData/EP2937519B1/EP2937519B1_F0002.tif,F01D
EP2937608B1,F0001,/home/safe/Desktop/yassine/Vectorization/data/PatentData/ReorganisedData/EP2937608B1/EP2937608B1_F0001.tif,F16K
EP2937969B1,F0004,/home/safe/Desktop/yassine/Vectorization/data/PatentData/ReorganisedData/EP2937969B1/EP2937969B1_F0004.tif,B60L
EP2938452B1,F0001,/home/safe/Desktop/yassine/Vectorization/data/PatentData/ReorganisedData/EP2938452B1/EP2938452B1_F0001.tif,B23D
EP2938947B1,F0002,/home/safe/Desktop/yassine/Vectorization/data/PatentData/ReorganisedData/EP2938947B1/EP2938947B1_F0002.tif,F25D
EP2939809B1,F0001,/home/safe/Desktop/yassine/Vectorization/data/PatentData/ReorganisedData/EP2939809B1/EP2939809B1_F0001.tif,B28B
EP2939864B1,F0001,/home/safe/Desktop/yassine/Vectorization/data/PatentData/ReorganisedData/EP2939864B1/EP2939864B1_F0001.tif,B60L
EP2940251B1,F0001,/home/safe/Desktop/yassine/Vectorization/data/PatentData/ReorganisedData/EP2940251B1/EP2940251B1_F0001.tif,F01D
EP2940340B1,F0001,/home/safe/Desktop/yassine/Vectorization/data/PatentData/ReorganisedData/EP2940340B1/EP2940340B1_F0001.tif,F16D
EP2940344B1,F0002,/home/safe/Desktop/yassine/Vectorization/data/PatentData/ReorganisedData/EP2940344B1/EP2940344B1_F0002.tif,F16F
EP2940388B1,F0001,/home/safe/Desktop/yassine/Vectorization/data/PatentData/ReorganisedData/EP2940388B1/EP2940388B1_F0001.tif,F23N
EP2941608B1,F0003,/home/safe/Desktop/yassine/Vectorization/data/PatentData/ReorganisedData/EP2941608B1/EP2941608B1_F0003.tif,F25J
EP2942171B1,F0002,/home/safe/Desktop/yassine/Vectorization/data/PatentData/ReorganisedData/EP2942171B1/EP2942171B1_F0002.tif,B28B
EP2942310B1,F0004,/home/safe/Desktop/yassine/Vectorization/data/PatentData/ReorganisedData/EP2942310B1/EP2942310B1_F0004.tif,B29C
EP2943375B1,F0001,/home/safe/Desktop/yassine/Vectorization/data/PatentData/ReorganisedData/EP2943375B1/EP2943375B1_F0001.tif,B60R
EP2943386B1,F0002,/home/safe/Desktop/yassine/Vectorization/data/PatentData/ReorganisedData/EP2943386B1/EP2943386B1_F0002.tif,B61C
EP2943689B1,F0001,/home/safe/Desktop/yassine/Vectorization/data/PatentData/ReorganisedData/EP2943689B1/EP2943689B1_F0001.tif,F04D
EP2944472B1,F0001,/home/safe/Desktop/yassine/Vectorization/data/PatentData/ReorganisedData/EP2944472B1/EP2944472B1_F0001.tif,B41J
EP2944479B1,F0001,/home/safe/Desktop/yassine/Vectorization/data/PatentData/ReorganisedData/EP2944479B1/EP2944479B1_F0001.tif,B60C
EP2944498B1,F0002,/home/safe/Desktop/yassine/Vectorization/data/PatentData/ReorganisedData/EP2944498B1/EP2944498B1_F0002.tif,B60K
EP2944533B1,F0001,/home/safe/Desktop/yassine/Vectorization/data/PatentData/ReorganisedData/EP2944533B1/EP2944533B1_F0001.tif,B61D
EP2944835B1,F0001,/home/safe/Desktop/yassine/Vectorization/data/PatentData/ReorganisedData/EP2944835B1/EP2944835B1_F0001.tif,F16B
EP2945721B1,F0001,/home/safe/Desktop/yassine/Vectorization/data/PatentData/ReorganisedData/EP2945721B1/EP2945721B1_F0001.tif,B01D
EP2945900B1,F0001,/home/safe/Desktop/yassine/Vectorization/data/PatentData/ReorganisedData/EP2945900B1/EP2945900B1_F0001.tif,B66D
EP2946012B1,F0001,/home/safe/Desktop/yassine/Vectorization/data/PatentData/ReorganisedData/EP2946012B1/EP2946012B1_F0001.tif,B01D
EP2946863B1,F0001,/home/safe/Desktop/yassine/Vectorization/data/PatentData/ReorganisedData/EP2946863B1/EP2946863B1_F0001.tif,B23C
EP2947327B1,F0003,/home/safe/Desktop/yassine/Vectorization/data/PatentData/ReorganisedData/EP2947327B1/EP2947327B1_F0003.tif,F04D
EP2948323B1,F0001,/home/safe/Desktop/yassine/Vectorization/data/PatentData/ReorganisedData/EP2948323B1/EP2948323B1_F0001.tif,B60G
EP2948673B1,F0001,/home/safe/Desktop/yassine/Vectorization/data/PatentData/ReorganisedData/EP2948673B1/EP2948673B1_F0001.tif,F02M
EP2948718B1,F0001,/home/safe/Desktop/yassine/Vectorization/data/PatentData/ReorganisedData/EP2948718B1/EP2948718B1_F0001.tif,F22B
EP2949496B1,F0001,/home/safe/Desktop/yassine/Vectorization/data/PatentData/ReorganisedData/EP2949496B1/EP2949496B1_F0001.tif,B60K
EP2949506B1,F0002,/home/safe/Desktop/yassine/Vectorization/data/PatentData/ReorganisedData/EP2949506B1/EP2949506B1_F0002.tif,B60P
EP2949946B1,F0001,/home/safe/Desktop/yassine/Vectorization/data/PatentData/ReorganisedData/EP2949946B1/EP2949946B1_F0001.tif,F04D
EP2950942B1,F0001,/home/safe/Desktop/yassine/Vectorization/data/PatentData/ReorganisedData/EP2950942B1/EP2950942B1_F0001.tif,B21K
EP2951480B1,F0002,/home/safe/Desktop/yassine/Vectorization/data/PatentData/ReorganisedData/EP2951480B1/EP2951480B1_F0002.tif,F16L
EP2952380B1,F0002,/home/safe/Desktop/yassine/Vectorization/data/PatentData/ReorganisedData/EP2952380B1/EP2952380B1_F0002.tif,B60N
EP2952447B1,F0001,/home/safe/Desktop/yassine/Vectorization/data/PatentData/ReorganisedData/EP2952447B1/EP2952447B1_F0001.tif,B65D
EP2954254B1,F0001,/home/safe/Desktop/yassine/Vectorization/data/PatentData/ReorganisedData/EP2954254B1/EP2954254B1_F0001.tif,F21S
EP2954996B1,F0002,/home/safe/Desktop/yassine/Vectorization/data/PatentData/ReorganisedData/EP2954996B1/EP2954996B1_F0002.tif,B29C
EP2955373B1,F0001,/home/safe/Desktop/yassine/Vectorization/data/PatentData/ReorganisedData/EP2955373B1/EP2955373B1_F0001.tif,F04B
EP2956346B1,F0001,/home/safe/Desktop/yassine/Vectorization/data/PatentData/ReorganisedData/EP2956346B1/EP2956346B1_F0001.tif,B61D
EP2956348B1,F0001,/home/safe/Desktop/yassine/Vectorization/data/PatentData/ReorganisedData/EP2956348B1/EP2956348B1_F0001.tif,B61G
EP2956668B1,F0001,/home/safe/Desktop/yassine/Vectorization/data/PatentData/ReorganisedData/EP2956668B1/EP2956668B1_F0001.tif,F04B
EP2956723B1,F0001,/home/safe/Desktop/yassine/Vectorization/data/PatentData/ReorganisedData/EP2956723B1/EP2956723B1_F0001.tif,F24D
EP2957482B1,F0005,/home/safe/Desktop/yassine/Vectorization/data/PatentData/ReorganisedData/EP2957482B1/EP2957482B1_F0005.tif,B62D
EP2957809B1,F0001,/home/safe/Desktop/yassine/Vectorization/data/PatentData/ReorganisedData/EP2957809B1/EP2957809B1_F0001.tif,F16L
EP2959111B1,F0001,/home/safe/Desktop/yassine/Vectorization/data/PatentData/ReorganisedData/EP2959111B1/EP2959111B1_F0001.tif,F01D
EP2959985B1,F0001,/home/safe/Desktop/yassine/Vectorization/data/PatentData/ReorganisedData/EP2959985B1/EP2959985B1_F0001.tif,B21D
EP2960042B1,F0002,/home/safe/Desktop/yassine/Vectorization/data/PatentData/ReorganisedData/EP2960042B1/EP2960042B1_F0002.tif,B29C
EP2960095B1,F0001,/home/safe/Desktop/yassine/Vectorization/data/PatentData/ReorganisedData/EP2960095B1/EP2960095B1_F0001.tif,B60K
EP2960554B1,F0002,/home/safe/Desktop/yassine/Vectorization/data/PatentData/ReorganisedData/EP2960554B1/EP2960554B1_F0002.tif,F16J
EP2960559B1,F0001,/home/safe/Desktop/yassine/Vectorization/data/PatentData/ReorganisedData/EP2960559B1/EP2960559B1_F0001.tif,F16K
EP2961956B1,F0002,/home/safe/Desktop/yassine/Vectorization/data/PatentData/ReorganisedData/EP2961956B1/EP2961956B1_F0002.tif,F01N
EP2961969B1,F0001,/home/safe/Desktop/yassine/Vectorization/data/PatentData/ReorganisedData/EP2961969B1/EP2961969B1_F0001.tif,F02C
EP2962809B1,F0001,/home/safe/Desktop/yassine/Vectorization/data/PatentData/ReorganisedData/EP2962809B1/EP2962809B1_F0001.tif,B24B
EP2963247B1,F0001,/home/safe/Desktop/yassine/Vectorization/data/PatentData/ReorganisedData/EP2963247B1/EP2963247B1_F0001.tif,F01D
EP2963301B1,F0001,/home/safe/Desktop/yassine/Vectorization/data/PatentData/ReorganisedData/EP2963301B1/EP2963301B1_F0001.tif,F04C
EP2964513B1,F0001,/home/safe/Desktop/yassine/Vectorization/data/PatentData/ReorganisedData/EP2964513B1/EP2964513B1_F0001.tif,B62D
EP2964531B1,F0001,/home/safe/Desktop/yassine/Vectorization/data/PatentData/ReorganisedData/EP2964531B1/EP2964531B1_F0001.tif,B64D
EP2964887B1,F0001,/home/safe/Desktop/yassine/Vectorization/data/PatentData/ReorganisedData/EP2964887B1/EP2964887B1_F0001.tif,F01D
EP2964891B1,F0002,/home/safe/Desktop/yassine/Vectorization/data/PatentData/ReorganisedData/EP2964891B1/EP2964891B1_F0002.tif,F01D
EP2964960B1,F0001,/home/safe/Desktop/yassine/Vectorization/data/PatentData/ReorganisedData/EP2964960B1/EP2964960B1_F0001.tif,F04D
EP2965862B1,F0001,/home/safe/Desktop/yassine/Vectorization/data/PatentData/ReorganisedData/EP2965862B1/EP2965862B1_F0001.tif,B23Q
EP2965997B1,F0001,/home/safe/Desktop/yassine/Vectorization/data/PatentData/ReorganisedData/EP2965997B1/EP2965997B1_F0001.tif,B65D
EP2969211B1,F0001,/home/safe/Desktop/yassine/Vectorization/data/PatentData/ReorganisedData/EP2969211B1/EP2969211B1_F0001.tif,B01L
EP2969232B1,F0001,/home/safe/Desktop/yassine/Vectorization/data/PatentData/ReorganisedData/EP2969232B1/EP2969232B1_F0001.tif,B05B
EP2969483B1,F0002,/home/safe/Desktop/yassine/Vectorization/data/PatentData/ReorganisedData/EP2969483B1/EP2969483B1_F0002.tif,B29C
EP2969511B1,F0001,/home/safe/Desktop/yassine/Vectorization/data/PatentData/ReorganisedData/EP2969511B1/EP2969511B1_F0001.tif,B30B
EP2969517B1,F0001,/home/safe/Desktop/yassine/Vectorization/data/PatentData/ReorganisedData/EP2969517B1/EP2969517B1_F0001.tif,B30B
EP2969599B1,F0001,/home/safe/Desktop/yassine/Vectorization/data/PatentData/ReorganisedData/EP2969599B1/EP2969599B1_F0001.tif,B60C
EP2969693B1,F0001,/home/safe/Desktop/yassine/Vectorization/data/PatentData/ReorganisedData/EP2969693B1/EP2969693B1_F0001.tif,B60W
EP2969699B1,F0001,/home/safe/Desktop/yassine/Vectorization/data/PatentData/ReorganisedData/EP2969699B1/EP2969699B1_F0001.tif,B61D
EP2971551B1,F0001,/home/safe/Desktop/yassine/Vectorization/data/PatentData/ReorganisedData/EP2971551B1/EP2971551B1_F0001.tif,F01D
EP2971607B1,F0001,/home/safe/Desktop/yassine/Vectorization/data/PatentData/ReorganisedData/EP2971607B1/EP2971607B1_F0001.tif,F01D
EP2971615B1,F0001,/home/safe/Desktop/yassine/Vectorization/data/PatentData/ReorganisedData/EP2971615B1/EP2971615B1_F0001.tif,F01D
EP2971764B1,F0001,/home/safe/Desktop/yassine/Vectorization/data/PatentData/ReorganisedData/EP2971764B1/EP2971764B1_F0001.tif,F04D
EP2971893B1,F0002,/home/safe/Desktop/yassine/Vectorization/data/PatentData/ReorganisedData/EP2971893B1/EP2971893B1_F0002.tif,F16K
EP2971915B1,F0001,/home/safe/Desktop/yassine/Vectorization/data/PatentData/ReorganisedData/EP2971915B1/EP2971915B1_F0001.tif,F16L
EP2971987B1,F0001,/home/safe/Desktop/yassine/Vectorization/data/PatentData/ReorganisedData/EP2971987B1/EP2971987B1_F0001.tif,F24F
EP2974829B1,F0001,/home/safe/Desktop/yassine/Vectorization/data/PatentData/ReorganisedData/EP2974829B1/EP2974829B1_F0001.tif,B24B
EP2974943B1,F0001,/home/safe/Desktop/yassine/Vectorization/data/PatentData/ReorganisedData/EP2974943B1/EP2974943B1_F0001.tif,B60W
EP2975239B1,F0001,/home/safe/Desktop/yassine/Vectorization/data/PatentData/ReorganisedData/EP2975239B1/EP2975239B1_F0001.tif,F02C
EP2975315B1,F0001,/home/safe/Desktop/yassine/Vectorization/data/PatentData/ReorganisedData/EP2975315B1/EP2975315B1_F0001.tif,F16M
EP2976579B1,F0001,/home/safe/Desktop/yassine/Vectorization/data/PatentData/ReorganisedData/EP2976579B1/EP2976579B1_F0001.tif,F24S
EP2977092B1,F0001,/home/safe/Desktop/yassine/Vectorization/data/PatentData/ReorganisedData/EP2977092B1/EP2977092B1_F0001.tif,B01D
EP2977134B1,F0001,/home/safe/Desktop/yassine/Vectorization/data/PatentData/ReorganisedData/EP2977134B1/EP2977134B1_F0001.tif,B23B
EP2977225B1,F0003,/home/safe/Desktop/yassine/Vectorization/data/PatentData/ReorganisedData/EP2977225B1/EP2977225B1_F0003.tif,B44C
EP2977314B1,F0001,/home/safe/Desktop/yassine/Vectorization/data/PatentData/ReorganisedData/EP2977314B1/EP2977314B1_F0001.tif,B64C
EP2977608B1,F0001,/home/safe/Desktop/yassine/Vectorization/data/PatentData/ReorganisedData/EP2977608B1/EP2977608B1_F0001.tif,F04B
EP2977630B1,F0003,/home/safe/Desktop/yassine/Vectorization/data/PatentData/ReorganisedData/EP2977630B1/EP2977630B1_F0003.tif,F16D
EP2978589B1,F0002,/home/safe/Desktop/yassine/Vectorization/data/PatentData/ReorganisedData/EP2978589B1/EP2978589B1_F0002.tif,B22F
EP2979009B1,F0001,/home/safe/Desktop/yassine/Vectorization/data/PatentData/ReorganisedData/EP2979009B1/EP2979009B1_F0001.tif,F16H
EP2979118B1,F0001,/home/safe/Desktop/yassine/Vectorization/data/PatentData/ReorganisedData/EP2979118B1/EP2979118B1_F0001.tif,F21V
EP2979800B1,F0001,/home/safe/Desktop/yassine/Vectorization/data/PatentData/ReorganisedData/EP2979800B1/EP2979800B1_F0001.tif,B23C
EP2979820B1,F0001,/home/safe/Desktop/yassine/Vectorization/data/PatentData/ReorganisedData/EP2979820B1/EP2979820B1_F0001.tif,B25D
EP2980014B1,F0001,/home/safe/Desktop/yassine/Vectorization/data/PatentData/ReorganisedData/EP2980014B1/EP2980014B1_F0001.tif,B82Y
EP2980407B1,F0001,/home/safe/Desktop/yassine/Vectorization/data/PatentData/ReorganisedData/EP2980407B1/EP2980407B1_F0001.tif,F04C
EP2981427B1,F0001,/home/safe/Desktop/yassine/Vectorization/data/PatentData/ReorganisedData/EP2981427B1/EP2981427B1_F0001.tif,B60K
EP2981732B1,F0001,/home/safe/Desktop/yassine/Vectorization/data/PatentData/ReorganisedData/EP2981732B1/EP2981732B1_F0001.tif,F16F
EP2981769B1,F0001,/home/safe/Desktop/yassine/Vectorization/data/PatentData/ReorganisedData/EP2981769B1/EP2981769B1_F0001.tif,F24H
EP2981773B1,F0001,/home/safe/Desktop/yassine/Vectorization/data/PatentData/ReorganisedData/EP2981773B1/EP2981773B1_F0001.tif,B60R
EP2981781B1,F0001,/home/safe/Desktop/yassine/Vectorization/data/PatentData/ReorganisedData/EP2981781B1/EP2981781B1_F0001.tif,F28D
EP2982501B1,F0001,/home/safe/Desktop/yassine/Vectorization/data/PatentData/ReorganisedData/EP2982501B1/EP2982501B1_F0001.tif,B32B
EP2982569B1,F0001,/home/safe/Desktop/yassine/Vectorization/data/PatentData/ReorganisedData/EP2982569B1/EP2982569B1_F0001.tif,B62D
EP2982850B1,F0003,/home/safe/Desktop/yassine/Vectorization/data/PatentData/ReorganisedData/EP2982850B1/EP2982850B1_F0003.tif,F02D
EP2982914B1,F0003,/home/safe/Desktop/yassine/Vectorization/data/PatentData/ReorganisedData/EP2982914B1/EP2982914B1_F0003.tif,F24S
EP2983855B1,F0003,/home/safe/Desktop/yassine/Vectorization/data/PatentData/ReorganisedData/EP2983855B1/EP2983855B1_F0003.tif,B23D
EP2983922B1,F0001,/home/safe/Desktop/yassine/Vectorization/data/PatentData/ReorganisedData/EP2983922B1/EP2983922B1_F0001.tif,B44C
EP2983943B1,F0002,/home/safe/Desktop/yassine/Vectorization/data/PatentData/ReorganisedData/EP2983943B1/EP2983943B1_F0002.tif,B60N
EP2983955B1,F0005,/home/safe/Desktop/yassine/Vectorization/data/PatentData/ReorganisedData/EP2983955B1/EP2983955B1_F0005.tif,B60W
EP2983971B1,F0001,/home/safe/Desktop/yassine/Vectorization/data/PatentData/ReorganisedData/EP2983971B1/EP2983971B1_F0001.tif,B62D
EP2983976B1,F0001,/home/safe/Desktop/yassine/Vectorization/data/PatentData/ReorganisedData/EP2983976B1/EP2983976B1_F0001.tif,B63B
EP2984009B1,F0001,/home/safe/Desktop/yassine/Vectorization/data/PatentData/ReorganisedData/EP2984009B1/EP2984009B1_F0001.tif,B65G
EP2984325B1,F0019,/home/safe/Desktop/yassine/Vectorization/data/PatentData/ReorganisedData/EP2984325B1/EP2984325B1_F0019.tif,F02F
EP2984360B1,F0001,/home/safe/Desktop/yassine/Vectorization/data/PatentData/ReorganisedData/EP2984360B1/EP2984360B1_F0001.tif,F16D
EP2984378B1,F0003,/home/safe/Desktop/yassine/Vectorization/data/PatentData/ReorganisedData/EP2984378B1/EP2984378B1_F0003.tif,F16L
EP2985440B1,F0001,/home/safe/Desktop/yassine/Vectorization/data/PatentData/ReorganisedData/EP2985440B1/EP2985440B1_F0001.tif,F02D
EP2985533B1,F0004,/home/safe/Desktop/yassine/Vectorization/data/PatentData/ReorganisedData/EP2985533B1/EP2985533B1_F0004.tif,F24C
EP2985559B1,F0001,/home/safe/Desktop/yassine/Vectorization/data/PatentData/ReorganisedData/EP2985559B1/EP2985559B1_F0001.tif,F28F
EP2986361B1,F0012,/home/safe/Desktop/yassine/Vectorization/data/PatentData/ReorganisedData/EP2986361B1/EP2986361B1_F0012.tif,B01D
EP2986387B1,F0001,/home/safe/Desktop/yassine/Vectorization/data/PatentData/ReorganisedData/EP2986387B1/EP2986387B1_F0001.tif,B02C
EP2986398B1,F0001,/home/safe/Desktop/yassine/Vectorization/data/PatentData/ReorganisedData/EP2986398B1/EP2986398B1_F0001.tif,B08B
EP2986542B1,F0001,/home/safe/Desktop/yassine/Vectorization/data/PatentData/ReorganisedData/EP2986542B1/EP2986542B1_F0001.tif,B65G
EP2986544B1,F0001,/home/safe/Desktop/yassine/Vectorization/data/PatentData/ReorganisedData/EP2986544B1/EP2986544B1_F0001.tif,B65G
EP2986550B1,F0002,/home/safe/Desktop/yassine/Vectorization/data/PatentData/ReorganisedData/EP2986550B1/EP2986550B1_F0002.tif,B66D
EP2986555B1,F0013,/home/safe/Desktop/yassine/Vectorization/data/PatentData/ReorganisedData/EP2986555B1/EP2986555B1_F0013.tif,B82Y
EP2986556B1,F0006,/home/safe/Desktop/yassine/Vectorization/data/PatentData/ReorganisedData/EP2986556B1/EP2986556B1_F0006.tif,B82Y
EP2986846B1,F0001,/home/safe/Desktop/yassine/Vectorization/data/PatentData/ReorganisedData/EP2986846B1/EP2986846B1_F0001.tif,F03D
EP2986910B1,F0001,/home/safe/Desktop/yassine/Vectorization/data/PatentData/ReorganisedData/EP2986910B1/EP2986910B1_F0001.tif,F22D
EP2987556B1,F0001,/home/safe/Desktop/yassine/Vectorization/data/PatentData/ReorganisedData/EP2987556B1/EP2987556B1_F0001.tif,B02C
EP2987631B1,F0001,/home/safe/Desktop/yassine/Vectorization/data/PatentData/ReorganisedData/EP2987631B1/EP2987631B1_F0001.tif,B29D
EP2987762B1,F0002,/home/safe/Desktop/yassine/Vectorization/data/PatentData/ReorganisedData/EP2987762B1/EP2987762B1_F0002.tif,B66F
EP2987801B1,F0001,/home/safe/Desktop/yassine/Vectorization/data/PatentData/ReorganisedData/EP2987801B1/EP2987801B1_F0001.tif,B01D
EP2988874B1,F0001,/home/safe/Desktop/yassine/Vectorization/data/PatentData/ReorganisedData/EP2988874B1/EP2988874B1_F0001.tif,B02C
EP2988915B1,F0001,/home/safe/Desktop/yassine/Vectorization/data/PatentData/ReorganisedData/EP2988915B1/EP2988915B1_F0001.tif,B29C
EP2988917B1,F0002,/home/safe/Desktop/yassine/Vectorization/data/PatentData/ReorganisedData/EP2988917B1/EP2988917B1_F0002.tif,B29C
EP2988942B1,F0002,/home/safe/Desktop/yassine/Vectorization/data/PatentData/ReorganisedData/EP2988942B1/EP2988942B1_F0002.tif,B41K
EP2988952B1,F0002,/home/safe/Desktop/yassine/Vectorization/data/PatentData/ReorganisedData/EP2988952B1/EP2988952B1_F0002.tif,B60B
EP2988981B1,F0001,/home/safe/Desktop/yassine/Vectorization/data/PatentData/ReorganisedData/EP2988981B1/EP2988981B1_F0001.tif,B60W
EP2989399B1,F0002,/home/safe/Desktop/yassine/Vectorization/data/PatentData/ReorganisedData/EP2989399B1/EP2989399B1_F0002.tif,F25D
EP2989409B1,F0001,/home/safe/Desktop/yassine/Vectorization/data/PatentData/ReorganisedData/EP2989409B1/EP2989409B1_F0001.tif,F41G
EP2990072B1,F0001,/home/safe/Desktop/yassine/Vectorization/data/PatentData/ReorganisedData/EP2990072B1/EP2990072B1_F0001.tif,B29C
EP2990132B1,F0001,/home/safe/Desktop/yassine/Vectorization/data/PatentData/ReorganisedData/EP2990132B1/EP2990132B1_F0001.tif,B21D
EP2990316B1,F0001,/home/safe/Desktop/yassine/Vectorization/data/PatentData/ReorganisedData/EP2990316B1/EP2990316B1_F0001.tif,B62J
EP2990636B1,F0002,/home/safe/Desktop/yassine/Vectorization/data/PatentData/ReorganisedData/EP2990636B1/EP2990636B1_F0002.tif,F02M
EP2990647B1,F0001,/home/safe/Desktop/yassine/Vectorization/data/PatentData/ReorganisedData/EP2990647B1/EP2990647B1_F0001.tif,F04B
EP2990718B1,F0029,/home/safe/Desktop/yassine/Vectorization/data/PatentData/ReorganisedData/EP2990718B1/EP2990718B1_F0029.tif,F21S
EP2991752B1,F0001,/home/safe/Desktop/yassine/Vectorization/data/PatentData/ReorganisedData/EP2991752B1/EP2991752B1_F0001.tif,B01D
EP2991797B1,F0001,/home/safe/Desktop/yassine/Vectorization/data/PatentData/ReorganisedData/EP2991797B1/EP2991797B1_F0001.tif,B23K
EP2991839B1,F0001,/home/safe/Desktop/yassine/Vectorization/data/PatentData/ReorganisedData/EP2991839B1/EP2991839B1_F0001.tif,B42D
EP2992239B1,F0001,/home/safe/Desktop/yassine/Vectorization/data/PatentData/ReorganisedData/EP2992239B1/EP2992239B1_F0001.tif,F16F
EP2992256B1,F0001,/home/safe/Desktop/yassine/Vectorization/data/PatentData/ReorganisedData/EP2992256B1/EP2992256B1_F0001.tif,F16K
EP2992942B1,F0001,/home/safe/Desktop/yassine/Vectorization/data/PatentData/ReorganisedData/EP2992942B1/EP2992942B1_F0001.tif,B28B
EP2993433B1,F0002,/home/safe/Desktop/yassine/Vectorization/data/PatentData/ReorganisedData/EP2993433B1/EP2993433B1_F0002.tif,F26B
EP2994050B1,F0002,/home/safe/Desktop/yassine/Vectorization/data/PatentData/ReorganisedData/EP2994050B1/EP2994050B1_F0002.tif,F16C
EP2994327B1,F0001,/home/safe/Desktop/yassine/Vectorization/data/PatentData/ReorganisedData/EP2994327B1/EP2994327B1_F0001.tif,B60J
EP2994384B1,F0003,/home/safe/Desktop/yassine/Vectorization/data/PatentData/ReorganisedData/EP2994384B1/EP2994384B1_F0003.tif,B64D
EP2994568B1,F0001,/home/safe/Desktop/yassine/Vectorization/data/PatentData/ReorganisedData/EP2994568B1/EP2994568B1_F0001.tif,B01D
EP2994633B1,F0002,/home/safe/Desktop/yassine/Vectorization/data/PatentData/ReorganisedData/EP2994633B1/EP2994633B1_F0002.tif,F02K
EP2994651B1,F0001,/home/safe/Desktop/yassine/Vectorization/data/PatentData/ReorganisedData/EP2994651B1/EP2994651B1_F0001.tif,F16C
EP2995483B1,F0001,/home/safe/Desktop/yassine/Vectorization/data/PatentData/ReorganisedData/EP2995483B1/EP2995483B1_F0001.tif,B60G
EP2995495B1,F0003,/home/safe/Desktop/yassine/Vectorization/data/PatentData/ReorganisedData/EP2995495B1/EP2995495B1_F0003.tif,B60L
EP2995529B1,F0001,/home/safe/Desktop/yassine/Vectorization/data/PatentData/ReorganisedData/EP2995529B1/EP2995529B1_F0001.tif,B61L
EP2995539B1,F0001,/home/safe/Desktop/yassine/Vectorization/data/PatentData/ReorganisedData/EP2995539B1/EP2995539B1_F0001.tif,B62J
EP2995797B1,F0001,/home/safe/Desktop/yassine/Vectorization/data/PatentData/ReorganisedData/EP2995797B1/EP2995797B1_F0001.tif,F02B
EP2995855B1,F0001,/home/safe/Desktop/yassine/Vectorization/data/PatentData/ReorganisedData/EP2995855B1/EP2995855B1_F0001.tif,F21V
EP2995865B1,F0001,/home/safe/Desktop/yassine/Vectorization/data/PatentData/ReorganisedData/EP2995865B1/EP2995865B1_F0001.tif,F24C
EP2996920B1,F0004,/home/safe/Desktop/yassine/Vectorization/data/PatentData/ReorganisedData/EP2996920B1/EP2996920B1_F0004.tif,B61B
EP2996923B1,F0001,/home/safe/Desktop/yassine/Vectorization/data/PatentData/ReorganisedData/EP2996923B1/EP2996923B1_F0001.tif,B61D
EP2998013B1,F0001,/home/safe/Desktop/yassine/Vectorization/data/PatentData/ReorganisedData/EP2998013B1/EP2998013B1_F0001.tif,B01D
EP2998174B1,F0002,/home/safe/Desktop/yassine/Vectorization/data/PatentData/ReorganisedData/EP2998174B1/EP2998174B1_F0002.tif,B60T
EP2998505B1,F0002,/home/safe/Desktop/yassine/Vectorization/data/PatentData/ReorganisedData/EP2998505B1/EP2998505B1_F0002.tif,F01D
EP2998511B1,F0001,/home/safe/Desktop/yassine/Vectorization/data/PatentData/ReorganisedData/EP2998511B1/EP2998511B1_F0001.tif,B22C
EP2998540B1,F0002,/home/safe/Desktop/yassine/Vectorization/data/PatentData/ReorganisedData/EP2998540B1/EP2998540B1_F0002.tif,F02B
EP2998612B1,F0001,/home/safe/Desktop/yassine/Vectorization/data/PatentData/ReorganisedData/EP2998612B1/EP2998612B1_F0001.tif,F16G
EP2998614B1,F0002,/home/safe/Desktop/yassine/Vectorization/data/PatentData/ReorganisedData/EP2998614B1/EP2998614B1_F0002.tif,F16H
EP2999573B1,F0001,/home/safe/Desktop/yassine/Vectorization/data/PatentData/ReorganisedData/EP2999573B1/EP2999573B1_F0001.tif,B25J
EP2999580B1,F0001,/home/safe/Desktop/yassine/Vectorization/data/PatentData/ReorganisedData/EP2999580B1/EP2999580B1_F0001.tif,B29C
EP3000566B1,F0001,/home/safe/Desktop/yassine/Vectorization/data/PatentData/ReorganisedData/EP3000566B1/EP3000566B1_F0001.tif,B25J
EP3000642B1,F0001,/home/safe/Desktop/yassine/Vectorization/data/PatentData/ReorganisedData/EP3000642B1/EP3000642B1_F0001.tif,B60K
EP3000681B1,F0001,/home/safe/Desktop/yassine/Vectorization/data/PatentData/ReorganisedData/EP3000681B1/EP3000681B1_F0001.tif,B60W
EP3000710B1,F0003,/home/safe/Desktop/yassine/Vectorization/data/PatentData/ReorganisedData/EP3000710B1/EP3000710B1_F0003.tif,B62L
EP3000720B1,F0001,/home/safe/Desktop/yassine/Vectorization/data/PatentData/ReorganisedData/EP3000720B1/EP3000720B1_F0001.tif,B64C
EP3000970B1,F0001,/home/safe/Desktop/yassine/Vectorization/data/PatentData/ReorganisedData/EP3000970B1/EP3000970B1_F0001.tif,F01D
EP3001039B1,F0001,/home/safe/Desktop/yassine/Vectorization/data/PatentData/ReorganisedData/EP3001039B1/EP3001039B1_F0001.tif,F04D
EP3001077B1,F0001,/home/safe/Desktop/yassine/Vectorization/data/PatentData/ReorganisedData/EP3001077B1/EP3001077B1_F0001.tif,F16K
EP3001829B1,F0001,/home/safe/Desktop/yassine/Vectorization/data/PatentData/ReorganisedData/EP3001829B1/EP3001829B1_F0001.tif,B41D
EP3002207B1,F0001,/home/safe/Desktop/yassine/Vectorization/data/PatentData/ReorganisedData/EP3002207B1/EP3002207B1_F0001.tif,B63G
EP3002507B1,F0001,/home/safe/Desktop/yassine/Vectorization/data/PatentData/ReorganisedData/EP3002507B1/EP3002507B1_F0001.tif,F21V
EP3002537B1,F0002,/home/safe/Desktop/yassine/Vectorization/data/PatentData/ReorganisedData/EP3002537B1/EP3002537B1_F0002.tif,F28D
EP3002540B1,F0002,/home/safe/Desktop/yassine/Vectorization/data/PatentData/ReorganisedData/EP3002540B1/EP3002540B1_F0002.tif,B60H
EP3004721B1,F0002,/home/safe/Desktop/yassine/Vectorization/data/PatentData/ReorganisedData/EP3004721B1/EP3004721B1_F0002.tif,F17C
EP3006744B1,F0002,/home/safe/Desktop/yassine/Vectorization/data/PatentData/ReorganisedData/EP3006744B1/EP3006744B1_F0002.tif,F15B
EP3007964B1,F0001,/home/safe/Desktop/yassine/Vectorization/data/PatentData/ReorganisedData/EP3007964B1/EP3007964B1_F0001.tif,B63B
EP3009292B1,F0002,/home/safe/Desktop/yassine/Vectorization/data/PatentData/ReorganisedData/EP3009292B1/EP3009292B1_F0002.tif,B60K
EP3009706B1,F0001,/home/safe/Desktop/yassine/Vectorization/data/PatentData/ReorganisedData/EP3009706B1/EP3009706B1_F0001.tif,F16F
EP3010722B1,F0004,/home/safe/Desktop/yassine/Vectorization/data/PatentData/ReorganisedData/EP3010722B1/EP3010722B1_F0004.tif,B41J
EP3011256B1,F0001,/home/safe/Desktop/yassine/Vectorization/data/PatentData/ReorganisedData/EP3011256B1/EP3011256B1_F0001.tif,F41G
EP3012503B1,F0001,/home/safe/Desktop/yassine/Vectorization/data/PatentData/ReorganisedData/EP3012503B1/EP3012503B1_F0001.tif,F16L
EP3012548B1,F0004,/home/safe/Desktop/yassine/Vectorization/data/PatentData/ReorganisedData/EP3012548B1/EP3012548B1_F0004.tif,F24F
EP3013477B1,F0002,/home/safe/Desktop/yassine/Vectorization/data/PatentData/ReorganisedData/EP3013477B1/EP3013477B1_F0002.tif,B01L
EP3013602B1,F0001,/home/safe/Desktop/yassine/Vectorization/data/PatentData/ReorganisedData/EP3013602B1/EP3013602B1_F0001.tif,B60C
EP3014142B1,F0001,/home/safe/Desktop/yassine/Vectorization/data/PatentData/ReorganisedData/EP3014142B1/EP3014142B1_F0001.tif,F16F
EP3015208B1,F0001,/home/safe/Desktop/yassine/Vectorization/data/PatentData/ReorganisedData/EP3015208B1/EP3015208B1_F0001.tif,B23H
EP3015272B1,F0001,/home/safe/Desktop/yassine/Vectorization/data/PatentData/ReorganisedData/EP3015272B1/EP3015272B1_F0001.tif,B41J
EP3015385B1,F0003,/home/safe/Desktop/yassine/Vectorization/data/PatentData/ReorganisedData/EP3015385B1/EP3015385B1_F0003.tif,B65D
EP3015720B1,F0001,/home/safe/Desktop/yassine/Vectorization/data/PatentData/ReorganisedData/EP3015720B1/EP3015720B1_F0001.tif,F16B
EP3015861B1,F0001,/home/safe/Desktop/yassine/Vectorization/data/PatentData/ReorganisedData/EP3015861B1/EP3015861B1_F0001.tif,B01L
EP3016765B1,F0001,/home/safe/Desktop/yassine/Vectorization/data/PatentData/ReorganisedData/EP3016765B1/EP3016765B1_F0001.tif,B22F
EP3016904B1,F0001,/home/safe/Desktop/yassine/Vectorization/data/PatentData/ReorganisedData/EP3016904B1/EP3016904B1_F0001.tif,B67D
EP3017098B1,F0002,/home/safe/Desktop/yassine/Vectorization/data/PatentData/ReorganisedData/EP3017098B1/EP3017098B1_F0002.tif,F24H
EP3017221B1,F0001,/home/safe/Desktop/yassine/Vectorization/data/PatentData/ReorganisedData/EP3017221B1/EP3017221B1_F0001.tif,F16K
EP3017871B1,F0001,/home/safe/Desktop/yassine/Vectorization/data/PatentData/ReorganisedData/EP3017871B1/EP3017871B1_F0001.tif,B03B
EP3018001B1,F0002,/home/safe/Desktop/yassine/Vectorization/data/PatentData/ReorganisedData/EP3018001B1/EP3018001B1_F0002.tif,B60P
EP3018036B1,F0001,/home/safe/Desktop/yassine/Vectorization/data/PatentData/ReorganisedData/EP3018036B1/EP3018036B1_F0001.tif,B62D
EP3018299B1,F0001,/home/safe/Desktop/yassine/Vectorization/data/PatentData/ReorganisedData/EP3018299B1/EP3018299B1_F0001.tif,F01D
EP3018326B1,F0001,/home/safe/Desktop/yassine/Vectorization/data/PatentData/ReorganisedData/EP3018326B1/EP3018326B1_F0001.tif,F02D
EP3018371B1,F0001,/home/safe/Desktop/yassine/Vectorization/data/PatentData/ReorganisedData/EP3018371B1/EP3018371B1_F0001.tif,F16C
EP3019393B1,F0001,/home/safe/Desktop/yassine/Vectorization/data/PatentData/ReorganisedData/EP3019393B1/EP3019393B1_F0001.tif,B63B
EP3019776B1,F0001,/home/safe/Desktop/yassine/Vectorization/data/PatentData/ReorganisedData/EP3019776B1/EP3019776B1_F0001.tif,F16H
EP3020526B1,F0001,/home/safe/Desktop/yassine/Vectorization/data/PatentData/ReorganisedData/EP3020526B1/EP3020526B1_F0001.tif,B28B
EP3022002B1,F0005,/home/safe/Desktop/yassine/Vectorization/data/PatentData/ReorganisedData/EP3022002B1/EP3022002B1_F0005.tif,B23F
EP3022061B1,F0003,/home/safe/Desktop/yassine/Vectorization/data/PatentData/ReorganisedData/EP3022061B1/EP3022061B1_F0003.tif,B41J
EP3022439B1,F0002,/home/safe/Desktop/yassine/Vectorization/data/PatentData/ReorganisedData/EP3022439B1/EP3022439B1_F0002.tif,F04B
EP3023213B1,F0002,/home/safe/Desktop/yassine/Vectorization/data/PatentData/ReorganisedData/EP3023213B1/EP3023213B1_F0002.tif,B29C
EP3023255B1,F0001,/home/safe/Desktop/yassine/Vectorization/data/PatentData/ReorganisedData/EP3023255B1/EP3023255B1_F0001.tif,B41J
EP3023369B1,F0002,/home/safe/Desktop/yassine/Vectorization/data/PatentData/ReorganisedData/EP3023369B1/EP3023369B1_F0002.tif,B65G
EP3023684B1,F0001,/home/safe/Desktop/yassine/Vectorization/data/PatentData/ReorganisedData/EP3023684B1/EP3023684B1_F0001.tif,F16L
EP3024641B1,F0001,/home/safe/Desktop/yassine/Vectorization/data/PatentData/ReorganisedData/EP3024641B1/EP3024641B1_F0001.tif,B29D
EP3024658B1,F0001,/home/safe/Desktop/yassine/Vectorization/data/PatentData/ReorganisedData/EP3024658B1/EP3024658B1_F0001.tif,B41J
EP3025059B1,F0001,/home/safe/Desktop/yassine/Vectorization/data/PatentData/ReorganisedData/EP3025059B1/EP3025059B1_F0001.tif,F04B
EP3025084B1,F0001,/home/safe/Desktop/yassine/Vectorization/data/PatentData/ReorganisedData/EP3025084B1/EP3025084B1_F0001.tif,F16L
EP3025821B1,F0001,/home/safe/Desktop/yassine/Vectorization/data/PatentData/ReorganisedData/EP3025821B1/EP3025821B1_F0001.tif,B23K
EP3025955B1,F0001,/home/safe/Desktop/yassine/Vectorization/data/PatentData/ReorganisedData/EP3025955B1/EP3025955B1_F0001.tif,B64C
EP3026266B1,F0001,/home/safe/Desktop/yassine/Vectorization/data/PatentData/ReorganisedData/EP3026266B1/EP3026266B1_F0001.tif,F04B
EP3026348B1,F0001,/home/safe/Desktop/yassine/Vectorization/data/PatentData/ReorganisedData/EP3026348B1/EP3026348B1_F0001.tif,F24C
EP3027380B1,F0008,/home/safe/Desktop/yassine/Vectorization/data/PatentData/ReorganisedData/EP3027380B1/EP3027380B1_F0008.tif,B29C
EP3027388B1,F0001,/home/safe/Desktop/yassine/Vectorization/data/PatentData/ReorganisedData/EP3027388B1/EP3027388B1_F0001.tif,B29C
EP3027484B1,F0001,/home/safe/Desktop/yassine/Vectorization/data/PatentData/ReorganisedData/EP3027484B1/EP3027484B1_F0001.tif,B60W
EP3027941B1,F0001,/home/safe/Desktop/yassine/Vectorization/data/PatentData/ReorganisedData/EP3027941B1/EP3027941B1_F0001.tif,F16K
EP3028337B1,F0001,/home/safe/Desktop/yassine/Vectorization/data/PatentData/ReorganisedData/EP3028337B1/EP3028337B1_F0001.tif,B60L
EP3028768B1,F0001,/home/safe/Desktop/yassine/Vectorization/data/PatentData/ReorganisedData/EP3028768B1/EP3028768B1_F0001.tif,B05B
EP3028829B1,F0001,/home/safe/Desktop/yassine/Vectorization/data/PatentData/ReorganisedData/EP3028829B1/EP3028829B1_F0001.tif,B27N
EP3028868B1,F0001,/home/safe/Desktop/yassine/Vectorization/data/PatentData/ReorganisedData/EP3028868B1/EP3028868B1_F0001.tif,B41M
EP3028893B1,F0001,/home/safe/Desktop/yassine/Vectorization/data/PatentData/ReorganisedData/EP3028893B1/EP3028893B1_F0001.tif,B60K
EP3028929B1,F0001,/home/safe/Desktop/yassine/Vectorization/data/PatentData/ReorganisedData/EP3028929B1/EP3028929B1_F0001.tif,B62J
EP3029351B1,F0002,/home/safe/Desktop/yassine/Vectorization/data/PatentData/ReorganisedData/EP3029351B1/EP3029351B1_F0002.tif,B60K
EP3029408B1,F0002,/home/safe/Desktop/yassine/Vectorization/data/PatentData/ReorganisedData/EP3029408B1/EP3029408B1_F0002.tif,F28F
EP3030428B1,F0001,/home/safe/Desktop/yassine/Vectorization/data/PatentData/ReorganisedData/EP3030428B1/EP3030428B1_F0001.tif,B60B
EP3030758B1,F0001,/home/safe/Desktop/yassine/Vectorization/data/PatentData/ReorganisedData/EP3030758B1/EP3030758B1_F0001.tif,F01L
EP3030802B1,F0002,/home/safe/Desktop/yassine/Vectorization/data/PatentData/ReorganisedData/EP3030802B1/EP3030802B1_F0002.tif,F16D
EP3030825B1,F0001,/home/safe/Desktop/yassine/Vectorization/data/PatentData/ReorganisedData/EP3030825B1/EP3030825B1_F0001.tif,F16N
EP3030849B1,F0001,/home/safe/Desktop/yassine/Vectorization/data/PatentData/ReorganisedData/EP3030849B1/EP3030849B1_F0001.tif,F25B
EP3031624B1,F0001,/home/safe/Desktop/yassine/Vectorization/data/PatentData/ReorganisedData/EP3031624B1/EP3031624B1_F0001.tif,B60C
EP3031684B1,F0001,/home/safe/Desktop/yassine/Vectorization/data/PatentData/ReorganisedData/EP3031684B1/EP3031684B1_F0001.tif,B60T
EP3032032B1,F0002,/home/safe/Desktop/yassine/Vectorization/data/PatentData/ReorganisedData/EP3032032B1/EP3032032B1_F0002.tif,F01D
EP3032094B1,F0001,/home/safe/Desktop/yassine/Vectorization/data/PatentData/ReorganisedData/EP3032094B1/EP3032094B1_F0001.tif,F03D
EP3032134B1,F0001,/home/safe/Desktop/yassine/Vectorization/data/PatentData/ReorganisedData/EP3032134B1/EP3032134B1_F0001.tif,F16F
EP3032140B1,F0001,/home/safe/Desktop/yassine/Vectorization/data/PatentData/ReorganisedData/EP3032140B1/EP3032140B1_F0001.tif,F16H
EP3033223B1,F0001,/home/safe/Desktop/yassine/Vectorization/data/PatentData/ReorganisedData/EP3033223B1/EP3033223B1_F0001.tif,B65D
EP3033294B1,F0001,/home/safe/Desktop/yassine/Vectorization/data/PatentData/ReorganisedData/EP3033294B1/EP3033294B1_F0001.tif,B66C
EP3033297B1,F0001,/home/safe/Desktop/yassine/Vectorization/data/PatentData/ReorganisedData/EP3033297B1/EP3033297B1_F0001.tif,B67D
EP3034147B1,F0001,/home/safe/Desktop/yassine/Vectorization/data/PatentData/ReorganisedData/EP3034147B1/EP3034147B1_F0001.tif,B01D
EP3034195B1,F0001,/home/safe/Desktop/yassine/Vectorization/data/PatentData/ReorganisedData/EP3034195B1/EP3034195B1_F0001.tif,B21J
EP3034298B1,F0003,/home/safe/Desktop/yassine/Vectorization/data/PatentData/ReorganisedData/EP3034298B1/EP3034298B1_F0003.tif,B32B
EP3034331B1,F0001,/home/safe/Desktop/yassine/Vectorization/data/PatentData/ReorganisedData/EP3034331B1/EP3034331B1_F0001.tif,B60C
EP3034335B1,F0001,/home/safe/Desktop/yassine/Vectorization/data/PatentData/ReorganisedData/EP3034335B1/EP3034335B1_F0001.tif,B60D
EP3034348B1,F0001,/home/safe/Desktop/yassine/Vectorization/data/PatentData/ReorganisedData/EP3034348B1/EP3034348B1_F0001.tif,B60K
EP3034363B1,F0001,/home/safe/Desktop/yassine/Vectorization/data/PatentData/ReorganisedData/EP3034363B1/EP3034363B1_F0001.tif,B60R
EP3034399B1,F0001,/home/safe/Desktop/yassine/Vectorization/data/PatentData/ReorganisedData/EP3034399B1/EP3034399B1_F0001.tif,B64C
EP3034890B1,F0001,/home/safe/Desktop/yassine/Vectorization/data/PatentData/ReorganisedData/EP3034890B1/EP3034890B1_F0001.tif,F15B
EP3034898B1,F0001,/home/safe/Desktop/yassine/Vectorization/data/PatentData/ReorganisedData/EP3034898B1/EP3034898B1_F0001.tif,F16C
EP3036169B1,F0001,/home/safe/Desktop/yassine/Vectorization/data/PatentData/ReorganisedData/EP3036169B1/EP3036169B1_F0001.tif,B65D
EP3037265B1,F0001,/home/safe/Desktop/yassine/Vectorization/data/PatentData/ReorganisedData/EP3037265B1/EP3037265B1_F0001.tif,B41J
EP3037326B1,F0003,/home/safe/Desktop/yassine/Vectorization/data/PatentData/ReorganisedData/EP3037326B1/EP3037326B1_F0003.tif,B62D
EP3037677B1,F0001,/home/safe/Desktop/yassine/Vectorization/data/PatentData/ReorganisedData/EP3037677B1/EP3037677B1_F0001.tif,F15B
EP3037738B1,F0001,/home/safe/Desktop/yassine/Vectorization/data/PatentData/ReorganisedData/EP3037738B1/EP3037738B1_F0001.tif,F24F
EP3037770B1,F0002,/home/safe/Desktop/yassine/Vectorization/data/PatentData/ReorganisedData/EP3037770B1/EP3037770B1_F0002.tif,F28F
EP3037772B1,F0001,/home/safe/Desktop/yassine/Vectorization/data/PatentData/ReorganisedData/EP3037772B1/EP3037772B1_F0001.tif,F28F
EP3038725B1,F0001,/home/safe/Desktop/yassine/Vectorization/data/PatentData/ReorganisedData/EP3038725B1/EP3038725B1_F0001.tif,B01D
EP3038878B1,F0001,/home/safe/Desktop/yassine/Vectorization/data/PatentData/ReorganisedData/EP3038878B1/EP3038878B1_F0001.tif,B61L
EP3038910B1,F0003,/home/safe/Desktop/yassine/Vectorization/data/PatentData/ReorganisedData/EP3038910B1/EP3038910B1_F0003.tif,B64C
EP3039250B1,F0001,/home/safe/Desktop/yassine/Vectorization/data/PatentData/ReorganisedData/EP3039250B1/EP3039250B1_F0001.tif,F01D
EP3039278B1,F0002,/home/safe/Desktop/yassine/Vectorization/data/PatentData/ReorganisedData/EP3039278B1/EP3039278B1_F0002.tif,F02M
EP3039360B1,F0003,/home/safe/Desktop/yassine/Vectorization/data/PatentData/ReorganisedData/EP3039360B1/EP3039360B1_F0003.tif,F25D
EP3040185B1,F0001,/home/safe/Desktop/yassine/Vectorization/data/PatentData/ReorganisedData/EP3040185B1/EP3040185B1_F0001.tif,B29C
EP3040258B1,F0001,/home/safe/Desktop/yassine/Vectorization/data/PatentData/ReorganisedData/EP3040258B1/EP3040258B1_F0001.tif,B62K
EP3040259B1,F0001,/home/safe/Desktop/yassine/Vectorization/data/PatentData/ReorganisedData/EP3040259B1/EP3040259B1_F0001.tif,B62K
EP3040361B1,F0003,/home/safe/Desktop/yassine/Vectorization/data/PatentData/ReorganisedData/EP3040361B1/EP3040361B1_F0003.tif,B29B
EP3040577B1,F0001,/home/safe/Desktop/yassine/Vectorization/data/PatentData/ReorganisedData/EP3040577B1/EP3040577B1_F0001.tif,F16F
EP3041042B1,F0003,/home/safe/Desktop/yassine/Vectorization/data/PatentData/ReorganisedData/EP3041042B1/EP3041042B1_F0003.tif,B23K
EP3041691B1,F0002,/home/safe/Desktop/yassine/Vectorization/data/PatentData/ReorganisedData/EP3041691B1/EP3041691B1_F0002.tif,B60C
EP3041737B1,F0001,/home/safe/Desktop/yassine/Vectorization/data/PatentData/ReorganisedData/EP3041737B1/EP3041737B1_F0001.tif,B64C
EP3043029B1,F0002,/home/safe/Desktop/yassine/Vectorization/data/PatentData/ReorganisedData/EP3043029B1/EP3043029B1_F0002.tif,F01D
EP3043121B1,F0001,/home/safe/Desktop/yassine/Vectorization/data/PatentData/ReorganisedData/EP3043121B1/EP3043121B1_F0001.tif,F24F
EP3043948B1,F0001,/home/safe/Desktop/yassine/Vectorization/data/PatentData/ReorganisedData/EP3043948B1/EP3043948B1_F0001.tif,B23K
EP3043965B1,F0001,/home/safe/Desktop/yassine/Vectorization/data/PatentData/ReorganisedData/EP3043965B1/EP3043965B1_F0001.tif,B25B
EP3044076B1,F0001,/home/safe/Desktop/yassine/Vectorization/data/PatentData/ReorganisedData/EP3044076B1/EP3044076B1_F0001.tif,B62D
EP3045223B1,F0001,/home/safe/Desktop/yassine/Vectorization/data/PatentData/ReorganisedData/EP3045223B1/EP3045223B1_F0001.tif,B01J
EP3045280B1,F0001,/home/safe/Desktop/yassine/Vectorization/data/PatentData/ReorganisedData/EP3045280B1/EP3045280B1_F0001.tif,B28B
EP3045731B1,F0001,/home/safe/Desktop/yassine/Vectorization/data/PatentData/ReorganisedData/EP3045731B1/EP3045731B1_F0001.tif,F04D
EP3045734B1,F0002,/home/safe/Desktop/yassine/Vectorization/data/PatentData/ReorganisedData/EP3045734B1/EP3045734B1_F0002.tif,F04D
EP3045768B1,F0001,/home/safe/Desktop/yassine/Vectorization/data/PatentData/ReorganisedData/EP3045768B1/EP3045768B1_F0001.tif,F16F
EP3045804B1,F0002,/home/safe/Desktop/yassine/Vectorization/data/PatentData/ReorganisedData/EP3045804B1/EP3045804B1_F0002.tif,F21V
EP3046647B1,F0001,/home/safe/Desktop/yassine/Vectorization/data/PatentData/ReorganisedData/EP3046647B1/EP3046647B1_F0001.tif,B01D
EP3046668B1,F0001,/home/safe/Desktop/yassine/Vectorization/data/PatentData/ReorganisedData/EP3046668B1/EP3046668B1_F0001.tif,B01J
EP3046740B1,F0001,/home/safe/Desktop/yassine/Vectorization/data/PatentData/ReorganisedData/EP3046740B1/EP3046740B1_F0001.tif,B29B
EP3046811B1,F0001,/home/safe/Desktop/yassine/Vectorization/data/PatentData/ReorganisedData/EP3046811B1/EP3046811B1_F0001.tif,B60R
EP3046835B1,F0001,/home/safe/Desktop/yassine/Vectorization/data/PatentData/ReorganisedData/EP3046835B1/EP3046835B1_F0001.tif,B64C
EP3046857B1,F0001,/home/safe/Desktop/yassine/Vectorization/data/PatentData/ReorganisedData/EP3046857B1/EP3046857B1_F0001.tif,B65G
EP3047165B1,F0001,/home/safe/Desktop/yassine/Vectorization/data/PatentData/ReorganisedData/EP3047165B1/EP3047165B1_F0001.tif,F16B
EP3047703B1,F0004,/home/safe/Desktop/yassine/Vectorization/data/PatentData/ReorganisedData/EP3047703B1/EP3047703B1_F0004.tif,F21Y
EP3047938B1,F0004,/home/safe/Desktop/yassine/Vectorization/data/PatentData/ReorganisedData/EP3047938B1/EP3047938B1_F0004.tif,B23Q
EP3047987B1,F0002,/home/safe/Desktop/yassine/Vectorization/data/PatentData/ReorganisedData/EP3047987B1/EP3047987B1_F0002.tif,B60G
EP3048015B1,F0001,/home/safe/Desktop/yassine/Vectorization/data/PatentData/ReorganisedData/EP3048015B1/EP3048015B1_F0001.tif,B60R
EP3048328B1,F0001,/home/safe/Desktop/yassine/Vectorization/data/PatentData/ReorganisedData/EP3048328B1/EP3048328B1_F0001.tif,F16F
EP3048344B1,F0001,/home/safe/Desktop/yassine/Vectorization/data/PatentData/ReorganisedData/EP3048344B1/EP3048344B1_F0001.tif,F16J
EP3048396B1,F0001,/home/safe/Desktop/yassine/Vectorization/data/PatentData/ReorganisedData/EP3048396B1/EP3048396B1_F0001.tif,F25D
EP3049684B1,F0001,/home/safe/Desktop/yassine/Vectorization/data/PatentData/ReorganisedData/EP3049684B1/EP3049684B1_F0001.tif,F16D
EP3049723B1,F0002,/home/safe/Desktop/yassine/Vectorization/data/PatentData/ReorganisedData/EP3049723B1/EP3049723B1_F0002.tif,F23D
EP3050637B1,F0001,/home/safe/Desktop/yassine/Vectorization/data/PatentData/ReorganisedData/EP3050637B1/EP3050637B1_F0001.tif,B22D
EP3050801B1,F0001,/home/safe/Desktop/yassine/Vectorization/data/PatentData/ReorganisedData/EP3050801B1/EP3050801B1_F0001.tif,B64D
EP3051173B1,F0001,/home/safe/Desktop/yassine/Vectorization/data/PatentData/ReorganisedData/EP3051173B1/EP3051173B1_F0001.tif,F16F
EP3052216B1,F0001,/home/safe/Desktop/yassine/Vectorization/data/PatentData/ReorganisedData/EP3052216B1/EP3052216B1_F0001.tif,B01D
EP3052407B1,F0001,/home/safe/Desktop/yassine/Vectorization/data/PatentData/ReorganisedData/EP3052407B1/EP3052407B1_F0001.tif,B65D
EP3052789B1,F0001,/home/safe/Desktop/yassine/Vectorization/data/PatentData/ReorganisedData/EP3052789B1/EP3052789B1_F0001.tif,F02C
EP3052800B1,F0001,/home/safe/Desktop/yassine/Vectorization/data/PatentData/ReorganisedData/EP3052800B1/EP3052800B1_F0001.tif,F02M
EP3053602B1,F0001,/home/safe/Desktop/yassine/Vectorization/data/PatentData/ReorganisedData/EP3053602B1/EP3053602B1_F0001.tif,B01J
EP3053638B1,F0001,/home/safe/Desktop/yassine/Vectorization/data/PatentData/ReorganisedData/EP3053638B1/EP3053638B1_F0001.tif,B01D
EP3053650B1,F0001,/home/safe/Desktop/yassine/Vectorization/data/PatentData/ReorganisedData/EP3053650B1/EP3053650B1_F0001.tif,B01J
EP3053675B1,F0001,/home/safe/Desktop/yassine/Vectorization/data/PatentData/ReorganisedData/EP3053675B1/EP3053675B1_F0001.tif,B22F
EP3053676B1,F0003,/home/safe/Desktop/yassine/Vectorization/data/PatentData/ReorganisedData/EP3053676B1/EP3053676B1_F0003.tif,B22F
EP3054106B1,F0001,/home/safe/Desktop/yassine/Vectorization/data/PatentData/ReorganisedData/EP3054106B1/EP3054106B1_F0001.tif,F01D
EP3055051B1,F0001,/home/safe/Desktop/yassine/Vectorization/data/PatentData/ReorganisedData/EP3055051B1/EP3055051B1_F0001.tif,B01J
EP3055065B1,F0001,/home/safe/Desktop/yassine/Vectorization/data/PatentData/ReorganisedData/EP3055065B1/EP3055065B1_F0001.tif,B01L
EP3055622B1,F0001,/home/safe/Desktop/yassine/Vectorization/data/PatentData/ReorganisedData/EP3055622B1/EP3055622B1_F0001.tif,F24C
EP3056278B1,F0001,/home/safe/Desktop/yassine/Vectorization/data/PatentData/ReorganisedData/EP3056278B1/EP3056278B1_F0001.tif,B02C
EP3056665B1,F0002,/home/safe/Desktop/yassine/Vectorization/data/PatentData/ReorganisedData/EP3056665B1/EP3056665B1_F0002.tif,F01D
EP3056687B1,F0001,/home/safe/Desktop/yassine/Vectorization/data/PatentData/ReorganisedData/EP3056687B1/EP3056687B1_F0001.tif,F01D
EP3056689B1,F0001,/home/safe/Desktop/yassine/Vectorization/data/PatentData/ReorganisedData/EP3056689B1/EP3056689B1_F0001.tif,F01D
EP3056732B1,F0001,/home/safe/Desktop/yassine/Vectorization/data/PatentData/ReorganisedData/EP3056732B1/EP3056732B1_F0001.tif,F04B
EP3056762B1,F0001,/home/safe/Desktop/yassine/Vectorization/data/PatentData/ReorganisedData/EP3056762B1/EP3056762B1_F0001.tif,F16G
EP3056776B1,F0002,/home/safe/Desktop/yassine/Vectorization/data/PatentData/ReorganisedData/EP3056776B1/EP3056776B1_F0002.tif,F16J
EP3056781B1,F0001,/home/safe/Desktop/yassine/Vectorization/data/PatentData/ReorganisedData/EP3056781B1/EP3056781B1_F0001.tif,F16L
EP3057859B1,F0001,/home/safe/Desktop/yassine/Vectorization/data/PatentData/ReorganisedData/EP3057859B1/EP3057859B1_F0001.tif,B62K
EP3058175B1,F0001,/home/safe/Desktop/yassine/Vectorization/data/PatentData/ReorganisedData/EP3058175B1/EP3058175B1_F0001.tif,F01D
EP3058208B1,F0001,/home/safe/Desktop/yassine/Vectorization/data/PatentData/ReorganisedData/EP3058208B1/EP3058208B1_F0001.tif,F02K
EP3058264B1,F0001,/home/safe/Desktop/yassine/Vectorization/data/PatentData/ReorganisedData/EP3058264B1/EP3058264B1_F0001.tif,F16P
EP3059091B1,F0001,/home/safe/Desktop/yassine/Vectorization/data/PatentData/ReorganisedData/EP3059091B1/EP3059091B1_F0001.tif,B41N
EP3059114B1,F0001,/home/safe/Desktop/yassine/Vectorization/data/PatentData/ReorganisedData/EP3059114B1/EP3059114B1_F0001.tif,B60L
EP3059152B1,F0001,/home/safe/Desktop/yassine/Vectorization/data/PatentData/ReorganisedData/EP3059152B1/EP3059152B1_F0001.tif,B62K
EP3059163B1,F0001,/home/safe/Desktop/yassine/Vectorization/data/PatentData/ReorganisedData/EP3059163B1/EP3059163B1_F0001.tif,B64C
EP3060359B1,F0003,/home/safe/Desktop/yassine/Vectorization/data/PatentData/ReorganisedData/EP3060359B1/EP3060359B1_F0003.tif,B21D
EP3060405B1,F0001,/home/safe/Desktop/yassine/Vectorization/data/PatentData/ReorganisedData/EP3060405B1/EP3060405B1_F0001.tif,B41J
EP3060418B1,F0001,/home/safe/Desktop/yassine/Vectorization/data/PatentData/ReorganisedData/EP3060418B1/EP3060418B1_F0001.tif,B60H
EP3060764B1,F0001,/home/safe/Desktop/yassine/Vectorization/data/PatentData/ReorganisedData/EP3060764B1/EP3060764B1_F0001.tif,F01D
EP3060791B1,F0001,/home/safe/Desktop/yassine/Vectorization/data/PatentData/ReorganisedData/EP3060791B1/EP3060791B1_F0001.tif,F03B
EP3060796B1,F0001,/home/safe/Desktop/yassine/Vectorization/data/PatentData/ReorganisedData/EP3060796B1/EP3060796B1_F0001.tif,F03D
EP3061610B1,F0001,/home/safe/Desktop/yassine/Vectorization/data/PatentData/ReorganisedData/EP3061610B1/EP3061610B1_F0001.tif,B41J
EP3061673B1,F0001,/home/safe/Desktop/yassine/Vectorization/data/PatentData/ReorganisedData/EP3061673B1/EP3061673B1_F0001.tif,B62D
EP3061913B1,F0001,/home/safe/Desktop/yassine/Vectorization/data/PatentData/ReorganisedData/EP3061913B1/EP3061913B1_F0001.tif,F01D
EP3061918B1,F0001,/home/safe/Desktop/yassine/Vectorization/data/PatentData/ReorganisedData/EP3061918B1/EP3061918B1_F0001.tif,F01D
EP3061928B1,F0001,/home/safe/Desktop/yassine/Vectorization/data/PatentData/ReorganisedData/EP3061928B1/EP3061928B1_F0001.tif,F01L
EP3062026B1,F0002,/home/safe/Desktop/yassine/Vectorization/data/PatentData/ReorganisedData/EP3062026B1/EP3062026B1_F0002.tif,F24D
EP3062030B1,F0003,/home/safe/Desktop/yassine/Vectorization/data/PatentData/ReorganisedData/EP3062030B1/EP3062030B1_F0003.tif,F24F
EP3064314B1,F0001,/home/safe/Desktop/yassine/Vectorization/data/PatentData/ReorganisedData/EP3064314B1/EP3064314B1_F0001.tif,B23Q
EP3064379B1,F0001,/home/safe/Desktop/yassine/Vectorization/data/PatentData/ReorganisedData/EP3064379B1/EP3064379B1_F0001.tif,B60C
EP3064773B1,F0001,/home/safe/Desktop/yassine/Vectorization/data/PatentData/ReorganisedData/EP3064773B1/EP3064773B1_F0001.tif,F04B
EP3064791B1,F0001,/home/safe/Desktop/yassine/Vectorization/data/PatentData/ReorganisedData/EP3064791B1/EP3064791B1_F0001.tif,F16C
EP3064853B1,F0001,/home/safe/Desktop/yassine/Vectorization/data/PatentData/ReorganisedData/EP3064853B1/EP3064853B1_F0001.tif,F24F
EP3065845B1,F0001,/home/safe/Desktop/yassine/Vectorization/data/PatentData/ReorganisedData/EP3065845B1/EP3065845B1_F0001.tif,B05B
EP3066025B1,F0004,/home/safe/Desktop/yassine/Vectorization/data/PatentData/ReorganisedData/EP3066025B1/EP3066025B1_F0004.tif,B65D
EP3066376B1,F0002,/home/safe/Desktop/yassine/Vectorization/data/PatentData/ReorganisedData/EP3066376B1/EP3066376B1_F0002.tif,F16L
EP3067278B1,F0001,/home/safe/Desktop/yassine/Vectorization/data/PatentData/ReorganisedData/EP3067278B1/EP3067278B1_F0001.tif,B64G
EP3067577B1,F0002,/home/safe/Desktop/yassine/Vectorization/data/PatentData/ReorganisedData/EP3067577B1/EP3067577B1_F0002.tif,F16C
EP3067625B1,F0001,/home/safe/Desktop/yassine/Vectorization/data/PatentData/ReorganisedData/EP3067625B1/EP3067625B1_F0001.tif,F23R
EP3068634B1,F0002,/home/safe/Desktop/yassine/Vectorization/data/PatentData/ReorganisedData/EP3068634B1/EP3068634B1_F0002.tif,B60C
EP3068671B1,F0001,/home/safe/Desktop/yassine/Vectorization/data/PatentData/ReorganisedData/EP3068671B1/EP3068671B1_F0001.tif,B60W
EP3069026B1,F0001,/home/safe/Desktop/yassine/Vectorization/data/PatentData/ReorganisedData/EP3069026B1/EP3069026B1_F0001.tif,F04C
EP3069055B1,F0001,/home/safe/Desktop/yassine/Vectorization/data/PatentData/ReorganisedData/EP3069055B1/EP3069055B1_F0001.tif,F16J
EP3069805B1,F0001,/home/safe/Desktop/yassine/Vectorization/data/PatentData/ReorganisedData/EP3069805B1/EP3069805B1_F0001.tif,B22F
EP3069858B1,F0001,/home/safe/Desktop/yassine/Vectorization/data/PatentData/ReorganisedData/EP3069858B1/EP3069858B1_F0001.tif,B29C
EP3069863B1,F0001,/home/safe/Desktop/yassine/Vectorization/data/PatentData/ReorganisedData/EP3069863B1/EP3069863B1_F0001.tif,B29D
EP3069906B1,F0001,/home/safe/Desktop/yassine/Vectorization/data/PatentData/ReorganisedData/EP3069906B1/EP3069906B1_F0001.tif,B60G
EP3069965B1,F0001,/home/safe/Desktop/yassine/Vectorization/data/PatentData/ReorganisedData/EP3069965B1/EP3069965B1_F0001.tif,B62D
EP3070035B1,F0001,/home/safe/Desktop/yassine/Vectorization/data/PatentData/ReorganisedData/EP3070035B1/EP3070035B1_F0001.tif,B41J
EP3070367B1,F0001,/home/safe/Desktop/yassine/Vectorization/data/PatentData/ReorganisedData/EP3070367B1/EP3070367B1_F0001.tif,F16F
EP3070380B1,F0005,/home/safe/Desktop/yassine/Vectorization/data/PatentData/ReorganisedData/EP3070380B1/EP3070380B1_F0005.tif,F16K
EP3070421B1,F0001,/home/safe/Desktop/yassine/Vectorization/data/PatentData/ReorganisedData/EP3070421B1/EP3070421B1_F0001.tif,F25D
EP3071347B1,F0002,/home/safe/Desktop/yassine/Vectorization/data/PatentData/ReorganisedData/EP3071347B1/EP3071347B1_F0002.tif,B21D
EP3071434B1,F0001,/home/safe/Desktop/yassine/Vectorization/data/PatentData/ReorganisedData/EP3071434B1/EP3071434B1_F0001.tif,F02M
EP3071493B1,F0001,/home/safe/Desktop/yassine/Vectorization/data/PatentData/ReorganisedData/EP3071493B1/EP3071493B1_F0001.tif,B65D
EP3071798B1,F0002,/home/safe/Desktop/yassine/Vectorization/data/PatentData/ReorganisedData/EP3071798B1/EP3071798B1_F0002.tif,F01D
EP3071888B1,F0001,/home/safe/Desktop/yassine/Vectorization/data/PatentData/ReorganisedData/EP3071888B1/EP3071888B1_F0001.tif,F24C
EP3071925B1,F0003,/home/safe/Desktop/yassine/Vectorization/data/PatentData/ReorganisedData/EP3071925B1/EP3071925B1_F0003.tif,F42B
EP3072617B1,F0001,/home/safe/Desktop/yassine/Vectorization/data/PatentData/ReorganisedData/EP3072617B1/EP3072617B1_F0001.tif,B23C
EP3072650B1,F0001,/home/safe/Desktop/yassine/Vectorization/data/PatentData/ReorganisedData/EP3072650B1/EP3072650B1_F0001.tif,B26F
EP3072718B1,F0001,/home/safe/Desktop/yassine/Vectorization/data/PatentData/ReorganisedData/EP3072718B1/EP3072718B1_F0001.tif,B60H
EP3072820B1,F0006,/home/safe/Desktop/yassine/Vectorization/data/PatentData/ReorganisedData/EP3072820B1/EP3072820B1_F0006.tif,B65B
EP3073097B1,F0001,/home/safe/Desktop/yassine/Vectorization/data/PatentData/ReorganisedData/EP3073097B1/EP3073097B1_F0001.tif,F02C
EP3073113B1,F0001,/home/safe/Desktop/yassine/Vectorization/data/PatentData/ReorganisedData/EP3073113B1/EP3073113B1_F0001.tif,F04B
EP3073144B1,F0001,/home/safe/Desktop/yassine/Vectorization/data/PatentData/ReorganisedData/EP3073144B1/EP3073144B1_F0001.tif,F16F
EP3074187B1,F0002,/home/safe/Desktop/yassine/Vectorization/data/PatentData/ReorganisedData/EP3074187B1/EP3074187B1_F0002.tif,B25F
EP3074717B1,F0001,/home/safe/Desktop/yassine/Vectorization/data/PatentData/ReorganisedData/EP3074717B1/EP3074717B1_F0001.tif,F42D
EP3075466B1,F0001,/home/safe/Desktop/yassine/Vectorization/data/PatentData/ReorganisedData/EP3075466B1/EP3075466B1_F0001.tif,B22D
EP3075578B1,F0001,/home/safe/Desktop/yassine/Vectorization/data/PatentData/ReorganisedData/EP3075578B1/EP3075578B1_F0001.tif,B60D
EP3075685B1,F0001,/home/safe/Desktop/yassine/Vectorization/data/PatentData/ReorganisedData/EP3075685B1/EP3075685B1_F0001.tif,B65G
EP3076037B1,F0001,/home/safe/Desktop/yassine/Vectorization/data/PatentData/ReorganisedData/EP3076037B1/EP3076037B1_F0001.tif,F16C
EP3076039B1,F0002,/home/safe/Desktop/yassine/Vectorization/data/PatentData/ReorganisedData/EP3076039B1/EP3076039B1_F0002.tif,F16C
EP3076042B1,F0001,/home/safe/Desktop/yassine/Vectorization/data/PatentData/ReorganisedData/EP3076042B1/EP3076042B1_F0001.tif,F16F
EP3076085B1,F0001,/home/safe/Desktop/yassine/Vectorization/data/PatentData/ReorganisedData/EP3076085B1/EP3076085B1_F0001.tif,F23R
EP3077179B1,F0001,/home/safe/Desktop/yassine/Vectorization/data/PatentData/ReorganisedData/EP3077179B1/EP3077179B1_F0001.tif,B29C
EP3077327B1,F0001,/home/safe/Desktop/yassine/Vectorization/data/PatentData/ReorganisedData/EP3077327B1/EP3077327B1_F0001.tif,F24S
EP3077633B1,F0003,/home/safe/Desktop/yassine/Vectorization/data/PatentData/ReorganisedData/EP3077633B1/EP3077633B1_F0003.tif,F01L
EP3077658B1,F0001,/home/safe/Desktop/yassine/Vectorization/data/PatentData/ReorganisedData/EP3077658B1/EP3077658B1_F0001.tif,F02M
EP3077666B1,F0007,/home/safe/Desktop/yassine/Vectorization/data/PatentData/ReorganisedData/EP3077666B1/EP3077666B1_F0007.tif,F03D
EP3077674B1,F0002,/home/safe/Desktop/yassine/Vectorization/data/PatentData/ReorganisedData/EP3077674B1/EP3077674B1_F0002.tif,F04B
EP3077718B1,F0001,/home/safe/Desktop/yassine/Vectorization/data/PatentData/ReorganisedData/EP3077718B1/EP3077718B1_F0001.tif,F16L
EP3078449B1,F0001,/home/safe/Desktop/yassine/Vectorization/data/PatentData/ReorganisedData/EP3078449B1/EP3078449B1_F0001.tif,B23Q
EP3078463B1,F0001,/home/safe/Desktop/yassine/Vectorization/data/PatentData/ReorganisedData/EP3078463B1/EP3078463B1_F0001.tif,B26B
EP3078480B1,F0001,/home/safe/Desktop/yassine/Vectorization/data/PatentData/ReorganisedData/EP3078480B1/EP3078480B1_F0001.tif,B29C
EP3078573B1,F0001,/home/safe/Desktop/yassine/Vectorization/data/PatentData/ReorganisedData/EP3078573B1/EP3078573B1_F0001.tif,B62D
EP3078815B1,F0001,/home/safe/Desktop/yassine/Vectorization/data/PatentData/ReorganisedData/EP3078815B1/EP3078815B1_F0001.tif,F01D
EP3078851B1,F0001,/home/safe/Desktop/yassine/Vectorization/data/PatentData/ReorganisedData/EP3078851B1/EP3078851B1_F0001.tif,F03D
EP3078880B1,F0001,/home/safe/Desktop/yassine/Vectorization/data/PatentData/ReorganisedData/EP3078880B1/EP3078880B1_F0001.tif,F16G
EP3078912B1,F0001,/home/safe/Desktop/yassine/Vectorization/data/PatentData/ReorganisedData/EP3078912B1/EP3078912B1_F0001.tif,F23R
EP3078922B1,F0001,/home/safe/Desktop/yassine/Vectorization/data/PatentData/ReorganisedData/EP3078922B1/EP3078922B1_F0001.tif,F24S
EP3078923B1,F0001,/home/safe/Desktop/yassine/Vectorization/data/PatentData/ReorganisedData/EP3078923B1/EP3078923B1_F0001.tif,F24S
EP3079826B1,F0001,/home/safe/Desktop/yassine/Vectorization/data/PatentData/ReorganisedData/EP3079826B1/EP3079826B1_F0001.tif,B02C
EP3079982B1,F0001,/home/safe/Desktop/yassine/Vectorization/data/PatentData/ReorganisedData/EP3079982B1/EP3079982B1_F0001.tif,B64C
EP3080447B1,F0002,/home/safe/Desktop/yassine/Vectorization/data/PatentData/ReorganisedData/EP3080447B1/EP3080447B1_F0002.tif,F03D
EP3081305B1,F0002,/home/safe/Desktop/yassine/Vectorization/data/PatentData/ReorganisedData/EP3081305B1/EP3081305B1_F0002.tif,B02C
EP3081408B1,F0001,/home/safe/Desktop/yassine/Vectorization/data/PatentData/ReorganisedData/EP3081408B1/EP3081408B1_F0001.tif,B60H
EP3081450B1,F0001,/home/safe/Desktop/yassine/Vectorization/data/PatentData/ReorganisedData/EP3081450B1/EP3081450B1_F0001.tif,B61D
EP3081504B1,F0001,/home/safe/Desktop/yassine/Vectorization/data/PatentData/ReorganisedData/EP3081504B1/EP3081504B1_F0001.tif,B65D
EP3081756B1,F0001,/home/safe/Desktop/yassine/Vectorization/data/PatentData/ReorganisedData/EP3081756B1/EP3081756B1_F0001.tif,F01D
EP3081761B1,F0001,/home/safe/Desktop/yassine/Vectorization/data/PatentData/ReorganisedData/EP3081761B1/EP3081761B1_F0001.tif,F01D
EP3081768B1,F0001,/home/safe/Desktop/yassine/Vectorization/data/PatentData/ReorganisedData/EP3081768B1/EP3081768B1_F0001.tif,F01D
EP3081782B1,F0003,/home/safe/Desktop/yassine/Vectorization/data/PatentData/ReorganisedData/EP3081782B1/EP3081782B1_F0003.tif,F02C
EP3081786B1,F0005,/home/safe/Desktop/yassine/Vectorization/data/PatentData/ReorganisedData/EP3081786B1/EP3081786B1_F0005.tif,F02C
EP3081787B1,F0005,/home/safe/Desktop/yassine/Vectorization/data/PatentData/ReorganisedData/EP3081787B1/EP3081787B1_F0005.tif,F02C
EP3081839B1,F0002,/home/safe/Desktop/yassine/Vectorization/data/PatentData/ReorganisedData/EP3081839B1/EP3081839B1_F0002.tif,F16L
EP3083030B1,F0006,/home/safe/Desktop/yassine/Vectorization/data/PatentData/ReorganisedData/EP3083030B1/EP3083030B1_F0006.tif,B01J
EP3083127B1,F0001,/home/safe/Desktop/yassine/Vectorization/data/PatentData/ReorganisedData/EP3083127B1/EP3083127B1_F0001.tif,B23K
EP3083254B1,F0001,/home/safe/Desktop/yassine/Vectorization/data/PatentData/ReorganisedData/EP3083254B1/EP3083254B1_F0001.tif,B41J
EP3083278B1,F0001,/home/safe/Desktop/yassine/Vectorization/data/PatentData/ReorganisedData/EP3083278B1/EP3083278B1_F0001.tif,B60C
EP3083310B1,F0001,/home/safe/Desktop/yassine/Vectorization/data/PatentData/ReorganisedData/EP3083310B1/EP3083310B1_F0001.tif,B60K
EP3083484B1,F0003,/home/safe/Desktop/yassine/Vectorization/data/PatentData/ReorganisedData/EP3083484B1/EP3083484B1_F0003.tif,B67D
EP3083486B1,F0001,/home/safe/Desktop/yassine/Vectorization/data/PatentData/ReorganisedData/EP3083486B1/EP3083486B1_F0001.tif,B81C
EP3084158B1,F0001,/home/safe/Desktop/yassine/Vectorization/data/PatentData/ReorganisedData/EP3084158B1/EP3084158B1_F0001.tif,F01N
EP3084239B1,F0001,/home/safe/Desktop/yassine/Vectorization/data/PatentData/ReorganisedData/EP3084239B1/EP3084239B1_F0001.tif,F16C
EP3085580B1,F0001,/home/safe/Desktop/yassine/Vectorization/data/PatentData/ReorganisedData/EP3085580B1/EP3085580B1_F0001.tif,B60P
EP3085589B1,F0001,/home/safe/Desktop/yassine/Vectorization/data/PatentData/ReorganisedData/EP3085589B1/EP3085589B1_F0001.tif,B60T
EP3085607B1,F0001,/home/safe/Desktop/yassine/Vectorization/data/PatentData/ReorganisedData/EP3085607B1/EP3085607B1_F0001.tif,B62J
EP3085636B1,F0001,/home/safe/Desktop/yassine/Vectorization/data/PatentData/ReorganisedData/EP3085636B1/EP3085636B1_F0001.tif,B65D
EP3085918B1,F0001,/home/safe/Desktop/yassine/Vectorization/data/PatentData/ReorganisedData/EP3085918B1/EP3085918B1_F0001.tif,F02B
EP3085928B1,F0005,/home/safe/Desktop/yassine/Vectorization/data/PatentData/ReorganisedData/EP3085928B1/EP3085928B1_F0005.tif,F02D
EP3085929B1,F0005,/home/safe/Desktop/yassine/Vectorization/data/PatentData/ReorganisedData/EP3085929B1/EP3085929B1_F0005.tif,F02D
EP3085937B1,F0008,/home/safe/Desktop/yassine/Vectorization/data/PatentData/ReorganisedData/EP3085937B1/EP3085937B1_F0008.tif,F02D
EP3085972B1,F0001,/home/safe/Desktop/yassine/Vectorization/data/PatentData/ReorganisedData/EP3085972B1/EP3085972B1_F0001.tif,F16B
EP3086040B1,F0003,/home/safe/Desktop/yassine/Vectorization/data/PatentData/ReorganisedData/EP3086040B1/EP3086040B1_F0003.tif,F23Q
EP3086063B1,F0002,/home/safe/Desktop/yassine/Vectorization/data/PatentData/ReorganisedData/EP3086063B1/EP3086063B1_F0002.tif,F25D
EP3086069B1,F0001,/home/safe/Desktop/yassine/Vectorization/data/PatentData/ReorganisedData/EP3086069B1/EP3086069B1_F0001.tif,F27B
EP3086877B1,F0001,/home/safe/Desktop/yassine/Vectorization/data/PatentData/ReorganisedData/EP3086877B1/EP3086877B1_F0001.tif,B01J
EP3088193B1,F0001,/home/safe/Desktop/yassine/Vectorization/data/PatentData/ReorganisedData/EP3088193B1/EP3088193B1_F0001.tif,B41J
EP3088282B1,F0002,/home/safe/Desktop/yassine/Vectorization/data/PatentData/ReorganisedData/EP3088282B1/EP3088282B1_F0002.tif,B62D
EP3088292B1,F0001,/home/safe/Desktop/yassine/Vectorization/data/PatentData/ReorganisedData/EP3088292B1/EP3088292B1_F0001.tif,B63B
EP3088295B1,F0001,/home/safe/Desktop/yassine/Vectorization/data/PatentData/ReorganisedData/EP3088295B1/EP3088295B1_F0001.tif,B63H
EP3088339B1,F0001,/home/safe/Desktop/yassine/Vectorization/data/PatentData/ReorganisedData/EP3088339B1/EP3088339B1_F0001.tif,B65H
EP3088665B1,F0002,/home/safe/Desktop/yassine/Vectorization/data/PatentData/ReorganisedData/EP3088665B1/EP3088665B1_F0002.tif,F01D
EP3088678B1,F0001,/home/safe/Desktop/yassine/Vectorization/data/PatentData/ReorganisedData/EP3088678B1/EP3088678B1_F0001.tif,F01D
EP3088691B1,F0001,/home/safe/Desktop/yassine/Vectorization/data/PatentData/ReorganisedData/EP3088691B1/EP3088691B1_F0001.tif,F01D
EP3088714B1,F0003,/home/safe/Desktop/yassine/Vectorization/data/PatentData/ReorganisedData/EP3088714B1/EP3088714B1_F0003.tif,F02D
EP3088723B1,F0001,/home/safe/Desktop/yassine/Vectorization/data/PatentData/ReorganisedData/EP3088723B1/EP3088723B1_F0001.tif,F02M
EP3088790B1,F0002,/home/safe/Desktop/yassine/Vectorization/data/PatentData/ReorganisedData/EP3088790B1/EP3088790B1_F0002.tif,F16N
EP3090138B1,F0001,/home/safe/Desktop/yassine/Vectorization/data/PatentData/ReorganisedData/EP3090138B1/EP3090138B1_F0001.tif,F01D
EP3090224B1,F0002,/home/safe/Desktop/yassine/Vectorization/data/PatentData/ReorganisedData/EP3090224B1/EP3090224B1_F0002.tif,F25D
EP3090980B1,F0002,/home/safe/Desktop/yassine/Vectorization/data/PatentData/ReorganisedData/EP3090980B1/EP3090980B1_F0002.tif,B67D
EP3092372B1,F0001,/home/safe/Desktop/yassine/Vectorization/data/PatentData/ReorganisedData/EP3092372B1/EP3092372B1_F0001.tif,F01D
EP3093123B1,F0001,/home/safe/Desktop/yassine/Vectorization/data/PatentData/ReorganisedData/EP3093123B1/EP3093123B1_F0001.tif,B33Y
EP3093224B1,F0009,/home/safe/Desktop/yassine/Vectorization/data/PatentData/ReorganisedData/EP3093224B1/EP3093224B1_F0009.tif,B62D
EP3093265B1,F0001,/home/safe/Desktop/yassine/Vectorization/data/PatentData/ReorganisedData/EP3093265B1/EP3093265B1_F0001.tif,B66D
EP3093447B1,F0001,/home/safe/Desktop/yassine/Vectorization/data/PatentData/ReorganisedData/EP3093447B1/EP3093447B1_F0001.tif,F01D
EP3093465B1,F0001,/home/safe/Desktop/yassine/Vectorization/data/PatentData/ReorganisedData/EP3093465B1/EP3093465B1_F0001.tif,F02B
EP3093511B1,F0001,/home/safe/Desktop/yassine/Vectorization/data/PatentData/ReorganisedData/EP3093511B1/EP3093511B1_F0001.tif,F16C
EP3094867B1,F0001,/home/safe/Desktop/yassine/Vectorization/data/PatentData/ReorganisedData/EP3094867B1/EP3094867B1_F0001.tif,F15B
EP3094870B1,F0001,/home/safe/Desktop/yassine/Vectorization/data/PatentData/ReorganisedData/EP3094870B1/EP3094870B1_F0001.tif,F16C
EP3095541B1,F0003,/home/safe/Desktop/yassine/Vectorization/data/PatentData/ReorganisedData/EP3095541B1/EP3095541B1_F0003.tif,B23B
EP3095674B1,F0001,/home/safe/Desktop/yassine/Vectorization/data/PatentData/ReorganisedData/EP3095674B1/EP3095674B1_F0001.tif,B62D
EP3095695B1,F0001,/home/safe/Desktop/yassine/Vectorization/data/PatentData/ReorganisedData/EP3095695B1/EP3095695B1_F0001.tif,B64C
EP3095958B1,F0001,/home/safe/Desktop/yassine/Vectorization/data/PatentData/ReorganisedData/EP3095958B1/EP3095958B1_F0001.tif,F01D
EP3095998B1,F0001,/home/safe/Desktop/yassine/Vectorization/data/PatentData/ReorganisedData/EP3095998B1/EP3095998B1_F0001.tif,F02M
EP3096921B1,F0002,/home/safe/Desktop/yassine/Vectorization/data/PatentData/ReorganisedData/EP3096921B1/EP3096921B1_F0002.tif,B23Q
EP3096929B1,F0003,/home/safe/Desktop/yassine/Vectorization/data/PatentData/ReorganisedData/EP3096929B1/EP3096929B1_F0003.tif,B29B
EP3096941B1,F0001,/home/safe/Desktop/yassine/Vectorization/data/PatentData/ReorganisedData/EP3096941B1/EP3096941B1_F0001.tif,B29C
EP3096993B1,F0002,/home/safe/Desktop/yassine/Vectorization/data/PatentData/ReorganisedData/EP3096993B1/EP3096993B1_F0002.tif,B60W
EP3097287B1,F0002,/home/safe/Desktop/yassine/Vectorization/data/PatentData/ReorganisedData/EP3097287B1/EP3097287B1_F0002.tif,F02B
EP3097316B1,F0001,/home/safe/Desktop/yassine/Vectorization/data/PatentData/ReorganisedData/EP3097316B1/EP3097316B1_F0001.tif,F16C
EP3097995B1,F0001,/home/safe/Desktop/yassine/Vectorization/data/PatentData/ReorganisedData/EP3097995B1/EP3097995B1_F0001.tif,B22D
EP3098023B1,F0001,/home/safe/Desktop/yassine/Vectorization/data/PatentData/ReorganisedData/EP3098023B1/EP3098023B1_F0001.tif,B23Q
EP3098075B1,F0001,/home/safe/Desktop/yassine/Vectorization/data/PatentData/ReorganisedData/EP3098075B1/EP3098075B1_F0001.tif,B41J
EP3098174B1,F0002,/home/safe/Desktop/yassine/Vectorization/data/PatentData/ReorganisedData/EP3098174B1/EP3098174B1_F0002.tif,B65B
EP3098437B1,F0002,/home/safe/Desktop/yassine/Vectorization/data/PatentData/ReorganisedData/EP3098437B1/EP3098437B1_F0002.tif,F03D
EP3098450B1,F0002,/home/safe/Desktop/yassine/Vectorization/data/PatentData/ReorganisedData/EP3098450B1/EP3098450B1_F0002.tif,F04B
EP3099586B1,F0001,/home/safe/Desktop/yassine/Vectorization/data/PatentData/ReorganisedData/EP3099586B1/EP3099586B1_F0001.tif,B65D
EP3099902B1,F0002,/home/safe/Desktop/yassine/Vectorization/data/PatentData/ReorganisedData/EP3099902B1/EP3099902B1_F0002.tif,F01D
EP3100879B1,F0001,/home/safe/Desktop/yassine/Vectorization/data/PatentData/ReorganisedData/EP3100879B1/EP3100879B1_F0001.tif,B60G
EP3100880B1,F0001,/home/safe/Desktop/yassine/Vectorization/data/PatentData/ReorganisedData/EP3100880B1/EP3100880B1_F0001.tif,B60G
EP3100936B1,F0002,/home/safe/Desktop/yassine/Vectorization/data/PatentData/ReorganisedData/EP3100936B1/EP3100936B1_F0002.tif,B62H
EP3100945B1,F0001,/home/safe/Desktop/yassine/Vectorization/data/PatentData/ReorganisedData/EP3100945B1/EP3100945B1_F0001.tif,B63H
EP3101366B1,F0001,/home/safe/Desktop/yassine/Vectorization/data/PatentData/ReorganisedData/EP3101366B1/EP3101366B1_F0001.tif,F24H
EP3102335B1,F0001,/home/safe/Desktop/yassine/Vectorization/data/PatentData/ReorganisedData/EP3102335B1/EP3102335B1_F0001.tif,B05B
EP3102337B1,F0001,/home/safe/Desktop/yassine/Vectorization/data/PatentData/ReorganisedData/EP3102337B1/EP3102337B1_F0001.tif,B05B
EP3102508B1,F0001,/home/safe/Desktop/yassine/Vectorization/data/PatentData/ReorganisedData/EP3102508B1/EP3102508B1_F0001.tif,B02C
EP3102849B1,F0001,/home/safe/Desktop/yassine/Vectorization/data/PatentData/ReorganisedData/EP3102849B1/EP3102849B1_F0001.tif,F16G
EP3102871B1,F0016,/home/safe/Desktop/yassine/Vectorization/data/PatentData/ReorganisedData/EP3102871B1/EP3102871B1_F0016.tif,F21S
EP3103588B1,F0001,/home/safe/Desktop/yassine/Vectorization/data/PatentData/ReorganisedData/EP3103588B1/EP3103588B1_F0001.tif,B05B
EP3103607B1,F0001,/home/safe/Desktop/yassine/Vectorization/data/PatentData/ReorganisedData/EP3103607B1/EP3103607B1_F0001.tif,B28D
EP3103719B1,F0002,/home/safe/Desktop/yassine/Vectorization/data/PatentData/ReorganisedData/EP3103719B1/EP3103719B1_F0002.tif,B64D
EP3104073B1,F0001,/home/safe/Desktop/yassine/Vectorization/data/PatentData/ReorganisedData/EP3104073B1/EP3104073B1_F0001.tif,F21V
EP3105021B1,F0001,/home/safe/Desktop/yassine/Vectorization/data/PatentData/ReorganisedData/EP3105021B1/EP3105021B1_F0001.tif,B26F
EP3105104B1,F0002,/home/safe/Desktop/yassine/Vectorization/data/PatentData/ReorganisedData/EP3105104B1/EP3105104B1_F0002.tif,B62B
EP3105127B1,F0002,/home/safe/Desktop/yassine/Vectorization/data/PatentData/ReorganisedData/EP3105127B1/EP3105127B1_F0002.tif,B65B
EP3105468B1,F0001,/home/safe/Desktop/yassine/Vectorization/data/PatentData/ReorganisedData/EP3105468B1/EP3105468B1_F0001.tif,F16D
EP3105475B1,F0001,/home/safe/Desktop/yassine/Vectorization/data/PatentData/ReorganisedData/EP3105475B1/EP3105475B1_F0001.tif,F02F
EP3105508B1,F0001,/home/safe/Desktop/yassine/Vectorization/data/PatentData/ReorganisedData/EP3105508B1/EP3105508B1_F0001.tif,F23R
EP3106324B1,F0001,/home/safe/Desktop/yassine/Vectorization/data/PatentData/ReorganisedData/EP3106324B1/EP3106324B1_F0001.tif,B60C
EP3106707B1,F0001,/home/safe/Desktop/yassine/Vectorization/data/PatentData/ReorganisedData/EP3106707B1/EP3106707B1_F0001.tif,F16F
EP3107776B1,F0001,/home/safe/Desktop/yassine/Vectorization/data/PatentData/ReorganisedData/EP3107776B1/EP3107776B1_F0001.tif,B60T
EP3107803B1,F0001,/home/safe/Desktop/yassine/Vectorization/data/PatentData/ReorganisedData/EP3107803B1/EP3107803B1_F0001.tif,B63C
EP3107810B1,F0001,/home/safe/Desktop/yassine/Vectorization/data/PatentData/ReorganisedData/EP3107810B1/EP3107810B1_F0001.tif,B65D
EP3108085B1,F0001,/home/safe/Desktop/yassine/Vectorization/data/PatentData/ReorganisedData/EP3108085B1/EP3108085B1_F0001.tif,B62D
EP3108104B1,F0001,/home/safe/Desktop/yassine/Vectorization/data/PatentData/ReorganisedData/EP3108104B1/EP3108104B1_F0001.tif,F01D
EP3109099B1,F0002,/home/safe/Desktop/yassine/Vectorization/data/PatentData/ReorganisedData/EP3109099B1/EP3109099B1_F0002.tif,B60R
EP3109179B1,F0001,/home/safe/Desktop/yassine/Vectorization/data/PatentData/ReorganisedData/EP3109179B1/EP3109179B1_F0001.tif,B65D
EP3109581B1,F0001,/home/safe/Desktop/yassine/Vectorization/data/PatentData/ReorganisedData/EP3109581B1/EP3109581B1_F0001.tif,F25D
EP3110561B1,F0001,/home/safe/Desktop/yassine/Vectorization/data/PatentData/ReorganisedData/EP3110561B1/EP3110561B1_F0001.tif,B05B
EP3110563B1,F0001,/home/safe/Desktop/yassine/Vectorization/data/PatentData/ReorganisedData/EP3110563B1/EP3110563B1_F0001.tif,B05D
EP3110587B1,F0001,/home/safe/Desktop/yassine/Vectorization/data/PatentData/ReorganisedData/EP3110587B1/EP3110587B1_F0001.tif,B23K
EP3110626B1,F0001,/home/safe/Desktop/yassine/Vectorization/data/PatentData/ReorganisedData/EP3110626B1/EP3110626B1_F0001.tif,B41J
EP3110656B1,F0001,/home/safe/Desktop/yassine/Vectorization/data/PatentData/ReorganisedData/EP3110656B1/EP3110656B1_F0001.tif,B60K
EP3111126B1,F0003,/home/safe/Desktop/yassine/Vectorization/data/PatentData/ReorganisedData/EP3111126B1/EP3111126B1_F0003.tif,F16L
EP3112121B1,F0001,/home/safe/Desktop/yassine/Vectorization/data/PatentData/ReorganisedData/EP3112121B1/EP3112121B1_F0001.tif,B29C
EP3112147B1,F0001,/home/safe/Desktop/yassine/Vectorization/data/PatentData/ReorganisedData/EP3112147B1/EP3112147B1_F0001.tif,B32B
EP3112162B1,F0001,/home/safe/Desktop/yassine/Vectorization/data/PatentData/ReorganisedData/EP3112162B1/EP3112162B1_F0001.tif,B41J
EP3112166B1,F0001,/home/safe/Desktop/yassine/Vectorization/data/PatentData/ReorganisedData/EP3112166B1/EP3112166B1_F0001.tif,B41J
EP3112592B1,F0001,/home/safe/Desktop/yassine/Vectorization/data/PatentData/ReorganisedData/EP3112592B1/EP3112592B1_F0001.tif,F01D
EP3112628B1,F0004,/home/safe/Desktop/yassine/Vectorization/data/PatentData/ReorganisedData/EP3112628B1/EP3112628B1_F0004.tif,F01N
EP3112688B1,F0001,/home/safe/Desktop/yassine/Vectorization/data/PatentData/ReorganisedData/EP3112688B1/EP3112688B1_F0001.tif,F04D
EP3112753B1,F0001,/home/safe/Desktop/yassine/Vectorization/data/PatentData/ReorganisedData/EP3112753B1/EP3112753B1_F0001.tif,F23G
EP3113884B1,F0001,/home/safe/Desktop/yassine/Vectorization/data/PatentData/ReorganisedData/EP3113884B1/EP3113884B1_F0001.tif,B01L
EP3114069B1,F0001,/home/safe/Desktop/yassine/Vectorization/data/PatentData/ReorganisedData/EP3114069B1/EP3114069B1_F0001.tif,B66C
EP3114073B1,F0001,/home/safe/Desktop/yassine/Vectorization/data/PatentData/ReorganisedData/EP3114073B1/EP3114073B1_F0001.tif,B66F
EP3115575B1,F0001,/home/safe/Desktop/yassine/Vectorization/data/PatentData/ReorganisedData/EP3115575B1/EP3115575B1_F0001.tif,F02C
EP3116789B1,F0001,/home/safe/Desktop/yassine/Vectorization/data/PatentData/ReorganisedData/EP3116789B1/EP3116789B1_F0001.tif,B65B
EP3116790B1,F0001,/home/safe/Desktop/yassine/Vectorization/data/PatentData/ReorganisedData/EP3116790B1/EP3116790B1_F0001.tif,B65B
EP3117118B1,F0001,/home/safe/Desktop/yassine/Vectorization/data/PatentData/ReorganisedData/EP3117118B1/EP3117118B1_F0001.tif,F16D
EP3117130B1,F0001,/home/safe/Desktop/yassine/Vectorization/data/PatentData/ReorganisedData/EP3117130B1/EP3117130B1_F0001.tif,F16K
EP3118104B1,F0001,/home/safe/Desktop/yassine/Vectorization/data/PatentData/ReorganisedData/EP3118104B1/EP3118104B1_F0001.tif,B64C
EP3118132B1,F0001,/home/safe/Desktop/yassine/Vectorization/data/PatentData/ReorganisedData/EP3118132B1/EP3118132B1_F0001.tif,B65D
EP3118140B1,F0001,/home/safe/Desktop/yassine/Vectorization/data/PatentData/ReorganisedData/EP3118140B1/EP3118140B1_F0001.tif,B65D
EP3118151B1,F0001,/home/safe/Desktop/yassine/Vectorization/data/PatentData/ReorganisedData/EP3118151B1/EP3118151B1_F0001.tif,B66B
EP3118413B1,F0001,/home/safe/Desktop/yassine/Vectorization/data/PatentData/ReorganisedData/EP3118413B1/EP3118413B1_F0001.tif,F01D
EP3118561B1,F0001,/home/safe/Desktop/yassine/Vectorization/data/PatentData/ReorganisedData/EP3118561B1/EP3118561B1_F0001.tif,F41G
EP3119585B1,F0001,/home/safe/Desktop/yassine/Vectorization/data/PatentData/ReorganisedData/EP3119585B1/EP3119585B1_F0001.tif,B29C
EP3119588B1,F0001,/home/safe/Desktop/yassine/Vectorization/data/PatentData/ReorganisedData/EP3119588B1/EP3119588B1_F0001.tif,B29C
EP3120049B1,F0002,/home/safe/Desktop/yassine/Vectorization/data/PatentData/ReorganisedData/EP3120049B1/EP3120049B1_F0002.tif,F16H
EP3120099B1,F0001,/home/safe/Desktop/yassine/Vectorization/data/PatentData/ReorganisedData/EP3120099B1/EP3120099B1_F0001.tif,F28F
EP3120967B1,F0001,/home/safe/Desktop/yassine/Vectorization/data/PatentData/ReorganisedData/EP3120967B1/EP3120967B1_F0001.tif,B23K
EP3120975B1,F0001,/home/safe/Desktop/yassine/Vectorization/data/PatentData/ReorganisedData/EP3120975B1/EP3120975B1_F0001.tif,B25F
EP3121038B1,F0001,/home/safe/Desktop/yassine/Vectorization/data/PatentData/ReorganisedData/EP3121038B1/EP3121038B1_F0001.tif,B60G
EP3121118B1,F0001,/home/safe/Desktop/yassine/Vectorization/data/PatentData/ReorganisedData/EP3121118B1/EP3121118B1_F0001.tif,B64D
EP3121426B1,F0003,/home/safe/Desktop/yassine/Vectorization/data/PatentData/ReorganisedData/EP3121426B1/EP3121426B1_F0003.tif,F02D
EP3122475B1,F0001,/home/safe/Desktop/yassine/Vectorization/data/PatentData/ReorganisedData/EP3122475B1/EP3122475B1_F0001.tif,B05D
EP3122507B1,F0001,/home/safe/Desktop/yassine/Vectorization/data/PatentData/ReorganisedData/EP3122507B1/EP3122507B1_F0001.tif,B23K
EP3122527B1,F0001,/home/safe/Desktop/yassine/Vectorization/data/PatentData/ReorganisedData/EP3122527B1/EP3122527B1_F0001.tif,B29B
EP3122542B1,F0001,/home/safe/Desktop/yassine/Vectorization/data/PatentData/ReorganisedData/EP3122542B1/EP3122542B1_F0001.tif,B29C
EP3122576B1,F0001,/home/safe/Desktop/yassine/Vectorization/data/PatentData/ReorganisedData/EP3122576B1/EP3122576B1_F0001.tif,B60G
EP3122595B1,F0002,/home/safe/Desktop/yassine/Vectorization/data/PatentData/ReorganisedData/EP3122595B1/EP3122595B1_F0002.tif,B60P
EP3122614B1,F0001,/home/safe/Desktop/yassine/Vectorization/data/PatentData/ReorganisedData/EP3122614B1/EP3122614B1_F0001.tif,B62D
EP3122623B1,F0002,/home/safe/Desktop/yassine/Vectorization/data/PatentData/ReorganisedData/EP3122623B1/EP3122623B1_F0002.tif,B63B
EP3122639B1,F0001,/home/safe/Desktop/yassine/Vectorization/data/PatentData/ReorganisedData/EP3122639B1/EP3122639B1_F0001.tif,B65B
EP3122653B1,F0003,/home/safe/Desktop/yassine/Vectorization/data/PatentData/ReorganisedData/EP3122653B1/EP3122653B1_F0003.tif,B65D
EP3124289B1,F0001,/home/safe/Desktop/yassine/Vectorization/data/PatentData/ReorganisedData/EP3124289B1/EP3124289B1_F0001.tif,B60C
EP3124326B1,F0002,/home/safe/Desktop/yassine/Vectorization/data/PatentData/ReorganisedData/EP3124326B1/EP3124326B1_F0002.tif,B60Q
EP3124799B1,F0005,/home/safe/Desktop/yassine/Vectorization/data/PatentData/ReorganisedData/EP3124799B1/EP3124799B1_F0005.tif,F15B
EP3124818B1,F0001,/home/safe/Desktop/yassine/Vectorization/data/PatentData/ReorganisedData/EP3124818B1/EP3124818B1_F0001.tif,F16D
EP3124824B1,F0001,/home/safe/Desktop/yassine/Vectorization/data/PatentData/ReorganisedData/EP3124824B1/EP3124824B1_F0001.tif,F16F
EP3124848B1,F0001,/home/safe/Desktop/yassine/Vectorization/data/PatentData/ReorganisedData/EP3124848B1/EP3124848B1_F0001.tif,F16L
EP3124882B1,F0001,/home/safe/Desktop/yassine/Vectorization/data/PatentData/ReorganisedData/EP3124882B1/EP3124882B1_F0001.tif,F24F
EP3124890B1,F0001,/home/safe/Desktop/yassine/Vectorization/data/PatentData/ReorganisedData/EP3124890B1/EP3124890B1_F0001.tif,F24H
EP3126176B1,F0002,/home/safe/Desktop/yassine/Vectorization/data/PatentData/ReorganisedData/EP3126176B1/EP3126176B1_F0002.tif,B60K
EP3126195B1,F0001,/home/safe/Desktop/yassine/Vectorization/data/PatentData/ReorganisedData/EP3126195B1/EP3126195B1_F0001.tif,B60R
EP3126212B1,F0001,/home/safe/Desktop/yassine/Vectorization/data/PatentData/ReorganisedData/EP3126212B1/EP3126212B1_F0001.tif,B63B
EP3126219B1,F0001,/home/safe/Desktop/yassine/Vectorization/data/PatentData/ReorganisedData/EP3126219B1/EP3126219B1_F0001.tif,B63H
EP3126260B1,F0001,/home/safe/Desktop/yassine/Vectorization/data/PatentData/ReorganisedData/EP3126260B1/EP3126260B1_F0001.tif,B65D
EP3126665B1,F0008,/home/safe/Desktop/yassine/Vectorization/data/PatentData/ReorganisedData/EP3126665B1/EP3126665B1_F0008.tif,F03B
EP3126773B1,F0001,/home/safe/Desktop/yassine/Vectorization/data/PatentData/ReorganisedData/EP3126773B1/EP3126773B1_F0001.tif,F28D
EP3127730B1,F0001,/home/safe/Desktop/yassine/Vectorization/data/PatentData/ReorganisedData/EP3127730B1/EP3127730B1_F0001.tif,B60J
EP3127812B1,F0001,/home/safe/Desktop/yassine/Vectorization/data/PatentData/ReorganisedData/EP3127812B1/EP3127812B1_F0001.tif,B64D
EP3127813B1,F0001,/home/safe/Desktop/yassine/Vectorization/data/PatentData/ReorganisedData/EP3127813B1/EP3127813B1_F0001.tif,B64D
EP3128255B1,F0001,/home/safe/Desktop/yassine/Vectorization/data/PatentData/ReorganisedData/EP3128255B1/EP3128255B1_F0001.tif,F24S
EP3129160B1,F0001,/home/safe/Desktop/yassine/Vectorization/data/PatentData/ReorganisedData/EP3129160B1/EP3129160B1_F0001.tif,B29C
EP3129274B1,F0001,/home/safe/Desktop/yassine/Vectorization/data/PatentData/ReorganisedData/EP3129274B1/EP3129274B1_F0001.tif,B62D
EP3129282B1,F0002,/home/safe/Desktop/yassine/Vectorization/data/PatentData/ReorganisedData/EP3129282B1/EP3129282B1_F0002.tif,B64C
EP3129599B1,F0001,/home/safe/Desktop/yassine/Vectorization/data/PatentData/ReorganisedData/EP3129599B1/EP3129599B1_F0001.tif,F01D
EP3129734B1,F0002,/home/safe/Desktop/yassine/Vectorization/data/PatentData/ReorganisedData/EP3129734B1/EP3129734B1_F0002.tif,F26B
EP3129753B1,F0001,/home/safe/Desktop/yassine/Vectorization/data/PatentData/ReorganisedData/EP3129753B1/EP3129753B1_F0001.tif,B28C
EP3129931B1,F0002,/home/safe/Desktop/yassine/Vectorization/data/PatentData/ReorganisedData/EP3129931B1/EP3129931B1_F0002.tif,B60L
EP3130513B1,F0001,/home/safe/Desktop/yassine/Vectorization/data/PatentData/ReorganisedData/EP3130513B1/EP3130513B1_F0001.tif,B60R
EP3130516B1,F0012,/home/safe/Desktop/yassine/Vectorization/data/PatentData/ReorganisedData/EP3130516B1/EP3130516B1_F0012.tif,B60W
EP3130518B1,F0001,/home/safe/Desktop/yassine/Vectorization/data/PatentData/ReorganisedData/EP3130518B1/EP3130518B1_F0001.tif,B61D
EP3130537B1,F0001,/home/safe/Desktop/yassine/Vectorization/data/PatentData/ReorganisedData/EP3130537B1/EP3130537B1_F0001.tif,B64C
EP3130796B1,F0001,/home/safe/Desktop/yassine/Vectorization/data/PatentData/ReorganisedData/EP3130796B1/EP3130796B1_F0001.tif,F03D
EP3130814B1,F0001,/home/safe/Desktop/yassine/Vectorization/data/PatentData/ReorganisedData/EP3130814B1/EP3130814B1_F0001.tif,F16D
EP3130822B1,F0002,/home/safe/Desktop/yassine/Vectorization/data/PatentData/ReorganisedData/EP3130822B1/EP3130822B1_F0002.tif,F16H
EP3131695B1,F0001,/home/safe/Desktop/yassine/Vectorization/data/PatentData/ReorganisedData/EP3131695B1/EP3131695B1_F0001.tif,B23K
EP3131712B1,F0001,/home/safe/Desktop/yassine/Vectorization/data/PatentData/ReorganisedData/EP3131712B1/EP3131712B1_F0001.tif,B26B
EP3131762B1,F0001,/home/safe/Desktop/yassine/Vectorization/data/PatentData/ReorganisedData/EP3131762B1/EP3131762B1_F0001.tif,B60C
EP3131797B1,F0002,/home/safe/Desktop/yassine/Vectorization/data/PatentData/ReorganisedData/EP3131797B1/EP3131797B1_F0002.tif,B60S
EP3131836B1,F0001,/home/safe/Desktop/yassine/Vectorization/data/PatentData/ReorganisedData/EP3131836B1/EP3131836B1_F0001.tif,B65F
EP3131845B1,F0001,/home/safe/Desktop/yassine/Vectorization/data/PatentData/ReorganisedData/EP3131845B1/EP3131845B1_F0001.tif,B67D
EP3132165B1,F0001,/home/safe/Desktop/yassine/Vectorization/data/PatentData/ReorganisedData/EP3132165B1/EP3132165B1_F0001.tif,F16K
EP3132166B1,F0001,/home/safe/Desktop/yassine/Vectorization/data/PatentData/ReorganisedData/EP3132166B1/EP3132166B1_F0001.tif,F16K
EP3132184B1,F0002,/home/safe/Desktop/yassine/Vectorization/data/PatentData/ReorganisedData/EP3132184B1/EP3132184B1_F0002.tif,F21S
EP3132852B1,F0002,/home/safe/Desktop/yassine/Vectorization/data/PatentData/ReorganisedData/EP3132852B1/EP3132852B1_F0002.tif,B02C
EP3132860B1,F0003,/home/safe/Desktop/yassine/Vectorization/data/PatentData/ReorganisedData/EP3132860B1/EP3132860B1_F0003.tif,B05C
EP3132888B1,F0001,/home/safe/Desktop/yassine/Vectorization/data/PatentData/ReorganisedData/EP3132888B1/EP3132888B1_F0001.tif,B23Q
EP3132921B1,F0001,/home/safe/Desktop/yassine/Vectorization/data/PatentData/ReorganisedData/EP3132921B1/EP3132921B1_F0001.tif,B29C
EP3132923B1,F0001,/home/safe/Desktop/yassine/Vectorization/data/PatentData/ReorganisedData/EP3132923B1/EP3132923B1_F0001.tif,B29C
EP3132978B1,F0001,/home/safe/Desktop/yassine/Vectorization/data/PatentData/ReorganisedData/EP3132978B1/EP3132978B1_F0001.tif,B60R
EP3133001B1,F0004,/home/safe/Desktop/yassine/Vectorization/data/PatentData/ReorganisedData/EP3133001B1/EP3133001B1_F0004.tif,B62D
EP3133276B1,F0001,/home/safe/Desktop/yassine/Vectorization/data/PatentData/ReorganisedData/EP3133276B1/EP3133276B1_F0001.tif,F02D
EP3133284B1,F0001,/home/safe/Desktop/yassine/Vectorization/data/PatentData/ReorganisedData/EP3133284B1/EP3133284B1_F0001.tif,F04B
EP3133287B1,F0001,/home/safe/Desktop/yassine/Vectorization/data/PatentData/ReorganisedData/EP3133287B1/EP3133287B1_F0001.tif,F04C
EP3133291B1,F0003,/home/safe/Desktop/yassine/Vectorization/data/PatentData/ReorganisedData/EP3133291B1/EP3133291B1_F0003.tif,F04D
EP3133317B1,F0002,/home/safe/Desktop/yassine/Vectorization/data/PatentData/ReorganisedData/EP3133317B1/EP3133317B1_F0002.tif,F16H
EP3133327B1,F0002,/home/safe/Desktop/yassine/Vectorization/data/PatentData/ReorganisedData/EP3133327B1/EP3133327B1_F0002.tif,F16L
EP3134240B1,F0001,/home/safe/Desktop/yassine/Vectorization/data/PatentData/ReorganisedData/EP3134240B1/EP3134240B1_F0001.tif,B29B
EP3134298B1,F0001,/home/safe/Desktop/yassine/Vectorization/data/PatentData/ReorganisedData/EP3134298B1/EP3134298B1_F0001.tif,B60R
EP3134329B1,F0002,/home/safe/Desktop/yassine/Vectorization/data/PatentData/ReorganisedData/EP3134329B1/EP3134329B1_F0002.tif,B65D
EP3134330B1,F0001,/home/safe/Desktop/yassine/Vectorization/data/PatentData/ReorganisedData/EP3134330B1/EP3134330B1_F0001.tif,B65D
EP3134332B1,F0001,/home/safe/Desktop/yassine/Vectorization/data/PatentData/ReorganisedData/EP3134332B1/EP3134332B1_F0001.tif,B65D
EP3135382B1,F0001,/home/safe/Desktop/yassine/Vectorization/data/PatentData/ReorganisedData/EP3135382B1/EP3135382B1_F0001.tif,B04B
EP3135440B1,F0001,/home/safe/Desktop/yassine/Vectorization/data/PatentData/ReorganisedData/EP3135440B1/EP3135440B1_F0001.tif,B25H
EP3135463B1,F0001,/home/safe/Desktop/yassine/Vectorization/data/PatentData/ReorganisedData/EP3135463B1/EP3135463B1_F0001.tif,B29C
EP3135570B1,F0001,/home/safe/Desktop/yassine/Vectorization/data/PatentData/ReorganisedData/EP3135570B1/EP3135570B1_F0001.tif,B62J
EP3135582B1,F0001,/home/safe/Desktop/yassine/Vectorization/data/PatentData/ReorganisedData/EP3135582B1/EP3135582B1_F0001.tif,B64C
EP3135587B1,F0001,/home/safe/Desktop/yassine/Vectorization/data/PatentData/ReorganisedData/EP3135587B1/EP3135587B1_F0001.tif,B64C
EP3135624B1,F0004,/home/safe/Desktop/yassine/Vectorization/data/PatentData/ReorganisedData/EP3135624B1/EP3135624B1_F0004.tif,B66C
EP3135890B1,F0001,/home/safe/Desktop/yassine/Vectorization/data/PatentData/ReorganisedData/EP3135890B1/EP3135890B1_F0001.tif,F01M
EP3135949B1,F0001,/home/safe/Desktop/yassine/Vectorization/data/PatentData/ReorganisedData/EP3135949B1/EP3135949B1_F0001.tif,F16F
EP3137370B1,F0001,/home/safe/Desktop/yassine/Vectorization/data/PatentData/ReorganisedData/EP3137370B1/EP3137370B1_F0001.tif,B63B
EP3137398B1,F0001,/home/safe/Desktop/yassine/Vectorization/data/PatentData/ReorganisedData/EP3137398B1/EP3137398B1_F0001.tif,B65G
EP3137836B1,F0001,/home/safe/Desktop/yassine/Vectorization/data/PatentData/ReorganisedData/EP3137836B1/EP3137836B1_F0001.tif,F28D
EP3137843B1,F0001,/home/safe/Desktop/yassine/Vectorization/data/PatentData/ReorganisedData/EP3137843B1/EP3137843B1_F0001.tif,F42B
EP3139008B1,F0001,/home/safe/Desktop/yassine/Vectorization/data/PatentData/ReorganisedData/EP3139008B1/EP3139008B1_F0001.tif,F01N
EP3139015B1,F0001,/home/safe/Desktop/yassine/Vectorization/data/PatentData/ReorganisedData/EP3139015B1/EP3139015B1_F0001.tif,F01P
EP3139061B1,F0001,/home/safe/Desktop/yassine/Vectorization/data/PatentData/ReorganisedData/EP3139061B1/EP3139061B1_F0001.tif,F16F
EP3139078B1,F0001,/home/safe/Desktop/yassine/Vectorization/data/PatentData/ReorganisedData/EP3139078B1/EP3139078B1_F0001.tif,F16L
EP3139081B1,F0001,/home/safe/Desktop/yassine/Vectorization/data/PatentData/ReorganisedData/EP3139081B1/EP3139081B1_F0001.tif,F21K
EP3140061B1,F0001,/home/safe/Desktop/yassine/Vectorization/data/PatentData/ReorganisedData/EP3140061B1/EP3140061B1_F0001.tif,B21J
EP3140146B1,F0001,/home/safe/Desktop/yassine/Vectorization/data/PatentData/ReorganisedData/EP3140146B1/EP3140146B1_F0001.tif,B60K
EP3140183B1,F0001,/home/safe/Desktop/yassine/Vectorization/data/PatentData/ReorganisedData/EP3140183B1/EP3140183B1_F0001.tif,B62M
EP3140239B1,F0001,/home/safe/Desktop/yassine/Vectorization/data/PatentData/ReorganisedData/EP3140239B1/EP3140239B1_F0001.tif,B66F
EP3140530B1,F0001,/home/safe/Desktop/yassine/Vectorization/data/PatentData/ReorganisedData/EP3140530B1/EP3140530B1_F0001.tif,F02B
EP3141371B1,F0001,/home/safe/Desktop/yassine/Vectorization/data/PatentData/ReorganisedData/EP3141371B1/EP3141371B1_F0001.tif,B29C
EP3141497B1,F0003,/home/safe/Desktop/yassine/Vectorization/data/PatentData/ReorganisedData/EP3141497B1/EP3141497B1_F0003.tif,B65G
EP3141723B1,F0002,/home/safe/Desktop/yassine/Vectorization/data/PatentData/ReorganisedData/EP3141723B1/EP3141723B1_F0002.tif,F02B
EP3141750B1,F0003,/home/safe/Desktop/yassine/Vectorization/data/PatentData/ReorganisedData/EP3141750B1/EP3141750B1_F0003.tif,F04B
EP3141764B1,F0001,/home/safe/Desktop/yassine/Vectorization/data/PatentData/ReorganisedData/EP3141764B1/EP3141764B1_F0001.tif,F15D
EP3141801B1,F0001,/home/safe/Desktop/yassine/Vectorization/data/PatentData/ReorganisedData/EP3141801B1/EP3141801B1_F0001.tif,F21V
EP3142943B1,F0005,/home/safe/Desktop/yassine/Vectorization/data/PatentData/ReorganisedData/EP3142943B1/EP3142943B1_F0005.tif,B65D
EP3142953B1,F0001,/home/safe/Desktop/yassine/Vectorization/data/PatentData/ReorganisedData/EP3142953B1/EP3142953B1_F0001.tif,B65H
EP3143324B1,F0001,/home/safe/Desktop/yassine/Vectorization/data/PatentData/ReorganisedData/EP3143324B1/EP3143324B1_F0001.tif,F21S
EP3143328B1,F0001,/home/safe/Desktop/yassine/Vectorization/data/PatentData/ReorganisedData/EP3143328B1/EP3143328B1_F0001.tif,F21V
EP3143365B1,F0003,/home/safe/Desktop/yassine/Vectorization/data/PatentData/ReorganisedData/EP3143365B1/EP3143365B1_F0003.tif,F42B
EP3144084B1,F0001,/home/safe/Desktop/yassine/Vectorization/data/PatentData/ReorganisedData/EP3144084B1/EP3144084B1_F0001.tif,B22F
EP3144211B1,F0001,/home/safe/Desktop/yassine/Vectorization/data/PatentData/ReorganisedData/EP3144211B1/EP3144211B1_F0001.tif,B63B
EP3144262B1,F0001,/home/safe/Desktop/yassine/Vectorization/data/PatentData/ReorganisedData/EP3144262B1/EP3144262B1_F0001.tif,B66D
EP3145664B1,F0004,/home/safe/Desktop/yassine/Vectorization/data/PatentData/ReorganisedData/EP3145664B1/EP3145664B1_F0004.tif,B23B
EP3145734B1,F0001,/home/safe/Desktop/yassine/Vectorization/data/PatentData/ReorganisedData/EP3145734B1/EP3145734B1_F0001.tif,B60C
EP3146176B1,F0001,/home/safe/Desktop/yassine/Vectorization/data/PatentData/ReorganisedData/EP3146176B1/EP3146176B1_F0001.tif,F01N
EP3146179B1,F0005,/home/safe/Desktop/yassine/Vectorization/data/PatentData/ReorganisedData/EP3146179B1/EP3146179B1_F0005.tif,F02B
EP3146234B1,F0001,/home/safe/Desktop/yassine/Vectorization/data/PatentData/ReorganisedData/EP3146234B1/EP3146234B1_F0001.tif,F16F
EP3147020B1,F0001,/home/safe/Desktop/yassine/Vectorization/data/PatentData/ReorganisedData/EP3147020B1/EP3147020B1_F0001.tif,B01D
EP3147028B1,F0001,/home/safe/Desktop/yassine/Vectorization/data/PatentData/ReorganisedData/EP3147028B1/EP3147028B1_F0001.tif,B03C
EP3147073B1,F0001,/home/safe/Desktop/yassine/Vectorization/data/PatentData/ReorganisedData/EP3147073B1/EP3147073B1_F0001.tif,B23Q
EP3147092B1,F0001,/home/safe/Desktop/yassine/Vectorization/data/PatentData/ReorganisedData/EP3147092B1/EP3147092B1_F0001.tif,B27M
EP3147512B1,F0002,/home/safe/Desktop/yassine/Vectorization/data/PatentData/ReorganisedData/EP3147512B1/EP3147512B1_F0002.tif,F04D
EP3147541B1,F0002,/home/safe/Desktop/yassine/Vectorization/data/PatentData/ReorganisedData/EP3147541B1/EP3147541B1_F0002.tif,F16H
EP3147565B1,F0001,/home/safe/Desktop/yassine/Vectorization/data/PatentData/ReorganisedData/EP3147565B1/EP3147565B1_F0001.tif,F23J
EP3147570B1,F0001,/home/safe/Desktop/yassine/Vectorization/data/PatentData/ReorganisedData/EP3147570B1/EP3147570B1_F0001.tif,F23R
EP3147623B1,F0001,/home/safe/Desktop/yassine/Vectorization/data/PatentData/ReorganisedData/EP3147623B1/EP3147623B1_F0001.tif,F28F
EP3147741B1,F0004,/home/safe/Desktop/yassine/Vectorization/data/PatentData/ReorganisedData/EP3147741B1/EP3147741B1_F0004.tif,B60W
EP3148658B1,F0001,/home/safe/Desktop/yassine/Vectorization/data/PatentData/ReorganisedData/EP3148658B1/EP3148658B1_F0001.tif,B62D
EP3148667B1,F0001,/home/safe/Desktop/yassine/Vectorization/data/PatentData/ReorganisedData/EP3148667B1/EP3148667B1_F0001.tif,B01D
EP3150269B1,F0001,/home/safe/Desktop/yassine/Vectorization/data/PatentData/ReorganisedData/EP3150269B1/EP3150269B1_F0001.tif,B01D
EP3150311B1,F0003,/home/safe/Desktop/yassine/Vectorization/data/PatentData/ReorganisedData/EP3150311B1/EP3150311B1_F0003.tif,B23B
EP3150423B1,F0001,/home/safe/Desktop/yassine/Vectorization/data/PatentData/ReorganisedData/EP3150423B1/EP3150423B1_F0001.tif,B60L
EP3150515B1,F0001,/home/safe/Desktop/yassine/Vectorization/data/PatentData/ReorganisedData/EP3150515B1/EP3150515B1_F0001.tif,B65G
EP3151695B1,F0001,/home/safe/Desktop/yassine/Vectorization/data/PatentData/ReorganisedData/EP3151695B1/EP3151695B1_F0001.tif,B29D
EP3153219B1,F0001,/home/safe/Desktop/yassine/Vectorization/data/PatentData/ReorganisedData/EP3153219B1/EP3153219B1_F0001.tif,B01D
EP3153328B1,F0001,/home/safe/Desktop/yassine/Vectorization/data/PatentData/ReorganisedData/EP3153328B1/EP3153328B1_F0001.tif,B60B
EP3153456B1,F0001,/home/safe/Desktop/yassine/Vectorization/data/PatentData/ReorganisedData/EP3153456B1/EP3153456B1_F0001.tif,B66F
EP3153712B1,F0001,/home/safe/Desktop/yassine/Vectorization/data/PatentData/ReorganisedData/EP3153712B1/EP3153712B1_F0001.tif,F15B
EP3153738B1,F0001,/home/safe/Desktop/yassine/Vectorization/data/PatentData/ReorganisedData/EP3153738B1/EP3153738B1_F0001.tif,F16F
EP3154858B1,F0001,/home/safe/Desktop/yassine/Vectorization/data/PatentData/ReorganisedData/EP3154858B1/EP3154858B1_F0001.tif,B64D
EP3156165B1,F0004,/home/safe/Desktop/yassine/Vectorization/data/PatentData/ReorganisedData/EP3156165B1/EP3156165B1_F0004.tif,B23K
EP3156174B1,F0001,/home/safe/Desktop/yassine/Vectorization/data/PatentData/ReorganisedData/EP3156174B1/EP3156174B1_F0001.tif,B23Q
EP3156268B1,F0001,/home/safe/Desktop/yassine/Vectorization/data/PatentData/ReorganisedData/EP3156268B1/EP3156268B1_F0001.tif,B60D
EP3156273B1,F0001,/home/safe/Desktop/yassine/Vectorization/data/PatentData/ReorganisedData/EP3156273B1/EP3156273B1_F0001.tif,B60J
EP3156347B1,F0001,/home/safe/Desktop/yassine/Vectorization/data/PatentData/ReorganisedData/EP3156347B1/EP3156347B1_F0001.tif,B65D
EP3156662B1,F0001,/home/safe/Desktop/yassine/Vectorization/data/PatentData/ReorganisedData/EP3156662B1/EP3156662B1_F0001.tif,F04D
EP3156691B1,F0001,/home/safe/Desktop/yassine/Vectorization/data/PatentData/ReorganisedData/EP3156691B1/EP3156691B1_F0001.tif,F16H
EP3156693B1,F0001,/home/safe/Desktop/yassine/Vectorization/data/PatentData/ReorganisedData/EP3156693B1/EP3156693B1_F0001.tif,F16H
EP3156721B1,F0002,/home/safe/Desktop/yassine/Vectorization/data/PatentData/ReorganisedData/EP3156721B1/EP3156721B1_F0002.tif,F21V
EP3157715B1,F0001,/home/safe/Desktop/yassine/Vectorization/data/PatentData/ReorganisedData/EP3157715B1/EP3157715B1_F0001.tif,B25J
EP3157769B1,F0001,/home/safe/Desktop/yassine/Vectorization/data/PatentData/ReorganisedData/EP3157769B1/EP3157769B1_F0001.tif,B60G
EP3159112B1,F0001,/home/safe/Desktop/yassine/Vectorization/data/PatentData/ReorganisedData/EP3159112B1/EP3159112B1_F0001.tif,B25B
EP3159225B1,F0001,/home/safe/Desktop/yassine/Vectorization/data/PatentData/ReorganisedData/EP3159225B1/EP3159225B1_F0001.tif,B60S
EP3159258B1,F0001,/home/safe/Desktop/yassine/Vectorization/data/PatentData/ReorganisedData/EP3159258B1/EP3159258B1_F0001.tif,B64C
EP3159262B1,F0001,/home/safe/Desktop/yassine/Vectorization/data/PatentData/ReorganisedData/EP3159262B1/EP3159262B1_F0001.tif,B64C
EP3159488B1,F0001,/home/safe/Desktop/yassine/Vectorization/data/PatentData/ReorganisedData/EP3159488B1/EP3159488B1_F0001.tif,F01D
EP3159528B1,F0001,/home/safe/Desktop/yassine/Vectorization/data/PatentData/ReorganisedData/EP3159528B1/EP3159528B1_F0001.tif,F02M
EP3159547B1,F0001,/home/safe/Desktop/yassine/Vectorization/data/PatentData/ReorganisedData/EP3159547B1/EP3159547B1_F0001.tif,F04B
EP3160867B1,F0001,/home/safe/Desktop/yassine/Vectorization/data/PatentData/ReorganisedData/EP3160867B1/EP3160867B1_F0001.tif,B65D
EP3162581B1,F0001,/home/safe/Desktop/yassine/Vectorization/data/PatentData/ReorganisedData/EP3162581B1/EP3162581B1_F0001.tif,B41J
EP3162641B1,F0001,/home/safe/Desktop/yassine/Vectorization/data/PatentData/ReorganisedData/EP3162641B1/EP3162641B1_F0001.tif,B60R
EP3162656B1,F0001,/home/safe/Desktop/yassine/Vectorization/data/PatentData/ReorganisedData/EP3162656B1/EP3162656B1_F0001.tif,B62D
EP3162728B1,F0002,/home/safe/Desktop/yassine/Vectorization/data/PatentData/ReorganisedData/EP3162728B1/EP3162728B1_F0002.tif,B65D
EP3163210B1,F0001,/home/safe/Desktop/yassine/Vectorization/data/PatentData/ReorganisedData/EP3163210B1/EP3163210B1_F0001.tif,F24H
EP3165432B1,F0001,/home/safe/Desktop/yassine/Vectorization/data/PatentData/ReorganisedData/EP3165432B1/EP3165432B1_F0001.tif,B62D
EP3165459B1,F0001,/home/safe/Desktop/yassine/Vectorization/data/PatentData/ReorganisedData/EP3165459B1/EP3165459B1_F0001.tif,B64D
EP3165740B1,F0001,/home/safe/Desktop/yassine/Vectorization/data/PatentData/ReorganisedData/EP3165740B1/EP3165740B1_F0001.tif,F02C
EP3165799B1,F0001,/home/safe/Desktop/yassine/Vectorization/data/PatentData/ReorganisedData/EP3165799B1/EP3165799B1_F0001.tif,F16K
EP3166221B1,F0002,/home/safe/Desktop/yassine/Vectorization/data/PatentData/ReorganisedData/EP3166221B1/EP3166221B1_F0002.tif,F24S
EP3166817B1,F0001,/home/safe/Desktop/yassine/Vectorization/data/PatentData/ReorganisedData/EP3166817B1/EP3166817B1_F0001.tif,B60P
EP3166835B1,F0001,/home/safe/Desktop/yassine/Vectorization/data/PatentData/ReorganisedData/EP3166835B1/EP3166835B1_F0001.tif,B61L
EP3168136B1,F0001,/home/safe/Desktop/yassine/Vectorization/data/PatentData/ReorganisedData/EP3168136B1/EP3168136B1_F0001.tif,B63H
EP3168146B1,F0002,/home/safe/Desktop/yassine/Vectorization/data/PatentData/ReorganisedData/EP3168146B1/EP3168146B1_F0002.tif,B64C
EP3168469B1,F0001,/home/safe/Desktop/yassine/Vectorization/data/PatentData/ReorganisedData/EP3168469B1/EP3168469B1_F0001.tif,F04B
EP3168493B1,F0002,/home/safe/Desktop/yassine/Vectorization/data/PatentData/ReorganisedData/EP3168493B1/EP3168493B1_F0002.tif,F16F
EP3169603B1,F0001,/home/safe/Desktop/yassine/Vectorization/data/PatentData/ReorganisedData/EP3169603B1/EP3169603B1_F0001.tif,B65D
EP3169961B1,F0001,/home/safe/Desktop/yassine/Vectorization/data/PatentData/ReorganisedData/EP3169961B1/EP3169961B1_F0001.tif,F27B
EP3170658B1,F0001,/home/safe/Desktop/yassine/Vectorization/data/PatentData/ReorganisedData/EP3170658B1/EP3170658B1_F0001.tif,B32B
EP3170666B1,F0001,/home/safe/Desktop/yassine/Vectorization/data/PatentData/ReorganisedData/EP3170666B1/EP3170666B1_F0001.tif,B41J
EP3170730B1,F0001,/home/safe/Desktop/yassine/Vectorization/data/PatentData/ReorganisedData/EP3170730B1/EP3170730B1_F0001.tif,B63B
EP3171115B1,F0001,/home/safe/Desktop/yassine/Vectorization/data/PatentData/ReorganisedData/EP3171115B1/EP3171115B1_F0001.tif,F28F
EP3172116B1,F0001,/home/safe/Desktop/yassine/Vectorization/data/PatentData/ReorganisedData/EP3172116B1/EP3172116B1_F0001.tif,B62D
EP3172135B1,F0001,/home/safe/Desktop/yassine/Vectorization/data/PatentData/ReorganisedData/EP3172135B1/EP3172135B1_F0001.tif,B65B
EP3172141B1,F0001,/home/safe/Desktop/yassine/Vectorization/data/PatentData/ReorganisedData/EP3172141B1/EP3172141B1_F0001.tif,B65D
EP3172146B1,F0001,/home/safe/Desktop/yassine/Vectorization/data/PatentData/ReorganisedData/EP3172146B1/EP3172146B1_F0001.tif,B65D
EP3172431B1,F0003,/home/safe/Desktop/yassine/Vectorization/data/PatentData/ReorganisedData/EP3172431B1/EP3172431B1_F0003.tif,F03B
EP3173640B1,F0001,/home/safe/Desktop/yassine/Vectorization/data/PatentData/ReorganisedData/EP3173640B1/EP3173640B1_F0001.tif,F16C
EP3173681B1,F0002,/home/safe/Desktop/yassine/Vectorization/data/PatentData/ReorganisedData/EP3173681B1/EP3173681B1_F0002.tif,F21S
EP3174141B1,F0002,/home/safe/Desktop/yassine/Vectorization/data/PatentData/ReorganisedData/EP3174141B1/EP3174141B1_F0002.tif,B01J
EP3174675B1,F0001,/home/safe/Desktop/yassine/Vectorization/data/PatentData/ReorganisedData/EP3174675B1/EP3174675B1_F0001.tif,B26B
EP3174688B1,F0001,/home/safe/Desktop/yassine/Vectorization/data/PatentData/ReorganisedData/EP3174688B1/EP3174688B1_F0001.tif,B29C
EP3174755B1,F0001,/home/safe/Desktop/yassine/Vectorization/data/PatentData/ReorganisedData/EP3174755B1/EP3174755B1_F0001.tif,B60L
EP3174758B1,F0001,/home/safe/Desktop/yassine/Vectorization/data/PatentData/ReorganisedData/EP3174758B1/EP3174758B1_F0001.tif,F21S
EP3174763B1,F0001,/home/safe/Desktop/yassine/Vectorization/data/PatentData/ReorganisedData/EP3174763B1/EP3174763B1_F0001.tif,B60R
EP3174812B1,F0001,/home/safe/Desktop/yassine/Vectorization/data/PatentData/ReorganisedData/EP3174812B1/EP3174812B1_F0001.tif,B65D
EP3174819B1,F0001,/home/safe/Desktop/yassine/Vectorization/data/PatentData/ReorganisedData/EP3174819B1/EP3174819B1_F0001.tif,B65H
EP3175197B1,F0001,/home/safe/Desktop/yassine/Vectorization/data/PatentData/ReorganisedData/EP3175197B1/EP3175197B1_F0001.tif,F28F
EP3175198B1,F0001,/home/safe/Desktop/yassine/Vectorization/data/PatentData/ReorganisedData/EP3175198B1/EP3175198B1_F0001.tif,F41A
EP3175958B1,F0005,/home/safe/Desktop/yassine/Vectorization/data/PatentData/ReorganisedData/EP3175958B1/EP3175958B1_F0005.tif,B25J
EP3175976B1,F0002,/home/safe/Desktop/yassine/Vectorization/data/PatentData/ReorganisedData/EP3175976B1/EP3175976B1_F0002.tif,B30B
EP3175998B1,F0002,/home/safe/Desktop/yassine/Vectorization/data/PatentData/ReorganisedData/EP3175998B1/EP3175998B1_F0002.tif,B60B
EP3176040B1,F0001,/home/safe/Desktop/yassine/Vectorization/data/PatentData/ReorganisedData/EP3176040B1/EP3176040B1_F0001.tif,B60R
EP3176073B1,F0001,/home/safe/Desktop/yassine/Vectorization/data/PatentData/ReorganisedData/EP3176073B1/EP3176073B1_F0001.tif,B64C
EP3176444B1,F0001,/home/safe/Desktop/yassine/Vectorization/data/PatentData/ReorganisedData/EP3176444B1/EP3176444B1_F0001.tif,F15B
EP3176484B1,F0001,/home/safe/Desktop/yassine/Vectorization/data/PatentData/ReorganisedData/EP3176484B1/EP3176484B1_F0001.tif,F16L
EP3177379B1,F0001,/home/safe/Desktop/yassine/Vectorization/data/PatentData/ReorganisedData/EP3177379B1/EP3177379B1_F0001.tif,B01D
EP3177502B1,F0001,/home/safe/Desktop/yassine/Vectorization/data/PatentData/ReorganisedData/EP3177502B1/EP3177502B1_F0001.tif,B61L
EP3177526B1,F0001,/home/safe/Desktop/yassine/Vectorization/data/PatentData/ReorganisedData/EP3177526B1/EP3177526B1_F0001.tif,B64C
EP3178608B1,F0001,/home/safe/Desktop/yassine/Vectorization/data/PatentData/ReorganisedData/EP3178608B1/EP3178608B1_F0001.tif,B24D
EP3178609B1,F0001,/home/safe/Desktop/yassine/Vectorization/data/PatentData/ReorganisedData/EP3178609B1/EP3178609B1_F0001.tif,B25D
EP3178701B1,F0001,/home/safe/Desktop/yassine/Vectorization/data/PatentData/ReorganisedData/EP3178701B1/EP3178701B1_F0001.tif,B60R
EP3178711B1,F0011,/home/safe/Desktop/yassine/Vectorization/data/PatentData/ReorganisedData/EP3178711B1/EP3178711B1_F0011.tif,B60S
EP3178758B1,F0001,/home/safe/Desktop/yassine/Vectorization/data/PatentData/ReorganisedData/EP3178758B1/EP3178758B1_F0001.tif,B65D
EP3179089B1,F0001,/home/safe/Desktop/yassine/Vectorization/data/PatentData/ReorganisedData/EP3179089B1/EP3179089B1_F0001.tif,F02M
EP3179090B1,F0001,/home/safe/Desktop/yassine/Vectorization/data/PatentData/ReorganisedData/EP3179090B1/EP3179090B1_F0001.tif,F02M
EP3179115B1,F0002,/home/safe/Desktop/yassine/Vectorization/data/PatentData/ReorganisedData/EP3179115B1/EP3179115B1_F0002.tif,F16B
EP3180552B1,F0001,/home/safe/Desktop/yassine/Vectorization/data/PatentData/ReorganisedData/EP3180552B1/EP3180552B1_F0001.tif,F16K
EP3181429B1,F0001,/home/safe/Desktop/yassine/Vectorization/data/PatentData/ReorganisedData/EP3181429B1/EP3181429B1_F0001.tif,F16H
EP3181433B1,F0001,/home/safe/Desktop/yassine/Vectorization/data/PatentData/ReorganisedData/EP3181433B1/EP3181433B1_F0001.tif,B62D
EP3181437B1,F0001,/home/safe/Desktop/yassine/Vectorization/data/PatentData/ReorganisedData/EP3181437B1/EP3181437B1_F0001.tif,B62M
EP3181445B1,F0001,/home/safe/Desktop/yassine/Vectorization/data/PatentData/ReorganisedData/EP3181445B1/EP3181445B1_F0001.tif,B64C
EP3181449B1,F0001,/home/safe/Desktop/yassine/Vectorization/data/PatentData/ReorganisedData/EP3181449B1/EP3181449B1_F0001.tif,B64C
EP3181514B1,F0001,/home/safe/Desktop/yassine/Vectorization/data/PatentData/ReorganisedData/EP3181514B1/EP3181514B1_F0001.tif,B81B
EP3181842B1,F0002,/home/safe/Desktop/yassine/Vectorization/data/PatentData/ReorganisedData/EP3181842B1/EP3181842B1_F0002.tif,F01L
EP3181868B1,F0001,/home/safe/Desktop/yassine/Vectorization/data/PatentData/ReorganisedData/EP3181868B1/EP3181868B1_F0001.tif,F04D
EP3181934B1,F0002,/home/safe/Desktop/yassine/Vectorization/data/PatentData/ReorganisedData/EP3181934B1/EP3181934B1_F0002.tif,F16D
EP3183427B1,F0001,/home/safe/Desktop/yassine/Vectorization/data/PatentData/ReorganisedData/EP3183427B1/EP3183427B1_F0001.tif,F01D
EP3184196B1,F0001,/home/safe/Desktop/yassine/Vectorization/data/PatentData/ReorganisedData/EP3184196B1/EP3184196B1_F0001.tif,B22C
EP3184274B1,F0001,/home/safe/Desktop/yassine/Vectorization/data/PatentData/ReorganisedData/EP3184274B1/EP3184274B1_F0001.tif,B29B
EP3184286B1,F0002,/home/safe/Desktop/yassine/Vectorization/data/PatentData/ReorganisedData/EP3184286B1/EP3184286B1_F0002.tif,B33Y
EP3184295B1,F0001,/home/safe/Desktop/yassine/Vectorization/data/PatentData/ReorganisedData/EP3184295B1/EP3184295B1_F0001.tif,B32B
EP3184340B1,F0001,/home/safe/Desktop/yassine/Vectorization/data/PatentData/ReorganisedData/EP3184340B1/EP3184340B1_F0001.tif,B60K
EP3184367B1,F0001,/home/safe/Desktop/yassine/Vectorization/data/PatentData/ReorganisedData/EP3184367B1/EP3184367B1_F0001.tif,B60R
EP3184421B1,F0001,/home/safe/Desktop/yassine/Vectorization/data/PatentData/ReorganisedData/EP3184421B1/EP3184421B1_F0001.tif,B64C
EP3184849B1,F0001,/home/safe/Desktop/yassine/Vectorization/data/PatentData/ReorganisedData/EP3184849B1/EP3184849B1_F0001.tif,F16F
EP3184882B1,F0001,/home/safe/Desktop/yassine/Vectorization/data/PatentData/ReorganisedData/EP3184882B1/EP3184882B1_F0001.tif,F21S
EP3184928B1,F0001,/home/safe/Desktop/yassine/Vectorization/data/PatentData/ReorganisedData/EP3184928B1/EP3184928B1_F0001.tif,F24H
EP3186484B1,F0001,/home/safe/Desktop/yassine/Vectorization/data/PatentData/ReorganisedData/EP3186484B1/EP3186484B1_F0001.tif,F01D
EP3186582B1,F0001,/home/safe/Desktop/yassine/Vectorization/data/PatentData/ReorganisedData/EP3186582B1/EP3186582B1_F0001.tif,F42B
EP3187278B1,F0001,/home/safe/Desktop/yassine/Vectorization/data/PatentData/ReorganisedData/EP3187278B1/EP3187278B1_F0001.tif,B22C
EP3187382B1,F0001,/home/safe/Desktop/yassine/Vectorization/data/PatentData/ReorganisedData/EP3187382B1/EP3187382B1_F0001.tif,B60R
EP3187689B1,F0001,/home/safe/Desktop/yassine/Vectorization/data/PatentData/ReorganisedData/EP3187689B1/EP3187689B1_F0001.tif,F01D
EP3187725B1,F0003,/home/safe/Desktop/yassine/Vectorization/data/PatentData/ReorganisedData/EP3187725B1/EP3187725B1_F0003.tif,F02M
EP3187816B9,F0001,/home/safe/Desktop/yassine/Vectorization/data/PatentData/ReorganisedData/EP3187816B9/EP3187816B9_F0001.tif,F42B
EP3188825B1,F0001,/home/safe/Desktop/yassine/Vectorization/data/PatentData/ReorganisedData/EP3188825B1/EP3188825B1_F0001.tif,B01J
EP3188871B1,F0001,/home/safe/Desktop/yassine/Vectorization/data/PatentData/ReorganisedData/EP3188871B1/EP3188871B1_F0001.tif,B23K
EP3188949B1,F0001,/home/safe/Desktop/yassine/Vectorization/data/PatentData/ReorganisedData/EP3188949B1/EP3188949B1_F0001.tif,B62B
EP3188965B1,F0001,/home/safe/Desktop/yassine/Vectorization/data/PatentData/ReorganisedData/EP3188965B1/EP3188965B1_F0001.tif,B63H
EP3189210B1,F0002,/home/safe/Desktop/yassine/Vectorization/data/PatentData/ReorganisedData/EP3189210B1/EP3189210B1_F0002.tif,F01B
EP3189292B1,F0003,/home/safe/Desktop/yassine/Vectorization/data/PatentData/ReorganisedData/EP3189292B1/EP3189292B1_F0003.tif,F25D
EP3189922B1,F0001,/home/safe/Desktop/yassine/Vectorization/data/PatentData/ReorganisedData/EP3189922B1/EP3189922B1_F0001.tif,B23K
EP3190051B1,F0001,/home/safe/Desktop/yassine/Vectorization/data/PatentData/ReorganisedData/EP3190051B1/EP3190051B1_F0001.tif,B64D
EP3190076B1,F0001,/home/safe/Desktop/yassine/Vectorization/data/PatentData/ReorganisedData/EP3190076B1/EP3190076B1_F0001.tif,B66B
EP3190281B1,F0001,/home/safe/Desktop/yassine/Vectorization/data/PatentData/ReorganisedData/EP3190281B1/EP3190281B1_F0001.tif,F02B
EP3190289B1,F0002,/home/safe/Desktop/yassine/Vectorization/data/PatentData/ReorganisedData/EP3190289B1/EP3190289B1_F0002.tif,F03B
EP3190331B1,F0001,/home/safe/Desktop/yassine/Vectorization/data/PatentData/ReorganisedData/EP3190331B1/EP3190331B1_F0001.tif,F21K
EP3190354B1,F0001,/home/safe/Desktop/yassine/Vectorization/data/PatentData/ReorganisedData/EP3190354B1/EP3190354B1_F0001.tif,F24S
EP3190364B1,F0001,/home/safe/Desktop/yassine/Vectorization/data/PatentData/ReorganisedData/EP3190364B1/EP3190364B1_F0001.tif,F25D
EP3192697B1,F0001,/home/safe/Desktop/yassine/Vectorization/data/PatentData/ReorganisedData/EP3192697B1/EP3192697B1_F0001.tif,B60N
EP3192750B1,F0001,/home/safe/Desktop/yassine/Vectorization/data/PatentData/ReorganisedData/EP3192750B1/EP3192750B1_F0001.tif,B65D
EP3193020B1,F0002,/home/safe/Desktop/yassine/Vectorization/data/PatentData/ReorganisedData/EP3193020B1/EP3193020B1_F0002.tif,F04C
EP3193044B1,F0001,/home/safe/Desktop/yassine/Vectorization/data/PatentData/ReorganisedData/EP3193044B1/EP3193044B1_F0001.tif,F16H
EP3193107B1,F0001,/home/safe/Desktop/yassine/Vectorization/data/PatentData/ReorganisedData/EP3193107B1/EP3193107B1_F0001.tif,F25D
EP3194190B1,F0001,/home/safe/Desktop/yassine/Vectorization/data/PatentData/ReorganisedData/EP3194190B1/EP3194190B1_F0001.tif,B60G
EP3194838B1,F0001,/home/safe/Desktop/yassine/Vectorization/data/PatentData/ReorganisedData/EP3194838B1/EP3194838B1_F0001.tif,F21S
EP3195940B1,F0001,/home/safe/Desktop/yassine/Vectorization/data/PatentData/ReorganisedData/EP3195940B1/EP3195940B1_F0001.tif,B05B
EP3196068B1,F0004,/home/safe/Desktop/yassine/Vectorization/data/PatentData/ReorganisedData/EP3196068B1/EP3196068B1_F0004.tif,B60N
EP3196097B1,F0008,/home/safe/Desktop/yassine/Vectorization/data/PatentData/ReorganisedData/EP3196097B1/EP3196097B1_F0008.tif,B62D
EP3196098B1,F0008,/home/safe/Desktop/yassine/Vectorization/data/PatentData/ReorganisedData/EP3196098B1/EP3196098B1_F0008.tif,B62D
EP3196099B1,F0008,/home/safe/Desktop/yassine/Vectorization/data/PatentData/ReorganisedData/EP3196099B1/EP3196099B1_F0008.tif,B62D
EP3196464B1,F0001,/home/safe/Desktop/yassine/Vectorization/data/PatentData/ReorganisedData/EP3196464B1/EP3196464B1_F0001.tif,F04B
EP3196519B1,F0001,/home/safe/Desktop/yassine/Vectorization/data/PatentData/ReorganisedData/EP3196519B1/EP3196519B1_F0001.tif,F16K
EP3196543B1,F0002,/home/safe/Desktop/yassine/Vectorization/data/PatentData/ReorganisedData/EP3196543B1/EP3196543B1_F0002.tif,F21S
EP3197771B1,F0001,/home/safe/Desktop/yassine/Vectorization/data/PatentData/ReorganisedData/EP3197771B1/EP3197771B1_F0001.tif,B64C
EP3199194B1,F0001,/home/safe/Desktop/yassine/Vectorization/data/PatentData/ReorganisedData/EP3199194B1/EP3199194B1_F0001.tif,F16L
EP3199812B1,F0008,/home/safe/Desktop/yassine/Vectorization/data/PatentData/ReorganisedData/EP3199812B1/EP3199812B1_F0008.tif,F04B
EP3199849B1,F0002,/home/safe/Desktop/yassine/Vectorization/data/PatentData/ReorganisedData/EP3199849B1/EP3199849B1_F0002.tif,F16K
EP3201029B1,F0001,/home/safe/Desktop/yassine/Vectorization/data/PatentData/ReorganisedData/EP3201029B1/EP3201029B1_F0001.tif,B60K
EP3201091B1,F0001,/home/safe/Desktop/yassine/Vectorization/data/PatentData/ReorganisedData/EP3201091B1/EP3201091B1_F0001.tif,B64G
EP3201480B1,F0001,/home/safe/Desktop/yassine/Vectorization/data/PatentData/ReorganisedData/EP3201480B1/EP3201480B1_F0001.tif,F16B
EP3201483B1,F0001,/home/safe/Desktop/yassine/Vectorization/data/PatentData/ReorganisedData/EP3201483B1/EP3201483B1_F0001.tif,F16B
EP3201495B1,F0001,/home/safe/Desktop/yassine/Vectorization/data/PatentData/ReorganisedData/EP3201495B1/EP3201495B1_F0001.tif,F16H
EP3201505B1,F0009,/home/safe/Desktop/yassine/Vectorization/data/PatentData/ReorganisedData/EP3201505B1/EP3201505B1_F0009.tif,F16L
EP3201514B1,F0001,/home/safe/Desktop/yassine/Vectorization/data/PatentData/ReorganisedData/EP3201514B1/EP3201514B1_F0001.tif,F21K
EP3202537B1,F0001,/home/safe/Desktop/yassine/Vectorization/data/PatentData/ReorganisedData/EP3202537B1/EP3202537B1_F0001.tif,B25B
EP3202669B1,F0001,/home/safe/Desktop/yassine/Vectorization/data/PatentData/ReorganisedData/EP3202669B1/EP3202669B1_F0001.tif,B64G
EP3203057B1,F0003,/home/safe/Desktop/yassine/Vectorization/data/PatentData/ReorganisedData/EP3203057B1/EP3203057B1_F0003.tif,F02D
EP3204229B1,F0001,/home/safe/Desktop/yassine/Vectorization/data/PatentData/ReorganisedData/EP3204229B1/EP3204229B1_F0001.tif,B41F
EP3204245B1,F0001,/home/safe/Desktop/yassine/Vectorization/data/PatentData/ReorganisedData/EP3204245B1/EP3204245B1_F0001.tif,B64C
EP3204246B1,F0003,/home/safe/Desktop/yassine/Vectorization/data/PatentData/ReorganisedData/EP3204246B1/EP3204246B1_F0003.tif,B60F
EP3204642B1,F0001,/home/safe/Desktop/yassine/Vectorization/data/PatentData/ReorganisedData/EP3204642B1/EP3204642B1_F0001.tif,F04B
EP3205455B1,F0001,/home/safe/Desktop/yassine/Vectorization/data/PatentData/ReorganisedData/EP3205455B1/EP3205455B1_F0001.tif,B25B
EP3205460B1,F0001,/home/safe/Desktop/yassine/Vectorization/data/PatentData/ReorganisedData/EP3205460B1/EP3205460B1_F0001.tif,B26B
EP3205536B1,F0001,/home/safe/Desktop/yassine/Vectorization/data/PatentData/ReorganisedData/EP3205536B1/EP3205536B1_F0001.tif,B60R
EP3205542B1,F0001,/home/safe/Desktop/yassine/Vectorization/data/PatentData/ReorganisedData/EP3205542B1/EP3205542B1_F0001.tif,B61C
EP3205543B1,F0001,/home/safe/Desktop/yassine/Vectorization/data/PatentData/ReorganisedData/EP3205543B1/EP3205543B1_F0001.tif,B61C
EP3205544B1,F0001,/home/safe/Desktop/yassine/Vectorization/data/PatentData/ReorganisedData/EP3205544B1/EP3205544B1_F0001.tif,B61C
EP3205564B1,F0001,/home/safe/Desktop/yassine/Vectorization/data/PatentData/ReorganisedData/EP3205564B1/EP3205564B1_F0001.tif,B62K
EP3205582B1,F0002,/home/safe/Desktop/yassine/Vectorization/data/PatentData/ReorganisedData/EP3205582B1/EP3205582B1_F0002.tif,B64D
EP3205857B1,F0001,/home/safe/Desktop/yassine/Vectorization/data/PatentData/ReorganisedData/EP3205857B1/EP3205857B1_F0001.tif,F02C
EP3205861B1,F0001,/home/safe/Desktop/yassine/Vectorization/data/PatentData/ReorganisedData/EP3205861B1/EP3205861B1_F0001.tif,F02D
EP3205923B1,F0001,/home/safe/Desktop/yassine/Vectorization/data/PatentData/ReorganisedData/EP3205923B1/EP3205923B1_F0001.tif,F16T
EP3205935B1,F0002,/home/safe/Desktop/yassine/Vectorization/data/PatentData/ReorganisedData/EP3205935B1/EP3205935B1_F0002.tif,F23N
EP3206825B1,F0003,/home/safe/Desktop/yassine/Vectorization/data/PatentData/ReorganisedData/EP3206825B1/EP3206825B1_F0003.tif,B23K
EP3206934B1,F0003,/home/safe/Desktop/yassine/Vectorization/data/PatentData/ReorganisedData/EP3206934B1/EP3206934B1_F0003.tif,B62B
EP3206962B1,F0001,/home/safe/Desktop/yassine/Vectorization/data/PatentData/ReorganisedData/EP3206962B1/EP3206962B1_F0001.tif,B65D
EP3207279B1,F0001,/home/safe/Desktop/yassine/Vectorization/data/PatentData/ReorganisedData/EP3207279B1/EP3207279B1_F0001.tif,F16F
EP3207293B1,F0001,/home/safe/Desktop/yassine/Vectorization/data/PatentData/ReorganisedData/EP3207293B1/EP3207293B1_F0001.tif,F16K
EP3207308B1,F0001,/home/safe/Desktop/yassine/Vectorization/data/PatentData/ReorganisedData/EP3207308B1/EP3207308B1_F0001.tif,F21V
EP3207983B1,F0001,/home/safe/Desktop/yassine/Vectorization/data/PatentData/ReorganisedData/EP3207983B1/EP3207983B1_F0001.tif,B01J
EP3207984B1,F0001,/home/safe/Desktop/yassine/Vectorization/data/PatentData/ReorganisedData/EP3207984B1/EP3207984B1_F0001.tif,B01J
EP3208014B1,F0002,/home/safe/Desktop/yassine/Vectorization/data/PatentData/ReorganisedData/EP3208014B1/EP3208014B1_F0002.tif,B22D
EP3208112B1,F0001,/home/safe/Desktop/yassine/Vectorization/data/PatentData/ReorganisedData/EP3208112B1/EP3208112B1_F0001.tif,B60C
EP3208190B1,F0001,/home/safe/Desktop/yassine/Vectorization/data/PatentData/ReorganisedData/EP3208190B1/EP3208190B1_F0001.tif,B64C
EP3208480B1,F0002,/home/safe/Desktop/yassine/Vectorization/data/PatentData/ReorganisedData/EP3208480B1/EP3208480B1_F0002.tif,F16D
EP3208491B1,F0001,/home/safe/Desktop/yassine/Vectorization/data/PatentData/ReorganisedData/EP3208491B1/EP3208491B1_F0001.tif,F16F
EP3208547B1,F0001,/home/safe/Desktop/yassine/Vectorization/data/PatentData/ReorganisedData/EP3208547B1/EP3208547B1_F0001.tif,F24F
EP3209516B1,F0002,/home/safe/Desktop/yassine/Vectorization/data/PatentData/ReorganisedData/EP3209516B1/EP3209516B1_F0002.tif,B60L
EP3209937B1,F0001,/home/safe/Desktop/yassine/Vectorization/data/PatentData/ReorganisedData/EP3209937B1/EP3209937B1_F0001.tif,F22D
EP3209959B1,F0001,/home/safe/Desktop/yassine/Vectorization/data/PatentData/ReorganisedData/EP3209959B1/EP3209959B1_F0001.tif,F25D
EP3210764B1,F0001,/home/safe/Desktop/yassine/Vectorization/data/PatentData/ReorganisedData/EP3210764B1/EP3210764B1_F0001.tif,B29C
EP3210853B1,F0001,/home/safe/Desktop/yassine/Vectorization/data/PatentData/ReorganisedData/EP3210853B1/EP3210853B1_F0001.tif,B62D
EP3210904B1,F0001,/home/safe/Desktop/yassine/Vectorization/data/PatentData/ReorganisedData/EP3210904B1/EP3210904B1_F0001.tif,B65D
EP3211210B1,F0001,/home/safe/Desktop/yassine/Vectorization/data/PatentData/ReorganisedData/EP3211210B1/EP3211210B1_F0001.tif,F02M
EP3211237B1,F0001,/home/safe/Desktop/yassine/Vectorization/data/PatentData/ReorganisedData/EP3211237B1/EP3211237B1_F0001.tif,F04C
EP3211256B1,F0001,/home/safe/Desktop/yassine/Vectorization/data/PatentData/ReorganisedData/EP3211256B1/EP3211256B1_F0001.tif,F16C
EP3211307B1,F0001,/home/safe/Desktop/yassine/Vectorization/data/PatentData/ReorganisedData/EP3211307B1/EP3211307B1_F0001.tif,F23M
EP3211308B1,F0001,/home/safe/Desktop/yassine/Vectorization/data/PatentData/ReorganisedData/EP3211308B1/EP3211308B1_F0001.tif,F23N
EP3211357B1,F0001,/home/safe/Desktop/yassine/Vectorization/data/PatentData/ReorganisedData/EP3211357B1/EP3211357B1_F0001.tif,F28D
EP3212300B1,F0003,/home/safe/Desktop/yassine/Vectorization/data/PatentData/ReorganisedData/EP3212300B1/EP3212300B1_F0003.tif,B01D
EP3212449B1,F0001,/home/safe/Desktop/yassine/Vectorization/data/PatentData/ReorganisedData/EP3212449B1/EP3212449B1_F0001.tif,B60K
EP3212471B1,F0001,/home/safe/Desktop/yassine/Vectorization/data/PatentData/ReorganisedData/EP3212471B1/EP3212471B1_F0001.tif,B60R
EP3212519B1,F0001,/home/safe/Desktop/yassine/Vectorization/data/PatentData/ReorganisedData/EP3212519B1/EP3212519B1_F0001.tif,B65D
EP3212946B1,F0007,/home/safe/Desktop/yassine/Vectorization/data/PatentData/ReorganisedData/EP3212946B1/EP3212946B1_F0007.tif,F16B
EP3213852B1,F0001,/home/safe/Desktop/yassine/Vectorization/data/PatentData/ReorganisedData/EP3213852B1/EP3213852B1_F0001.tif,B23K
EP3213868B1,F0001,/home/safe/Desktop/yassine/Vectorization/data/PatentData/ReorganisedData/EP3213868B1/EP3213868B1_F0001.tif,B24B
EP3213966B1,F0001,/home/safe/Desktop/yassine/Vectorization/data/PatentData/ReorganisedData/EP3213966B1/EP3213966B1_F0001.tif,B60R
EP3214001B1,F0001,/home/safe/Desktop/yassine/Vectorization/data/PatentData/ReorganisedData/EP3214001B1/EP3214001B1_F0001.tif,B65B
EP3214030B1,F0001,/home/safe/Desktop/yassine/Vectorization/data/PatentData/ReorganisedData/EP3214030B1/EP3214030B1_F0001.tif,B65H
EP3214037B1,F0001,/home/safe/Desktop/yassine/Vectorization/data/PatentData/ReorganisedData/EP3214037B1/EP3214037B1_F0001.tif,B81C
EP3214301B1,F0001,/home/safe/Desktop/yassine/Vectorization/data/PatentData/ReorganisedData/EP3214301B1/EP3214301B1_F0001.tif,F03B
EP3214366B1,F0001,/home/safe/Desktop/yassine/Vectorization/data/PatentData/ReorganisedData/EP3214366B1/EP3214366B1_F0001.tif,F21V
EP3214374B1,F0001,/home/safe/Desktop/yassine/Vectorization/data/PatentData/ReorganisedData/EP3214374B1/EP3214374B1_F0001.tif,F23R
EP3215273B1,F0001,/home/safe/Desktop/yassine/Vectorization/data/PatentData/ReorganisedData/EP3215273B1/EP3215273B1_F0001.tif,B02C
EP3215734B1,F0001,/home/safe/Desktop/yassine/Vectorization/data/PatentData/ReorganisedData/EP3215734B1/EP3215734B1_F0001.tif,F03D
EP3215789B1,F0001,/home/safe/Desktop/yassine/Vectorization/data/PatentData/ReorganisedData/EP3215789B1/EP3215789B1_F0001.tif,F21S
EP3216568B1,F0001,/home/safe/Desktop/yassine/Vectorization/data/PatentData/ReorganisedData/EP3216568B1/EP3216568B1_F0001.tif,B25G
EP3216601B1,F0002,/home/safe/Desktop/yassine/Vectorization/data/PatentData/ReorganisedData/EP3216601B1/EP3216601B1_F0002.tif,B32B
EP3216668B1,F0001,/home/safe/Desktop/yassine/Vectorization/data/PatentData/ReorganisedData/EP3216668B1/EP3216668B1_F0001.tif,B61B
EP3216695B1,F0001,/home/safe/Desktop/yassine/Vectorization/data/PatentData/ReorganisedData/EP3216695B1/EP3216695B1_F0001.tif,B64C
EP3216733B1,F0001,/home/safe/Desktop/yassine/Vectorization/data/PatentData/ReorganisedData/EP3216733B1/EP3216733B1_F0001.tif,B65H
EP3217025B1,F0004,/home/safe/Desktop/yassine/Vectorization/data/PatentData/ReorganisedData/EP3217025B1/EP3217025B1_F0004.tif,F16B
EP3217069B1,F0001,/home/safe/Desktop/yassine/Vectorization/data/PatentData/ReorganisedData/EP3217069B1/EP3217069B1_F0001.tif,F21S
EP3218287B1,F0001,/home/safe/Desktop/yassine/Vectorization/data/PatentData/ReorganisedData/EP3218287B1/EP3218287B1_F0001.tif,B65D
EP3218654B1,F0010,/home/safe/Desktop/yassine/Vectorization/data/PatentData/ReorganisedData/EP3218654B1/EP3218654B1_F0010.tif,F24H
EP3219394B1,F0001,/home/safe/Desktop/yassine/Vectorization/data/PatentData/ReorganisedData/EP3219394B1/EP3219394B1_F0001.tif,B05B
EP3219407B1,F0001,/home/safe/Desktop/yassine/Vectorization/data/PatentData/ReorganisedData/EP3219407B1/EP3219407B1_F0001.tif,B22C
EP3219546B1,F0001,/home/safe/Desktop/yassine/Vectorization/data/PatentData/ReorganisedData/EP3219546B1/EP3219546B1_F0001.tif,B62J
EP3219577B1,F0002,/home/safe/Desktop/yassine/Vectorization/data/PatentData/ReorganisedData/EP3219577B1/EP3219577B1_F0002.tif,B62D
EP3219622B1,F0003,/home/safe/Desktop/yassine/Vectorization/data/PatentData/ReorganisedData/EP3219622B1/EP3219622B1_F0003.tif,B64D
EP3219623B1,F0001,/home/safe/Desktop/yassine/Vectorization/data/PatentData/ReorganisedData/EP3219623B1/EP3219623B1_F0001.tif,B64D
EP3219657B1,F0001,/home/safe/Desktop/yassine/Vectorization/data/PatentData/ReorganisedData/EP3219657B1/EP3219657B1_F0001.tif,B66C
EP3220049B1,F0001,/home/safe/Desktop/yassine/Vectorization/data/PatentData/ReorganisedData/EP3220049B1/EP3220049B1_F0001.tif,F23R
EP3221178B1,F0001,/home/safe/Desktop/yassine/Vectorization/data/PatentData/ReorganisedData/EP3221178B1/EP3221178B1_F0001.tif,B60L
EP3221199B1,F0002,/home/safe/Desktop/yassine/Vectorization/data/PatentData/ReorganisedData/EP3221199B1/EP3221199B1_F0002.tif,B61B
EP3221577B1,F0001,/home/safe/Desktop/yassine/Vectorization/data/PatentData/ReorganisedData/EP3221577B1/EP3221577B1_F0001.tif,F02M
EP3222431B1,F0001,/home/safe/Desktop/yassine/Vectorization/data/PatentData/ReorganisedData/EP3222431B1/EP3222431B1_F0001.tif,B41J
EP3222441B1,F0002,/home/safe/Desktop/yassine/Vectorization/data/PatentData/ReorganisedData/EP3222441B1/EP3222441B1_F0002.tif,B60C
EP3222506B1,F0003,/home/safe/Desktop/yassine/Vectorization/data/PatentData/ReorganisedData/EP3222506B1/EP3222506B1_F0003.tif,B62K
EP3222550B1,F0001,/home/safe/Desktop/yassine/Vectorization/data/PatentData/ReorganisedData/EP3222550B1/EP3222550B1_F0001.tif,B65D
EP3222578B1,F0002,/home/safe/Desktop/yassine/Vectorization/data/PatentData/ReorganisedData/EP3222578B1/EP3222578B1_F0002.tif,B66F
EP3222844B1,F0001,/home/safe/Desktop/yassine/Vectorization/data/PatentData/ReorganisedData/EP3222844B1/EP3222844B1_F0001.tif,F02M
EP3222862B1,F0002,/home/safe/Desktop/yassine/Vectorization/data/PatentData/ReorganisedData/EP3222862B1/EP3222862B1_F0002.tif,F16C
EP3222867B1,F0001,/home/safe/Desktop/yassine/Vectorization/data/PatentData/ReorganisedData/EP3222867B1/EP3222867B1_F0001.tif,F16D
EP3222870B1,F0003,/home/safe/Desktop/yassine/Vectorization/data/PatentData/ReorganisedData/EP3222870B1/EP3222870B1_F0003.tif,F16D
EP3222934B1,F0012,/home/safe/Desktop/yassine/Vectorization/data/PatentData/ReorganisedData/EP3222934B1/EP3222934B1_F0012.tif,F25B
EP3224119B1,F0001,/home/safe/Desktop/yassine/Vectorization/data/PatentData/ReorganisedData/EP3224119B1/EP3224119B1_F0001.tif,B62D
EP3224122B1,F0001,/home/safe/Desktop/yassine/Vectorization/data/PatentData/ReorganisedData/EP3224122B1/EP3224122B1_F0001.tif,B62D
EP3224550B1,F0001,/home/safe/Desktop/yassine/Vectorization/data/PatentData/ReorganisedData/EP3224550B1/EP3224550B1_F0001.tif,F24S
EP3225353B1,F0001,/home/safe/Desktop/yassine/Vectorization/data/PatentData/ReorganisedData/EP3225353B1/EP3225353B1_F0001.tif,B23K
EP3225362B1,F0001,/home/safe/Desktop/yassine/Vectorization/data/PatentData/ReorganisedData/EP3225362B1/EP3225362B1_F0001.tif,B25F
EP3225581B1,F0001,/home/safe/Desktop/yassine/Vectorization/data/PatentData/ReorganisedData/EP3225581B1/EP3225581B1_F0001.tif,B66B
EP3225787B1,F0002,/home/safe/Desktop/yassine/Vectorization/data/PatentData/ReorganisedData/EP3225787B1/EP3225787B1_F0002.tif,F01D
EP3225878B1,F0001,/home/safe/Desktop/yassine/Vectorization/data/PatentData/ReorganisedData/EP3225878B1/EP3225878B1_F0001.tif,F16F
EP3225917B1,F0003,/home/safe/Desktop/yassine/Vectorization/data/PatentData/ReorganisedData/EP3225917B1/EP3225917B1_F0003.tif,F23R
EP3227164B1,F0001,/home/safe/Desktop/yassine/Vectorization/data/PatentData/ReorganisedData/EP3227164B1/EP3227164B1_F0001.tif,B62D
EP3227175B1,F0001,/home/safe/Desktop/yassine/Vectorization/data/PatentData/ReorganisedData/EP3227175B1/EP3227175B1_F0001.tif,B63B
EP3227180B1,F0001,/home/safe/Desktop/yassine/Vectorization/data/PatentData/ReorganisedData/EP3227180B1/EP3227180B1_F0001.tif,B64C
EP3227543B1,F0003,/home/safe/Desktop/yassine/Vectorization/data/PatentData/ReorganisedData/EP3227543B1/EP3227543B1_F0003.tif,F02D
EP3227581B1,F0001,/home/safe/Desktop/yassine/Vectorization/data/PatentData/ReorganisedData/EP3227581B1/EP3227581B1_F0001.tif,F16G
EP3228412B1,F0003,/home/safe/Desktop/yassine/Vectorization/data/PatentData/ReorganisedData/EP3228412B1/EP3228412B1_F0003.tif,B23K
EP3228533B1,F0001,/home/safe/Desktop/yassine/Vectorization/data/PatentData/ReorganisedData/EP3228533B1/EP3228533B1_F0001.tif,B64C
EP3228563B1,F0001,/home/safe/Desktop/yassine/Vectorization/data/PatentData/ReorganisedData/EP3228563B1/EP3228563B1_F0001.tif,B65G
EP3228571B1,F0003,/home/safe/Desktop/yassine/Vectorization/data/PatentData/ReorganisedData/EP3228571B1/EP3228571B1_F0003.tif,B66B
EP3228940B1,F0002,/home/safe/Desktop/yassine/Vectorization/data/PatentData/ReorganisedData/EP3228940B1/EP3228940B1_F0002.tif,F24C
EP3228949B1,F0001,/home/safe/Desktop/yassine/Vectorization/data/PatentData/ReorganisedData/EP3228949B1/EP3228949B1_F0001.tif,F24H
EP3228950B1,F0001,/home/safe/Desktop/yassine/Vectorization/data/PatentData/ReorganisedData/EP3228950B1/EP3228950B1_F0001.tif,F24H
EP3229972B1,F0002,/home/safe/Desktop/yassine/Vectorization/data/PatentData/ReorganisedData/EP3229972B1/EP3229972B1_F0002.tif,B05B
EP3230050B1,F0013,/home/safe/Desktop/yassine/Vectorization/data/PatentData/ReorganisedData/EP3230050B1/EP3230050B1_F0013.tif,B41M
EP3230150B1,F0001,/home/safe/Desktop/yassine/Vectorization/data/PatentData/ReorganisedData/EP3230150B1/EP3230150B1_F0001.tif,B62B
EP3230154B1,F0001,/home/safe/Desktop/yassine/Vectorization/data/PatentData/ReorganisedData/EP3230154B1/EP3230154B1_F0001.tif,B62J
EP3230156B1,F0001,/home/safe/Desktop/yassine/Vectorization/data/PatentData/ReorganisedData/EP3230156B1/EP3230156B1_F0001.tif,B62M
EP3230170B1,F0001,/home/safe/Desktop/yassine/Vectorization/data/PatentData/ReorganisedData/EP3230170B1/EP3230170B1_F0001.tif,B65B
EP3230196B1,F0004,/home/safe/Desktop/yassine/Vectorization/data/PatentData/ReorganisedData/EP3230196B1/EP3230196B1_F0004.tif,B66F
EP3230639B1,F0001,/home/safe/Desktop/yassine/Vectorization/data/PatentData/ReorganisedData/EP3230639B1/EP3230639B1_F0001.tif,F16L
EP3231497B1,F0002,/home/safe/Desktop/yassine/Vectorization/data/PatentData/ReorganisedData/EP3231497B1/EP3231497B1_F0002.tif,B01D
EP3231554B1,F0001,/home/safe/Desktop/yassine/Vectorization/data/PatentData/ReorganisedData/EP3231554B1/EP3231554B1_F0001.tif,B23Q
EP3231602B1,F0002,/home/safe/Desktop/yassine/Vectorization/data/PatentData/ReorganisedData/EP3231602B1/EP3231602B1_F0002.tif,B32B
EP3231707B1,F0001,/home/safe/Desktop/yassine/Vectorization/data/PatentData/ReorganisedData/EP3231707B1/EP3231707B1_F0001.tif,B64D
EP3231710B1,F0002,/home/safe/Desktop/yassine/Vectorization/data/PatentData/ReorganisedData/EP3231710B1/EP3231710B1_F0002.tif,B64D
EP3231711B1,F0002,/home/safe/Desktop/yassine/Vectorization/data/PatentData/ReorganisedData/EP3231711B1/EP3231711B1_F0002.tif,B64D
EP3231728B1,F0001,/home/safe/Desktop/yassine/Vectorization/data/PatentData/ReorganisedData/EP3231728B1/EP3231728B1_F0001.tif,B65D
EP3231756B1,F0001,/home/safe/Desktop/yassine/Vectorization/data/PatentData/ReorganisedData/EP3231756B1/EP3231756B1_F0001.tif,B66B
EP3232010B1,F0001,/home/safe/Desktop/yassine/Vectorization/data/PatentData/ReorganisedData/EP3232010B1/EP3232010B1_F0001.tif,F01D
EP3232125B1,F0001,/home/safe/Desktop/yassine/Vectorization/data/PatentData/ReorganisedData/EP3232125B1/EP3232125B1_F0001.tif,F23M
EP3232177B1,F0002,/home/safe/Desktop/yassine/Vectorization/data/PatentData/ReorganisedData/EP3232177B1/EP3232177B1_F0002.tif,B66B
EP3233249B1,F0002,/home/safe/Desktop/yassine/Vectorization/data/PatentData/ReorganisedData/EP3233249B1/EP3233249B1_F0002.tif,B01D
EP3233375B1,F0001,/home/safe/Desktop/yassine/Vectorization/data/PatentData/ReorganisedData/EP3233375B1/EP3233375B1_F0001.tif,B25B
EP3233628B1,F0001,/home/safe/Desktop/yassine/Vectorization/data/PatentData/ReorganisedData/EP3233628B1/EP3233628B1_F0001.tif,B64C
EP3233641B1,F0001,/home/safe/Desktop/yassine/Vectorization/data/PatentData/ReorganisedData/EP3233641B1/EP3233641B1_F0001.tif,B65B
EP3233671B1,F0005,/home/safe/Desktop/yassine/Vectorization/data/PatentData/ReorganisedData/EP3233671B1/EP3233671B1_F0005.tif,B65D
EP3234344B1,F0001,/home/safe/Desktop/yassine/Vectorization/data/PatentData/ReorganisedData/EP3234344B1/EP3234344B1_F0001.tif,F02M
EP3234417B1,F0001,/home/safe/Desktop/yassine/Vectorization/data/PatentData/ReorganisedData/EP3234417B1/EP3234417B1_F0001.tif,F16J
EP3234426B1,F0001,/home/safe/Desktop/yassine/Vectorization/data/PatentData/ReorganisedData/EP3234426B1/EP3234426B1_F0001.tif,F16K
EP3234444B1,F0002,/home/safe/Desktop/yassine/Vectorization/data/PatentData/ReorganisedData/EP3234444B1/EP3234444B1_F0002.tif,F17C
EP3235573B1,F0002,/home/safe/Desktop/yassine/Vectorization/data/PatentData/ReorganisedData/EP3235573B1/EP3235573B1_F0002.tif,B05B
EP3235590B1,F0001,/home/safe/Desktop/yassine/Vectorization/data/PatentData/ReorganisedData/EP3235590B1/EP3235590B1_F0001.tif,B23P
EP3235602B1,F0001,/home/safe/Desktop/yassine/Vectorization/data/PatentData/ReorganisedData/EP3235602B1/EP3235602B1_F0001.tif,B25F
EP3235604B1,F0001,/home/safe/Desktop/yassine/Vectorization/data/PatentData/ReorganisedData/EP3235604B1/EP3235604B1_F0001.tif,B25G
EP3235679B1,F0001,/home/safe/Desktop/yassine/Vectorization/data/PatentData/ReorganisedData/EP3235679B1/EP3235679B1_F0001.tif,B60N
EP3235707B1,F0006,/home/safe/Desktop/yassine/Vectorization/data/PatentData/ReorganisedData/EP3235707B1/EP3235707B1_F0006.tif,B62D
EP3235724B1,F0003,/home/safe/Desktop/yassine/Vectorization/data/PatentData/ReorganisedData/EP3235724B1/EP3235724B1_F0003.tif,B64D
EP3235732B1,F0001,/home/safe/Desktop/yassine/Vectorization/data/PatentData/ReorganisedData/EP3235732B1/EP3235732B1_F0001.tif,B64D
EP3236034B1,F0001,/home/safe/Desktop/yassine/Vectorization/data/PatentData/ReorganisedData/EP3236034B1/EP3236034B1_F0001.tif,F01N
EP3236056B1,F0001,/home/safe/Desktop/yassine/Vectorization/data/PatentData/ReorganisedData/EP3236056B1/EP3236056B1_F0001.tif,F02K
EP3236109B1,F0001,/home/safe/Desktop/yassine/Vectorization/data/PatentData/ReorganisedData/EP3236109B1/EP3236109B1_F0001.tif,F16H
EP3237105B1,F0001,/home/safe/Desktop/yassine/Vectorization/data/PatentData/ReorganisedData/EP3237105B1/EP3237105B1_F0001.tif,B01J
EP3237266B1,F0001,/home/safe/Desktop/yassine/Vectorization/data/PatentData/ReorganisedData/EP3237266B1/EP3237266B1_F0001.tif,B61L
EP3237268B1,F0001,/home/safe/Desktop/yassine/Vectorization/data/PatentData/ReorganisedData/EP3237268B1/EP3237268B1_F0001.tif,B62D
EP3237276B1,F0001,/home/safe/Desktop/yassine/Vectorization/data/PatentData/ReorganisedData/EP3237276B1/EP3237276B1_F0001.tif,B63B
EP3237800B1,F0001,/home/safe/Desktop/yassine/Vectorization/data/PatentData/ReorganisedData/EP3237800B1/EP3237800B1_F0001.tif,F21V
EP3237832B1,F0001,/home/safe/Desktop/yassine/Vectorization/data/PatentData/ReorganisedData/EP3237832B1/EP3237832B1_F0001.tif,F42B
EP3238826B1,F0001,/home/safe/Desktop/yassine/Vectorization/data/PatentData/ReorganisedData/EP3238826B1/EP3238826B1_F0001.tif,B02C
EP3238844B1,F0002,/home/safe/Desktop/yassine/Vectorization/data/PatentData/ReorganisedData/EP3238844B1/EP3238844B1_F0002.tif,B21B
EP3238856B1,F0001,/home/safe/Desktop/yassine/Vectorization/data/PatentData/ReorganisedData/EP3238856B1/EP3238856B1_F0001.tif,B22D
EP3239024B1,F0002,/home/safe/Desktop/yassine/Vectorization/data/PatentData/ReorganisedData/EP3239024B1/EP3239024B1_F0002.tif,B62D
EP3239026B1,F0001,/home/safe/Desktop/yassine/Vectorization/data/PatentData/ReorganisedData/EP3239026B1/EP3239026B1_F0001.tif,B62H
EP3239027B1,F0001,/home/safe/Desktop/yassine/Vectorization/data/PatentData/ReorganisedData/EP3239027B1/EP3239027B1_F0001.tif,B62K
EP3239036B1,F0001,/home/safe/Desktop/yassine/Vectorization/data/PatentData/ReorganisedData/EP3239036B1/EP3239036B1_F0001.tif,B63B
EP3239092B1,F0001,/home/safe/Desktop/yassine/Vectorization/data/PatentData/ReorganisedData/EP3239092B1/EP3239092B1_F0001.tif,B66C
EP3239463B1,F0001,/home/safe/Desktop/yassine/Vectorization/data/PatentData/ReorganisedData/EP3239463B1/EP3239463B1_F0001.tif,F01D
EP3239464B1,F0001,/home/safe/Desktop/yassine/Vectorization/data/PatentData/ReorganisedData/EP3239464B1/EP3239464B1_F0001.tif,F01D
EP3239465B1,F0001,/home/safe/Desktop/yassine/Vectorization/data/PatentData/ReorganisedData/EP3239465B1/EP3239465B1_F0001.tif,F01D
EP3239476B1,F0001,/home/safe/Desktop/yassine/Vectorization/data/PatentData/ReorganisedData/EP3239476B1/EP3239476B1_F0001.tif,F01D
EP3239581B1,F0001,/home/safe/Desktop/yassine/Vectorization/data/PatentData/ReorganisedData/EP3239581B1/EP3239581B1_F0001.tif,F16L
EP3239622B1,F0001,/home/safe/Desktop/yassine/Vectorization/data/PatentData/ReorganisedData/EP3239622B1/EP3239622B1_F0001.tif,F24F
EP3240662B1,F0001,/home/safe/Desktop/yassine/Vectorization/data/PatentData/ReorganisedData/EP3240662B1/EP3240662B1_F0001.tif,B29B
EP3240718B1,F0001,/home/safe/Desktop/yassine/Vectorization/data/PatentData/ReorganisedData/EP3240718B1/EP3240718B1_F0001.tif,B61L
EP3241674B1,F0001,/home/safe/Desktop/yassine/Vectorization/data/PatentData/ReorganisedData/EP3241674B1/EP3241674B1_F0001.tif,B32B
EP3241757B1,F0001,/home/safe/Desktop/yassine/Vectorization/data/PatentData/ReorganisedData/EP3241757B1/EP3241757B1_F0001.tif,B64D
EP3241791B1,F0001,/home/safe/Desktop/yassine/Vectorization/data/PatentData/ReorganisedData/EP3241791B1/EP3241791B1_F0001.tif,B65H
EP3241998B1,F0004,/home/safe/Desktop/yassine/Vectorization/data/PatentData/ReorganisedData/EP3241998B1/EP3241998B1_F0004.tif,F01D
EP3242055B1,F0001,/home/safe/Desktop/yassine/Vectorization/data/PatentData/ReorganisedData/EP3242055B1/EP3242055B1_F0001.tif,F16F
EP3242066B1,F0001,/home/safe/Desktop/yassine/Vectorization/data/PatentData/ReorganisedData/EP3242066B1/EP3242066B1_F0001.tif,F16L
EP3242100B1,F0001,/home/safe/Desktop/yassine/Vectorization/data/PatentData/ReorganisedData/EP3242100B1/EP3242100B1_F0001.tif,F26B
EP3243672B1,F0003,/home/safe/Desktop/yassine/Vectorization/data/PatentData/ReorganisedData/EP3243672B1/EP3243672B1_F0003.tif,B60C
EP3243673B1,F0002,/home/safe/Desktop/yassine/Vectorization/data/PatentData/ReorganisedData/EP3243673B1/EP3243673B1_F0002.tif,B60C
EP3243754B1,F0001,/home/safe/Desktop/yassine/Vectorization/data/PatentData/ReorganisedData/EP3243754B1/EP3243754B1_F0001.tif,B64D
EP3243759B1,F0002,/home/safe/Desktop/yassine/Vectorization/data/PatentData/ReorganisedData/EP3243759B1/EP3243759B1_F0002.tif,B65D
EP3244123B1,F0002,/home/safe/Desktop/yassine/Vectorization/data/PatentData/ReorganisedData/EP3244123B1/EP3244123B1_F0002.tif,F21K
EP3244150B1,F0001,/home/safe/Desktop/yassine/Vectorization/data/PatentData/ReorganisedData/EP3244150B1/EP3244150B1_F0001.tif,F26B
EP3245117B1,F0001,/home/safe/Desktop/yassine/Vectorization/data/PatentData/ReorganisedData/EP3245117B1/EP3245117B1_F0001.tif,B62D
EP3246129B1,F0001,/home/safe/Desktop/yassine/Vectorization/data/PatentData/ReorganisedData/EP3246129B1/EP3246129B1_F0001.tif,B25B
EP3246131B1,F0001,/home/safe/Desktop/yassine/Vectorization/data/PatentData/ReorganisedData/EP3246131B1/EP3246131B1_F0001.tif,B25F
EP3246140B1,F0003,/home/safe/Desktop/yassine/Vectorization/data/PatentData/ReorganisedData/EP3246140B1/EP3246140B1_F0003.tif,B26F
EP3246180B1,F0001,/home/safe/Desktop/yassine/Vectorization/data/PatentData/ReorganisedData/EP3246180B1/EP3246180B1_F0001.tif,B60C
EP3246542B1,F0001,/home/safe/Desktop/yassine/Vectorization/data/PatentData/ReorganisedData/EP3246542B1/EP3246542B1_F0001.tif,F02B
EP3246605B1,F0001,/home/safe/Desktop/yassine/Vectorization/data/PatentData/ReorganisedData/EP3246605B1/EP3246605B1_F0001.tif,F16K
EP3247506B1,F0001,/home/safe/Desktop/yassine/Vectorization/data/PatentData/ReorganisedData/EP3247506B1/EP3247506B1_F0001.tif,B29B
EP3247632B1,F0001,/home/safe/Desktop/yassine/Vectorization/data/PatentData/ReorganisedData/EP3247632B1/EP3247632B1_F0001.tif,B64D
EP3247890B1,F0004,/home/safe/Desktop/yassine/Vectorization/data/PatentData/ReorganisedData/EP3247890B1/EP3247890B1_F0004.tif,F01N
EP3249238B1,F0001,/home/safe/Desktop/yassine/Vectorization/data/PatentData/ReorganisedData/EP3249238B1/EP3249238B1_F0001.tif,F04D
EP3249260B1,F0001,/home/safe/Desktop/yassine/Vectorization/data/PatentData/ReorganisedData/EP3249260B1/EP3249260B1_F0001.tif,F16H
EP3249309B1,F0002,/home/safe/Desktop/yassine/Vectorization/data/PatentData/ReorganisedData/EP3249309B1/EP3249309B1_F0002.tif,F24F
EP3249326B1,F0001,/home/safe/Desktop/yassine/Vectorization/data/PatentData/ReorganisedData/EP3249326B1/EP3249326B1_F0001.tif,F26B
EP3249327B1,F0002,/home/safe/Desktop/yassine/Vectorization/data/PatentData/ReorganisedData/EP3249327B1/EP3249327B1_F0002.tif,F26B
EP3250764B1,F0003,/home/safe/Desktop/yassine/Vectorization/data/PatentData/ReorganisedData/EP3250764B1/EP3250764B1_F0003.tif,B01D
EP3250808B1,F0001,/home/safe/Desktop/yassine/Vectorization/data/PatentData/ReorganisedData/EP3250808B1/EP3250808B1_F0001.tif,F02K
EP3250841B1,F0001,/home/safe/Desktop/yassine/Vectorization/data/PatentData/ReorganisedData/EP3250841B1/EP3250841B1_F0001.tif,F16H
EP3250872B1,F0001,/home/safe/Desktop/yassine/Vectorization/data/PatentData/ReorganisedData/EP3250872B1/EP3250872B1_F0001.tif,F28F
EP3251735B1,F0004,/home/safe/Desktop/yassine/Vectorization/data/PatentData/ReorganisedData/EP3251735B1/EP3251735B1_F0004.tif,B01J
EP3251751B1,F0001,/home/safe/Desktop/yassine/Vectorization/data/PatentData/ReorganisedData/EP3251751B1/EP3251751B1_F0001.tif,B02C
EP3251823B1,F0001,/home/safe/Desktop/yassine/Vectorization/data/PatentData/ReorganisedData/EP3251823B1/EP3251823B1_F0001.tif,B31D
EP3252272B1,F0001,/home/safe/Desktop/yassine/Vectorization/data/PatentData/ReorganisedData/EP3252272B1/EP3252272B1_F0001.tif,F01D
EP3252282B1,F0001,/home/safe/Desktop/yassine/Vectorization/data/PatentData/ReorganisedData/EP3252282B1/EP3252282B1_F0001.tif,F01N
EP3252299B1,F0001,/home/safe/Desktop/yassine/Vectorization/data/PatentData/ReorganisedData/EP3252299B1/EP3252299B1_F0001.tif,F02M
EP3252388B1,F0002,/home/safe/Desktop/yassine/Vectorization/data/PatentData/ReorganisedData/EP3252388B1/EP3252388B1_F0002.tif,F24F
EP3253552B1,F0001,/home/safe/Desktop/yassine/Vectorization/data/PatentData/ReorganisedData/EP3253552B1/EP3253552B1_F0001.tif,B29C
EP3253599B1,F0001,/home/safe/Desktop/yassine/Vectorization/data/PatentData/ReorganisedData/EP3253599B1/EP3253599B1_F0001.tif,B60C
EP3253675B1,F0001,/home/safe/Desktop/yassine/Vectorization/data/PatentData/ReorganisedData/EP3253675B1/EP3253675B1_F0001.tif,B65D
EP3253691B1,F0001,/home/safe/Desktop/yassine/Vectorization/data/PatentData/ReorganisedData/EP3253691B1/EP3253691B1_F0001.tif,B65F
EP3253693B1,F0001,/home/safe/Desktop/yassine/Vectorization/data/PatentData/ReorganisedData/EP3253693B1/EP3253693B1_F0001.tif,B65G
EP3253699B1,F0001,/home/safe/Desktop/yassine/Vectorization/data/PatentData/ReorganisedData/EP3253699B1/EP3253699B1_F0001.tif,B65H
EP3254850B1,F0001,/home/safe/Desktop/yassine/Vectorization/data/PatentData/ReorganisedData/EP3254850B1/EP3254850B1_F0001.tif,B32B
EP3254931B1,F0001,/home/safe/Desktop/yassine/Vectorization/data/PatentData/ReorganisedData/EP3254931B1/EP3254931B1_F0001.tif,B62D
EP3256414B1,F0002,/home/safe/Desktop/yassine/Vectorization/data/PatentData/ReorganisedData/EP3256414B1/EP3256414B1_F0002.tif,B66C
EP3256776B1,F0002,/home/safe/Desktop/yassine/Vectorization/data/PatentData/ReorganisedData/EP3256776B1/EP3256776B1_F0002.tif,F21V
EP3257703B1,F0001,/home/safe/Desktop/yassine/Vectorization/data/PatentData/ReorganisedData/EP3257703B1/EP3257703B1_F0001.tif,B60N
EP3257760B1,F0002,/home/safe/Desktop/yassine/Vectorization/data/PatentData/ReorganisedData/EP3257760B1/EP3257760B1_F0002.tif,B65B
EP3257787B1,F0002,/home/safe/Desktop/yassine/Vectorization/data/PatentData/ReorganisedData/EP3257787B1/EP3257787B1_F0002.tif,B65D
EP3258080B1,F0001,/home/safe/Desktop/yassine/Vectorization/data/PatentData/ReorganisedData/EP3258080B1/EP3258080B1_F0001.tif,F02B
EP3258128B1,F0001,/home/safe/Desktop/yassine/Vectorization/data/PatentData/ReorganisedData/EP3258128B1/EP3258128B1_F0001.tif,F16C
EP3258130B1,F0001,/home/safe/Desktop/yassine/Vectorization/data/PatentData/ReorganisedData/EP3258130B1/EP3258130B1_F0001.tif,F16F
EP3258201B1,F0001,/home/safe/Desktop/yassine/Vectorization/data/PatentData/ReorganisedData/EP3258201B1/EP3258201B1_F0001.tif,F26B
EP3259095B1,F0001,/home/safe/Desktop/yassine/Vectorization/data/PatentData/ReorganisedData/EP3259095B1/EP3259095B1_F0001.tif,B23K
EP3259143B1,F0001,/home/safe/Desktop/yassine/Vectorization/data/PatentData/ReorganisedData/EP3259143B1/EP3259143B1_F0001.tif,B42D
EP3259180B1,F0001,/home/safe/Desktop/yassine/Vectorization/data/PatentData/ReorganisedData/EP3259180B1/EP3259180B1_F0001.tif,B63B
EP3259222B1,F0001,/home/safe/Desktop/yassine/Vectorization/data/PatentData/ReorganisedData/EP3259222B1/EP3259222B1_F0001.tif,B66C
EP3259449B1,F0001,/home/safe/Desktop/yassine/Vectorization/data/PatentData/ReorganisedData/EP3259449B1/EP3259449B1_F0001.tif,F01C
EP3259489B1,F0001,/home/safe/Desktop/yassine/Vectorization/data/PatentData/ReorganisedData/EP3259489B1/EP3259489B1_F0001.tif,F16F
EP3259512B1,F0001,/home/safe/Desktop/yassine/Vectorization/data/PatentData/ReorganisedData/EP3259512B1/EP3259512B1_F0001.tif,F16L
EP3259525B1,F0001,/home/safe/Desktop/yassine/Vectorization/data/PatentData/ReorganisedData/EP3259525B1/EP3259525B1_F0001.tif,F21V
EP3260256B1,F0001,/home/safe/Desktop/yassine/Vectorization/data/PatentData/ReorganisedData/EP3260256B1/EP3260256B1_F0001.tif,B26F
EP3260293B1,F0001,/home/safe/Desktop/yassine/Vectorization/data/PatentData/ReorganisedData/EP3260293B1/EP3260293B1_F0001.tif,B32B
EP3260325B1,F0001,/home/safe/Desktop/yassine/Vectorization/data/PatentData/ReorganisedData/EP3260325B1/EP3260325B1_F0001.tif,B60K
EP3260374B1,F0003,/home/safe/Desktop/yassine/Vectorization/data/PatentData/ReorganisedData/EP3260374B1/EP3260374B1_F0003.tif,B64D
EP3261877B1,F0002,/home/safe/Desktop/yassine/Vectorization/data/PatentData/ReorganisedData/EP3261877B1/EP3261877B1_F0002.tif,B29L
EP3261922B1,F0002,/home/safe/Desktop/yassine/Vectorization/data/PatentData/ReorganisedData/EP3261922B1/EP3261922B1_F0002.tif,B63J
EP3263247B1,F0002,/home/safe/Desktop/yassine/Vectorization/data/PatentData/ReorganisedData/EP3263247B1/EP3263247B1_F0002.tif,B22D
EP3263267B1,F0006,/home/safe/Desktop/yassine/Vectorization/data/PatentData/ReorganisedData/EP3263267B1/EP3263267B1_F0006.tif,B23K
EP3263288B1,F0001,/home/safe/Desktop/yassine/Vectorization/data/PatentData/ReorganisedData/EP3263288B1/EP3263288B1_F0001.tif,B25F
EP3263297B1,F0001,/home/safe/Desktop/yassine/Vectorization/data/PatentData/ReorganisedData/EP3263297B1/EP3263297B1_F0001.tif,B25J
EP3263429B1,F0001,/home/safe/Desktop/yassine/Vectorization/data/PatentData/ReorganisedData/EP3263429B1/EP3263429B1_F0001.tif,B62D
EP3263446B1,F0001,/home/safe/Desktop/yassine/Vectorization/data/PatentData/ReorganisedData/EP3263446B1/EP3263446B1_F0001.tif,B64C
EP3263840B1,F0001,/home/safe/Desktop/yassine/Vectorization/data/PatentData/ReorganisedData/EP3263840B1/EP3263840B1_F0001.tif,F01D
EP3263873B1,F0007,/home/safe/Desktop/yassine/Vectorization/data/PatentData/ReorganisedData/EP3263873B1/EP3263873B1_F0007.tif,F02D
EP3265220B1,F0001,/home/safe/Desktop/yassine/Vectorization/data/PatentData/ReorganisedData/EP3265220B1/EP3265220B1_F0001.tif,B01J
EP3265301B1,F0001,/home/safe/Desktop/yassine/Vectorization/data/PatentData/ReorganisedData/EP3265301B1/EP3265301B1_F0001.tif,B29D
EP3265369B1,F0001,/home/safe/Desktop/yassine/Vectorization/data/PatentData/ReorganisedData/EP3265369B1/EP3265369B1_F0001.tif,B62D
EP3265387B1,F0001,/home/safe/Desktop/yassine/Vectorization/data/PatentData/ReorganisedData/EP3265387B1/EP3265387B1_F0001.tif,B65B
EP3265420B1,F0001,/home/safe/Desktop/yassine/Vectorization/data/PatentData/ReorganisedData/EP3265420B1/EP3265420B1_F0001.tif,B67D
EP3266561B1,F0001,/home/safe/Desktop/yassine/Vectorization/data/PatentData/ReorganisedData/EP3266561B1/EP3266561B1_F0001.tif,B23K
EP3266640B1,F0001,/home/safe/Desktop/yassine/Vectorization/data/PatentData/ReorganisedData/EP3266640B1/EP3266640B1_F0001.tif,B60K
EP3266705B1,F0002,/home/safe/Desktop/yassine/Vectorization/data/PatentData/ReorganisedData/EP3266705B1/EP3266705B1_F0002.tif,B64D
EP3267031B1,F0001,/home/safe/Desktop/yassine/Vectorization/data/PatentData/ReorganisedData/EP3267031B1/EP3267031B1_F0001.tif,F03D
EP3267081B1,F0001,/home/safe/Desktop/yassine/Vectorization/data/PatentData/ReorganisedData/EP3267081B1/EP3267081B1_F0001.tif,F16K
EP3267121B1,F0001,/home/safe/Desktop/yassine/Vectorization/data/PatentData/ReorganisedData/EP3267121B1/EP3267121B1_F0001.tif,F24F
EP3268256B1,F0002,/home/safe/Desktop/yassine/Vectorization/data/PatentData/ReorganisedData/EP3268256B1/EP3268256B1_F0002.tif,B60W
EP3268589B1,F0003,/home/safe/Desktop/yassine/Vectorization/data/PatentData/ReorganisedData/EP3268589B1/EP3268589B1_F0003.tif,F01N
EP3269499B1,F0001,/home/safe/Desktop/yassine/Vectorization/data/PatentData/ReorganisedData/EP3269499B1/EP3269499B1_F0001.tif,B27C
EP3269534B1,F0002,/home/safe/Desktop/yassine/Vectorization/data/PatentData/ReorganisedData/EP3269534B1/EP3269534B1_F0002.tif,B29C
EP3269545B1,F0001,/home/safe/Desktop/yassine/Vectorization/data/PatentData/ReorganisedData/EP3269545B1/EP3269545B1_F0001.tif,B32B
EP3269644B1,F0001,/home/safe/Desktop/yassine/Vectorization/data/PatentData/ReorganisedData/EP3269644B1/EP3269644B1_F0001.tif,B64D
EP3269935B1,F0001,/home/safe/Desktop/yassine/Vectorization/data/PatentData/ReorganisedData/EP3269935B1/EP3269935B1_F0001.tif,F01D
EP3269963B1,F0005,/home/safe/Desktop/yassine/Vectorization/data/PatentData/ReorganisedData/EP3269963B1/EP3269963B1_F0005.tif,F02C
EP3269970B1,F0001,/home/safe/Desktop/yassine/Vectorization/data/PatentData/ReorganisedData/EP3269970B1/EP3269970B1_F0001.tif,F02D
EP3270003B1,F0001,/home/safe/Desktop/yassine/Vectorization/data/PatentData/ReorganisedData/EP3270003B1/EP3270003B1_F0001.tif,F16H
EP3270007B1,F0001,/home/safe/Desktop/yassine/Vectorization/data/PatentData/ReorganisedData/EP3270007B1/EP3270007B1_F0001.tif,F16H
EP3270073B1,F0001,/home/safe/Desktop/yassine/Vectorization/data/PatentData/ReorganisedData/EP3270073B1/EP3270073B1_F0001.tif,F24F
EP3271073B1,F0004,/home/safe/Desktop/yassine/Vectorization/data/PatentData/ReorganisedData/EP3271073B1/EP3271073B1_F0004.tif,B01L
EP3271076B1,F0001,/home/safe/Desktop/yassine/Vectorization/data/PatentData/ReorganisedData/EP3271076B1/EP3271076B1_F0001.tif,B02C
EP3271083B1,F0001,/home/safe/Desktop/yassine/Vectorization/data/PatentData/ReorganisedData/EP3271083B1/EP3271083B1_F0001.tif,B08B
EP3271099B1,F0001,/home/safe/Desktop/yassine/Vectorization/data/PatentData/ReorganisedData/EP3271099B1/EP3271099B1_F0001.tif,F01D
EP3271207B1,F0001,/home/safe/Desktop/yassine/Vectorization/data/PatentData/ReorganisedData/EP3271207B1/EP3271207B1_F0001.tif,B60K
EP3271277B1,F0004,/home/safe/Desktop/yassine/Vectorization/data/PatentData/ReorganisedData/EP3271277B1/EP3271277B1_F0004.tif,B65H
EP3271571B1,F0001,/home/safe/Desktop/yassine/Vectorization/data/PatentData/ReorganisedData/EP3271571B1/EP3271571B1_F0001.tif,F03B
EP3271624B1,F0001,/home/safe/Desktop/yassine/Vectorization/data/PatentData/ReorganisedData/EP3271624B1/EP3271624B1_F0001.tif,F16K
EP3272462B1,F0001,/home/safe/Desktop/yassine/Vectorization/data/PatentData/ReorganisedData/EP3272462B1/EP3272462B1_F0001.tif,B25B
EP3272496B1,F0001,/home/safe/Desktop/yassine/Vectorization/data/PatentData/ReorganisedData/EP3272496B1/EP3272496B1_F0001.tif,B29C
EP3272497B1,F0001,/home/safe/Desktop/yassine/Vectorization/data/PatentData/ReorganisedData/EP3272497B1/EP3272497B1_F0001.tif,B29C
EP3272500B1,F0001,/home/safe/Desktop/yassine/Vectorization/data/PatentData/ReorganisedData/EP3272500B1/EP3272500B1_F0001.tif,B29C
EP3272664B1,F0002,/home/safe/Desktop/yassine/Vectorization/data/PatentData/ReorganisedData/EP3272664B1/EP3272664B1_F0002.tif,B65D
EP3272682B1,F0001,/home/safe/Desktop/yassine/Vectorization/data/PatentData/ReorganisedData/EP3272682B1/EP3272682B1_F0001.tif,B65G
EP3273010B1,F0001,/home/safe/Desktop/yassine/Vectorization/data/PatentData/ReorganisedData/EP3273010B1/EP3273010B1_F0001.tif,F01D
EP3273089B1,F0001,/home/safe/Desktop/yassine/Vectorization/data/PatentData/ReorganisedData/EP3273089B1/EP3273089B1_F0001.tif,F16F
EP3274104B1,F0006,/home/safe/Desktop/yassine/Vectorization/data/PatentData/ReorganisedData/EP3274104B1/EP3274104B1_F0006.tif,B06B
EP3274116B1,F0001,/home/safe/Desktop/yassine/Vectorization/data/PatentData/ReorganisedData/EP3274116B1/EP3274116B1_F0001.tif,B23B
EP3274138B1,F0001,/home/safe/Desktop/yassine/Vectorization/data/PatentData/ReorganisedData/EP3274138B1/EP3274138B1_F0001.tif,B25J
EP3274158B1,F0001,/home/safe/Desktop/yassine/Vectorization/data/PatentData/ReorganisedData/EP3274158B1/EP3274158B1_F0001.tif,B29C
EP3274186B1,F0002,/home/safe/Desktop/yassine/Vectorization/data/PatentData/ReorganisedData/EP3274186B1/EP3274186B1_F0002.tif,B42D
EP3274245B1,F0001,/home/safe/Desktop/yassine/Vectorization/data/PatentData/ReorganisedData/EP3274245B1/EP3274245B1_F0001.tif,B62D
EP3274582B1,F0001,/home/safe/Desktop/yassine/Vectorization/data/PatentData/ReorganisedData/EP3274582B1/EP3274582B1_F0001.tif,F02M
EP3274627B1,F0001,/home/safe/Desktop/yassine/Vectorization/data/PatentData/ReorganisedData/EP3274627B1/EP3274627B1_F0001.tif,F21V
EP3275642B1,F0001,/home/safe/Desktop/yassine/Vectorization/data/PatentData/ReorganisedData/EP3275642B1/EP3275642B1_F0001.tif,B32B
EP3275647B1,F0001,/home/safe/Desktop/yassine/Vectorization/data/PatentData/ReorganisedData/EP3275647B1/EP3275647B1_F0001.tif,B42D
EP3275748B1,F0001,/home/safe/Desktop/yassine/Vectorization/data/PatentData/ReorganisedData/EP3275748B1/EP3275748B1_F0001.tif,B60T
EP3275776B1,F0001,/home/safe/Desktop/yassine/Vectorization/data/PatentData/ReorganisedData/EP3275776B1/EP3275776B1_F0001.tif,B63B
EP3275786B1,F0001,/home/safe/Desktop/yassine/Vectorization/data/PatentData/ReorganisedData/EP3275786B1/EP3275786B1_F0001.tif,B64D
EP3275833B1,F0001,/home/safe/Desktop/yassine/Vectorization/data/PatentData/ReorganisedData/EP3275833B1/EP3275833B1_F0001.tif,B66F
EP3276145B1,F0001,/home/safe/Desktop/yassine/Vectorization/data/PatentData/ReorganisedData/EP3276145B1/EP3276145B1_F0001.tif,F02C
EP3276155B1,F0001,/home/safe/Desktop/yassine/Vectorization/data/PatentData/ReorganisedData/EP3276155B1/EP3276155B1_F0001.tif,F02M
EP3276270B1,F0002,/home/safe/Desktop/yassine/Vectorization/data/PatentData/ReorganisedData/EP3276270B1/EP3276270B1_F0002.tif,F24F
EP3276317B1,F0001,/home/safe/Desktop/yassine/Vectorization/data/PatentData/ReorganisedData/EP3276317B1/EP3276317B1_F0001.tif,B62D
EP3277439B1,F0001,/home/safe/Desktop/yassine/Vectorization/data/PatentData/ReorganisedData/EP3277439B1/EP3277439B1_F0001.tif,B07C
EP3277445B1,F0001,/home/safe/Desktop/yassine/Vectorization/data/PatentData/ReorganisedData/EP3277445B1/EP3277445B1_F0001.tif,B21D
EP3277976B1,F0001,/home/safe/Desktop/yassine/Vectorization/data/PatentData/ReorganisedData/EP3277976B1/EP3277976B1_F0001.tif,F16F
EP3278865B1,F0001,/home/safe/Desktop/yassine/Vectorization/data/PatentData/ReorganisedData/EP3278865B1/EP3278865B1_F0001.tif,B01D
EP3278904B1,F0001,/home/safe/Desktop/yassine/Vectorization/data/PatentData/ReorganisedData/EP3278904B1/EP3278904B1_F0001.tif,B21K
EP3278951B1,F0001,/home/safe/Desktop/yassine/Vectorization/data/PatentData/ReorganisedData/EP3278951B1/EP3278951B1_F0001.tif,B29C
EP3279019B1,F0001,/home/safe/Desktop/yassine/Vectorization/data/PatentData/ReorganisedData/EP3279019B1/EP3279019B1_F0001.tif,B60H
EP3279065B1,F0001,/home/safe/Desktop/yassine/Vectorization/data/PatentData/ReorganisedData/EP3279065B1/EP3279065B1_F0001.tif,B62D
EP3279066B1,F0001,/home/safe/Desktop/yassine/Vectorization/data/PatentData/ReorganisedData/EP3279066B1/EP3279066B1_F0001.tif,B62J
EP3279096B1,F0001,/home/safe/Desktop/yassine/Vectorization/data/PatentData/ReorganisedData/EP3279096B1/EP3279096B1_F0001.tif,B65B
EP3279104B1,F0001,/home/safe/Desktop/yassine/Vectorization/data/PatentData/ReorganisedData/EP3279104B1/EP3279104B1_F0001.tif,B65D
EP3279451B1,F0002,/home/safe/Desktop/yassine/Vectorization/data/PatentData/ReorganisedData/EP3279451B1/EP3279451B1_F0002.tif,F02D
EP3279494B1,F0001,/home/safe/Desktop/yassine/Vectorization/data/PatentData/ReorganisedData/EP3279494B1/EP3279494B1_F0001.tif,F16D
EP3279499B1,F0001,/home/safe/Desktop/yassine/Vectorization/data/PatentData/ReorganisedData/EP3279499B1/EP3279499B1_F0001.tif,B60G
EP3279510B1,F0001,/home/safe/Desktop/yassine/Vectorization/data/PatentData/ReorganisedData/EP3279510B1/EP3279510B1_F0001.tif,F16H
EP3279553B1,F0001,/home/safe/Desktop/yassine/Vectorization/data/PatentData/ReorganisedData/EP3279553B1/EP3279553B1_F0001.tif,F21S
EP3279561B1,F0001,/home/safe/Desktop/yassine/Vectorization/data/PatentData/ReorganisedData/EP3279561B1/EP3279561B1_F0001.tif,F23C
EP3280570B1,F0001,/home/safe/Desktop/yassine/Vectorization/data/PatentData/ReorganisedData/EP3280570B1/EP3280570B1_F0001.tif,B26B
EP3280611B1,F0001,/home/safe/Desktop/yassine/Vectorization/data/PatentData/ReorganisedData/EP3280611B1/EP3280611B1_F0001.tif,B60N
EP3280673B1,F0001,/home/safe/Desktop/yassine/Vectorization/data/PatentData/ReorganisedData/EP3280673B1/EP3280673B1_F0001.tif,B66B
EP3281768B1,F0001,/home/safe/Desktop/yassine/Vectorization/data/PatentData/ReorganisedData/EP3281768B1/EP3281768B1_F0001.tif,B29C
EP3281803B1,F0001,/home/safe/Desktop/yassine/Vectorization/data/PatentData/ReorganisedData/EP3281803B1/EP3281803B1_F0001.tif,B41M
EP3281834B1,F0001,/home/safe/Desktop/yassine/Vectorization/data/PatentData/ReorganisedData/EP3281834B1/EP3281834B1_F0001.tif,B61D
EP3282115B1,F0003,/home/safe/Desktop/yassine/Vectorization/data/PatentData/ReorganisedData/EP3282115B1/EP3282115B1_F0003.tif,F02D
EP3283197B1,F0001,/home/safe/Desktop/yassine/Vectorization/data/PatentData/ReorganisedData/EP3283197B1/EP3283197B1_F0001.tif,B01D
EP3283212B1,F0001,/home/safe/Desktop/yassine/Vectorization/data/PatentData/ReorganisedData/EP3283212B1/EP3283212B1_F0001.tif,B01J
EP3283252B1,F0001,/home/safe/Desktop/yassine/Vectorization/data/PatentData/ReorganisedData/EP3283252B1/EP3283252B1_F0001.tif,B23K
EP3283256B1,F0001,/home/safe/Desktop/yassine/Vectorization/data/PatentData/ReorganisedData/EP3283256B1/EP3283256B1_F0001.tif,B23Q
EP3283311B1,F0001,/home/safe/Desktop/yassine/Vectorization/data/PatentData/ReorganisedData/EP3283311B1/EP3283311B1_F0001.tif,F28F
EP3283394B1,F0004,/home/safe/Desktop/yassine/Vectorization/data/PatentData/ReorganisedData/EP3283394B1/EP3283394B1_F0004.tif,B65D
EP3283396B1,F0002,/home/safe/Desktop/yassine/Vectorization/data/PatentData/ReorganisedData/EP3283396B1/EP3283396B1_F0002.tif,B65D
EP3283418B1,F0001,/home/safe/Desktop/yassine/Vectorization/data/PatentData/ReorganisedData/EP3283418B1/EP3283418B1_F0001.tif,B65G
EP3283738B1,F0001,/home/safe/Desktop/yassine/Vectorization/data/PatentData/ReorganisedData/EP3283738B1/EP3283738B1_F0001.tif,F01L
EP3283805B1,F0001,/home/safe/Desktop/yassine/Vectorization/data/PatentData/ReorganisedData/EP3283805B1/EP3283805B1_F0001.tif,F16L
EP3283835B1,F0001,/home/safe/Desktop/yassine/Vectorization/data/PatentData/ReorganisedData/EP3283835B1/EP3283835B1_F0001.tif,F28F
EP3283857B1,F0003,/home/safe/Desktop/yassine/Vectorization/data/PatentData/ReorganisedData/EP3283857B1/EP3283857B1_F0003.tif,B65G
EP3284672B1,F0003,/home/safe/Desktop/yassine/Vectorization/data/PatentData/ReorganisedData/EP3284672B1/EP3284672B1_F0003.tif,B64C
EP3284698B1,F0001,/home/safe/Desktop/yassine/Vectorization/data/PatentData/ReorganisedData/EP3284698B1/EP3284698B1_F0001.tif,B65D
EP3284700B1,F0001,/home/safe/Desktop/yassine/Vectorization/data/PatentData/ReorganisedData/EP3284700B1/EP3284700B1_F0001.tif,B65D
EP3284915B1,F0003,/home/safe/Desktop/yassine/Vectorization/data/PatentData/ReorganisedData/EP3284915B1/EP3284915B1_F0003.tif,F01D
EP3284918B1,F0001,/home/safe/Desktop/yassine/Vectorization/data/PatentData/ReorganisedData/EP3284918B1/EP3284918B1_F0001.tif,F01D
EP3284931B1,F0001,/home/safe/Desktop/yassine/Vectorization/data/PatentData/ReorganisedData/EP3284931B1/EP3284931B1_F0001.tif,F16K
EP3284946B1,F0004,/home/safe/Desktop/yassine/Vectorization/data/PatentData/ReorganisedData/EP3284946B1/EP3284946B1_F0004.tif,F02P
EP3284967B1,F0001,/home/safe/Desktop/yassine/Vectorization/data/PatentData/ReorganisedData/EP3284967B1/EP3284967B1_F0001.tif,F16D
EP3285904B1,F0001,/home/safe/Desktop/yassine/Vectorization/data/PatentData/ReorganisedData/EP3285904B1/EP3285904B1_F0001.tif,B01D
EP3286010B1,F0001,/home/safe/Desktop/yassine/Vectorization/data/PatentData/ReorganisedData/EP3286010B1/EP3286010B1_F0001.tif,B41M
EP3286053B1,F0002,/home/safe/Desktop/yassine/Vectorization/data/PatentData/ReorganisedData/EP3286053B1/EP3286053B1_F0002.tif,B60T
EP3286075B1,F0004,/home/safe/Desktop/yassine/Vectorization/data/PatentData/ReorganisedData/EP3286075B1/EP3286075B1_F0004.tif,B63H
EP3286124B1,F0002,/home/safe/Desktop/yassine/Vectorization/data/PatentData/ReorganisedData/EP3286124B1/EP3286124B1_F0002.tif,B66B
EP3286130B1,F0001,/home/safe/Desktop/yassine/Vectorization/data/PatentData/ReorganisedData/EP3286130B1/EP3286130B1_F0001.tif,B67C
EP3286132B1,F0001,/home/safe/Desktop/yassine/Vectorization/data/PatentData/ReorganisedData/EP3286132B1/EP3286132B1_F0001.tif,B67D
EP3286424B1,F0001,/home/safe/Desktop/yassine/Vectorization/data/PatentData/ReorganisedData/EP3286424B1/EP3286424B1_F0001.tif,F02M
EP3286474B1,F0001,/home/safe/Desktop/yassine/Vectorization/data/PatentData/ReorganisedData/EP3286474B1/EP3286474B1_F0001.tif,F16L
EP3286505B1,F0001,/home/safe/Desktop/yassine/Vectorization/data/PatentData/ReorganisedData/EP3286505B1/EP3286505B1_F0001.tif,F24S
EP3286509B1,F0002,/home/safe/Desktop/yassine/Vectorization/data/PatentData/ReorganisedData/EP3286509B1/EP3286509B1_F0002.tif,F25D
EP3286512B1,F0001,/home/safe/Desktop/yassine/Vectorization/data/PatentData/ReorganisedData/EP3286512B1/EP3286512B1_F0001.tif,F28D
EP3286520B1,F0001,/home/safe/Desktop/yassine/Vectorization/data/PatentData/ReorganisedData/EP3286520B1/EP3286520B1_F0001.tif,F41H
EP3287292B1,F0001,/home/safe/Desktop/yassine/Vectorization/data/PatentData/ReorganisedData/EP3287292B1/EP3287292B1_F0001.tif,B41M
EP3287300B1,F0001,/home/safe/Desktop/yassine/Vectorization/data/PatentData/ReorganisedData/EP3287300B1/EP3287300B1_F0001.tif,B60C
EP3287304B1,F0001,/home/safe/Desktop/yassine/Vectorization/data/PatentData/ReorganisedData/EP3287304B1/EP3287304B1_F0001.tif,B60C
EP3287372B1,F0001,/home/safe/Desktop/yassine/Vectorization/data/PatentData/ReorganisedData/EP3287372B1/EP3287372B1_F0001.tif,B64D
EP3287603B1,F0001,/home/safe/Desktop/yassine/Vectorization/data/PatentData/ReorganisedData/EP3287603B1/EP3287603B1_F0001.tif,F01D
EP3287607B1,F0001,/home/safe/Desktop/yassine/Vectorization/data/PatentData/ReorganisedData/EP3287607B1/EP3287607B1_F0001.tif,F01D
EP3287652B1,F0001,/home/safe/Desktop/yassine/Vectorization/data/PatentData/ReorganisedData/EP3287652B1/EP3287652B1_F0001.tif,F16C
EP3287662B1,F0001,/home/safe/Desktop/yassine/Vectorization/data/PatentData/ReorganisedData/EP3287662B1/EP3287662B1_F0001.tif,F16F
EP3288687B1,F0002,/home/safe/Desktop/yassine/Vectorization/data/PatentData/ReorganisedData/EP3288687B1/EP3288687B1_F0002.tif,F26B
EP3288729B1,F0001,/home/safe/Desktop/yassine/Vectorization/data/PatentData/ReorganisedData/EP3288729B1/EP3288729B1_F0001.tif,B26B
EP3288744B1,F0002,/home/safe/Desktop/yassine/Vectorization/data/PatentData/ReorganisedData/EP3288744B1/EP3288744B1_F0002.tif,B29C
EP3288745B1,F0001,/home/safe/Desktop/yassine/Vectorization/data/PatentData/ReorganisedData/EP3288745B1/EP3288745B1_F0001.tif,B29C
EP3288746B1,F0001,/home/safe/Desktop/yassine/Vectorization/data/PatentData/ReorganisedData/EP3288746B1/EP3288746B1_F0001.tif,B29C
EP3288770B1,F0001,/home/safe/Desktop/yassine/Vectorization/data/PatentData/ReorganisedData/EP3288770B1/EP3288770B1_F0001.tif,B42D
EP3288781B1,F0001,/home/safe/Desktop/yassine/Vectorization/data/PatentData/ReorganisedData/EP3288781B1/EP3288781B1_F0001.tif,B60C
EP3288845B1,F0001,/home/safe/Desktop/yassine/Vectorization/data/PatentData/ReorganisedData/EP3288845B1/EP3288845B1_F0001.tif,B65D
EP3288851B1,F0001,/home/safe/Desktop/yassine/Vectorization/data/PatentData/ReorganisedData/EP3288851B1/EP3288851B1_F0001.tif,B65D
EP3288860B1,F0002,/home/safe/Desktop/yassine/Vectorization/data/PatentData/ReorganisedData/EP3288860B1/EP3288860B1_F0002.tif,B65D
EP3288863B1,F0001,/home/safe/Desktop/yassine/Vectorization/data/PatentData/ReorganisedData/EP3288863B1/EP3288863B1_F0001.tif,B65D
EP3288883B1,F0002,/home/safe/Desktop/yassine/Vectorization/data/PatentData/ReorganisedData/EP3288883B1/EP3288883B1_F0002.tif,B66B
EP3289192B1,F0001,/home/safe/Desktop/yassine/Vectorization/data/PatentData/ReorganisedData/EP3289192B1/EP3289192B1_F0001.tif,F01N
EP3289264B1,F0001,/home/safe/Desktop/yassine/Vectorization/data/PatentData/ReorganisedData/EP3289264B1/EP3289264B1_F0001.tif,F16L
EP3290119B1,F0002,/home/safe/Desktop/yassine/Vectorization/data/PatentData/ReorganisedData/EP3290119B1/EP3290119B1_F0002.tif,B01L
EP3290135B1,F0001,/home/safe/Desktop/yassine/Vectorization/data/PatentData/ReorganisedData/EP3290135B1/EP3290135B1_F0001.tif,B22F
EP3290159B1,F0001,/home/safe/Desktop/yassine/Vectorization/data/PatentData/ReorganisedData/EP3290159B1/EP3290159B1_F0001.tif,B25C
EP3290209B1,F0004,/home/safe/Desktop/yassine/Vectorization/data/PatentData/ReorganisedData/EP3290209B1/EP3290209B1_F0004.tif,B41J
EP3290229B1,F0001,/home/safe/Desktop/yassine/Vectorization/data/PatentData/ReorganisedData/EP3290229B1/EP3290229B1_F0001.tif,B60C
EP3290265B1,F0001,/home/safe/Desktop/yassine/Vectorization/data/PatentData/ReorganisedData/EP3290265B1/EP3290265B1_F0001.tif,B60P
EP3290275B1,F0001,/home/safe/Desktop/yassine/Vectorization/data/PatentData/ReorganisedData/EP3290275B1/EP3290275B1_F0001.tif,B60R
EP3290302B1,F0002,/home/safe/Desktop/yassine/Vectorization/data/PatentData/ReorganisedData/EP3290302B1/EP3290302B1_F0002.tif,B62D
EP3290375B1,F0001,/home/safe/Desktop/yassine/Vectorization/data/PatentData/ReorganisedData/EP3290375B1/EP3290375B1_F0001.tif,B66B
EP3290661B1,F0001,/home/safe/Desktop/yassine/Vectorization/data/PatentData/ReorganisedData/EP3290661B1/EP3290661B1_F0001.tif,F01D
EP3290696B1,F0001,/home/safe/Desktop/yassine/Vectorization/data/PatentData/ReorganisedData/EP3290696B1/EP3290696B1_F0001.tif,F04B
EP3290718B1,F0001,/home/safe/Desktop/yassine/Vectorization/data/PatentData/ReorganisedData/EP3290718B1/EP3290718B1_F0001.tif,F15B
EP3290791B1,F0001,/home/safe/Desktop/yassine/Vectorization/data/PatentData/ReorganisedData/EP3290791B1/EP3290791B1_F0001.tif,F21V
EP3291666B1,F0001,/home/safe/Desktop/yassine/Vectorization/data/PatentData/ReorganisedData/EP3291666B1/EP3291666B1_F0001.tif,B32B
EP3291912B1,F0001,/home/safe/Desktop/yassine/Vectorization/data/PatentData/ReorganisedData/EP3291912B1/EP3291912B1_F0001.tif,B01D
EP3291930B1,F0001,/home/safe/Desktop/yassine/Vectorization/data/PatentData/ReorganisedData/EP3291930B1/EP3291930B1_F0001.tif,B21F
EP3291933B1,F0001,/home/safe/Desktop/yassine/Vectorization/data/PatentData/ReorganisedData/EP3291933B1/EP3291933B1_F0001.tif,B22D
EP3291981B1,F0001,/home/safe/Desktop/yassine/Vectorization/data/PatentData/ReorganisedData/EP3291981B1/EP3291981B1_F0001.tif,B32B
EP3292058B1,F0001,/home/safe/Desktop/yassine/Vectorization/data/PatentData/ReorganisedData/EP3292058B1/EP3292058B1_F0001.tif,B65G
EP3292076B1,F0001,/home/safe/Desktop/yassine/Vectorization/data/PatentData/ReorganisedData/EP3292076B1/EP3292076B1_F0001.tif,B68G
EP3292279B1,F0001,/home/safe/Desktop/yassine/Vectorization/data/PatentData/ReorganisedData/EP3292279B1/EP3292279B1_F0001.tif,F01D
EP3292315B1,F0001,/home/safe/Desktop/yassine/Vectorization/data/PatentData/ReorganisedData/EP3292315B1/EP3292315B1_F0001.tif,F16D
EP3292319B1,F0001,/home/safe/Desktop/yassine/Vectorization/data/PatentData/ReorganisedData/EP3292319B1/EP3292319B1_F0001.tif,F16F
EP3292342B1,F0002,/home/safe/Desktop/yassine/Vectorization/data/PatentData/ReorganisedData/EP3292342B1/EP3292342B1_F0002.tif,F16L
EP3293030B1,F0001,/home/safe/Desktop/yassine/Vectorization/data/PatentData/ReorganisedData/EP3293030B1/EP3293030B1_F0001.tif,B60K
EP3293057B1,F0003,/home/safe/Desktop/yassine/Vectorization/data/PatentData/ReorganisedData/EP3293057B1/EP3293057B1_F0003.tif,B60R
EP3293079B1,F0001,/home/safe/Desktop/yassine/Vectorization/data/PatentData/ReorganisedData/EP3293079B1/EP3293079B1_F0001.tif,B62D
EP3293133B1,F0003,/home/safe/Desktop/yassine/Vectorization/data/PatentData/ReorganisedData/EP3293133B1/EP3293133B1_F0003.tif,B65H
EP3293371B1,F0002,/home/safe/Desktop/yassine/Vectorization/data/PatentData/ReorganisedData/EP3293371B1/EP3293371B1_F0002.tif,F01K
EP3293429B1,F0002,/home/safe/Desktop/yassine/Vectorization/data/PatentData/ReorganisedData/EP3293429B1/EP3293429B1_F0002.tif,F16L
EP3294434B1,F0001,/home/safe/Desktop/yassine/Vectorization/data/PatentData/ReorganisedData/EP3294434B1/EP3294434B1_F0001.tif,B01D
EP3294509B1,F0001,/home/safe/Desktop/yassine/Vectorization/data/PatentData/ReorganisedData/EP3294509B1/EP3294509B1_F0001.tif,B27M
EP3294627B1,F0001,/home/safe/Desktop/yassine/Vectorization/data/PatentData/ReorganisedData/EP3294627B1/EP3294627B1_F0001.tif,B64D
EP3295061B1,F0001,/home/safe/Desktop/yassine/Vectorization/data/PatentData/ReorganisedData/EP3295061B1/EP3295061B1_F0001.tif,F16J
EP3295065B1,F0001,/home/safe/Desktop/yassine/Vectorization/data/PatentData/ReorganisedData/EP3295065B1/EP3295065B1_F0001.tif,F16K
EP3296005B1,F0001,/home/safe/Desktop/yassine/Vectorization/data/PatentData/ReorganisedData/EP3296005B1/EP3296005B1_F0001.tif,B01D
EP3296012B1,F0001,/home/safe/Desktop/yassine/Vectorization/data/PatentData/ReorganisedData/EP3296012B1/EP3296012B1_F0001.tif,B01F
EP3296131B1,F0001,/home/safe/Desktop/yassine/Vectorization/data/PatentData/ReorganisedData/EP3296131B1/EP3296131B1_F0001.tif,B60C
EP3296135B1,F0001,/home/safe/Desktop/yassine/Vectorization/data/PatentData/ReorganisedData/EP3296135B1/EP3296135B1_F0001.tif,B60K
EP3296168B1,F0001,/home/safe/Desktop/yassine/Vectorization/data/PatentData/ReorganisedData/EP3296168B1/EP3296168B1_F0001.tif,B60S
EP3296220B1,F0001,/home/safe/Desktop/yassine/Vectorization/data/PatentData/ReorganisedData/EP3296220B1/EP3296220B1_F0001.tif,B65D
EP3296552B1,F0001,/home/safe/Desktop/yassine/Vectorization/data/PatentData/ReorganisedData/EP3296552B1/EP3296552B1_F0001.tif,F02K
EP3296602B1,F0001,/home/safe/Desktop/yassine/Vectorization/data/PatentData/ReorganisedData/EP3296602B1/EP3296602B1_F0001.tif,F16K
EP3296604B1,F0001,/home/safe/Desktop/yassine/Vectorization/data/PatentData/ReorganisedData/EP3296604B1/EP3296604B1_F0001.tif,F16L
EP3296606B1,F0004,/home/safe/Desktop/yassine/Vectorization/data/PatentData/ReorganisedData/EP3296606B1/EP3296606B1_F0004.tif,F16L
EP3297835B1,F0001,/home/safe/Desktop/yassine/Vectorization/data/PatentData/ReorganisedData/EP3297835B1/EP3297835B1_F0001.tif,B41F
EP3297897B1,F0002,/home/safe/Desktop/yassine/Vectorization/data/PatentData/ReorganisedData/EP3297897B1/EP3297897B1_F0002.tif,B62D
EP3297927B1,F0001,/home/safe/Desktop/yassine/Vectorization/data/PatentData/ReorganisedData/EP3297927B1/EP3297927B1_F0001.tif,B65D
EP3298301B1,F0001,/home/safe/Desktop/yassine/Vectorization/data/PatentData/ReorganisedData/EP3298301B1/EP3298301B1_F0001.tif,F16G
EP3299180B1,F0001,/home/safe/Desktop/yassine/Vectorization/data/PatentData/ReorganisedData/EP3299180B1/EP3299180B1_F0001.tif,B60C
EP3299184B1,F0001,/home/safe/Desktop/yassine/Vectorization/data/PatentData/ReorganisedData/EP3299184B1/EP3299184B1_F0001.tif,B60C
EP3299186B1,F0001,/home/safe/Desktop/yassine/Vectorization/data/PatentData/ReorganisedData/EP3299186B1/EP3299186B1_F0001.tif,B60C
EP3299198B1,F0001,/home/safe/Desktop/yassine/Vectorization/data/PatentData/ReorganisedData/EP3299198B1/EP3299198B1_F0001.tif,B60H
EP3299201B1,F0002,/home/safe/Desktop/yassine/Vectorization/data/PatentData/ReorganisedData/EP3299201B1/EP3299201B1_F0002.tif,B60K
EP3299320B1,F0003,/home/safe/Desktop/yassine/Vectorization/data/PatentData/ReorganisedData/EP3299320B1/EP3299320B1_F0003.tif,B65H
EP3299672B1,F0001,/home/safe/Desktop/yassine/Vectorization/data/PatentData/ReorganisedData/EP3299672B1/EP3299672B1_F0001.tif,F16H
EP3299694B1,F0001,/home/safe/Desktop/yassine/Vectorization/data/PatentData/ReorganisedData/EP3299694B1/EP3299694B1_F0001.tif,F17C
EP3299703B1,F0001,/home/safe/Desktop/yassine/Vectorization/data/PatentData/ReorganisedData/EP3299703B1/EP3299703B1_F0001.tif,F21S
EP3299757B1,F0001,/home/safe/Desktop/yassine/Vectorization/data/PatentData/ReorganisedData/EP3299757B1/EP3299757B1_F0001.tif,F25J
EP3300931B1,F0001,/home/safe/Desktop/yassine/Vectorization/data/PatentData/ReorganisedData/EP3300931B1/EP3300931B1_F0001.tif,B60C
EP3300993B1,F0002,/home/safe/Desktop/yassine/Vectorization/data/PatentData/ReorganisedData/EP3300993B1/EP3300993B1_F0002.tif,B29L
EP3301257B1,F0001,/home/safe/Desktop/yassine/Vectorization/data/PatentData/ReorganisedData/EP3301257B1/EP3301257B1_F0001.tif,F01D
EP3301311B1,F0001,/home/safe/Desktop/yassine/Vectorization/data/PatentData/ReorganisedData/EP3301311B1/EP3301311B1_F0001.tif,F16B
EP3301327B1,F0001,/home/safe/Desktop/yassine/Vectorization/data/PatentData/ReorganisedData/EP3301327B1/EP3301327B1_F0001.tif,F16H
EP3301329B1,F0001,/home/safe/Desktop/yassine/Vectorization/data/PatentData/ReorganisedData/EP3301329B1/EP3301329B1_F0001.tif,F16H
EP3301340B1,F0001,/home/safe/Desktop/yassine/Vectorization/data/PatentData/ReorganisedData/EP3301340B1/EP3301340B1_F0001.tif,F16L
EP3302866B1,F0002,/home/safe/Desktop/yassine/Vectorization/data/PatentData/ReorganisedData/EP3302866B1/EP3302866B1_F0002.tif,B23K
EP3302950B1,F0001,/home/safe/Desktop/yassine/Vectorization/data/PatentData/ReorganisedData/EP3302950B1/EP3302950B1_F0001.tif,B29D
EP3303012B1,F0001,/home/safe/Desktop/yassine/Vectorization/data/PatentData/ReorganisedData/EP3303012B1/EP3303012B1_F0001.tif,B60C
EP3303052B1,F0001,/home/safe/Desktop/yassine/Vectorization/data/PatentData/ReorganisedData/EP3303052B1/EP3303052B1_F0001.tif,B64D
EP3303200B1,F0001,/home/safe/Desktop/yassine/Vectorization/data/PatentData/ReorganisedData/EP3303200B1/EP3303200B1_F0001.tif,B65H
EP3303837B1,F0001,/home/safe/Desktop/yassine/Vectorization/data/PatentData/ReorganisedData/EP3303837B1/EP3303837B1_F0001.tif,F04B
EP3303840B1,F0001,/home/safe/Desktop/yassine/Vectorization/data/PatentData/ReorganisedData/EP3303840B1/EP3303840B1_F0001.tif,F04B
EP3303863B1,F0001,/home/safe/Desktop/yassine/Vectorization/data/PatentData/ReorganisedData/EP3303863B1/EP3303863B1_F0001.tif,F16D
EP3303916B1,F0002,/home/safe/Desktop/yassine/Vectorization/data/PatentData/ReorganisedData/EP3303916B1/EP3303916B1_F0002.tif,F21V
EP3303967B1,F0002,/home/safe/Desktop/yassine/Vectorization/data/PatentData/ReorganisedData/EP3303967B1/EP3303967B1_F0002.tif,F28D
EP3305435B1,F0009,/home/safe/Desktop/yassine/Vectorization/data/PatentData/ReorganisedData/EP3305435B1/EP3305435B1_F0009.tif,B22C
EP3305526B1,F0001,/home/safe/Desktop/yassine/Vectorization/data/PatentData/ReorganisedData/EP3305526B1/EP3305526B1_F0001.tif,B41F
EP3305527B1,F0001,/home/safe/Desktop/yassine/Vectorization/data/PatentData/ReorganisedData/EP3305527B1/EP3305527B1_F0001.tif,B41F
EP3305556B1,F0002,/home/safe/Desktop/yassine/Vectorization/data/PatentData/ReorganisedData/EP3305556B1/EP3305556B1_F0002.tif,B60C
EP3305601B1,F0001,/home/safe/Desktop/yassine/Vectorization/data/PatentData/ReorganisedData/EP3305601B1/EP3305601B1_F0001.tif,B60R
EP3305638B1,F0001,/home/safe/Desktop/yassine/Vectorization/data/PatentData/ReorganisedData/EP3305638B1/EP3305638B1_F0001.tif,B62J
EP3305642B1,F0001,/home/safe/Desktop/yassine/Vectorization/data/PatentData/ReorganisedData/EP3305642B1/EP3305642B1_F0001.tif,B62M
EP3306167B1,F0001,/home/safe/Desktop/yassine/Vectorization/data/PatentData/ReorganisedData/EP3306167B1/EP3306167B1_F0001.tif,F16L
EP3306237B1,F0002,/home/safe/Desktop/yassine/Vectorization/data/PatentData/ReorganisedData/EP3306237B1/EP3306237B1_F0002.tif,F25B
EP3307611B1,F0002,/home/safe/Desktop/yassine/Vectorization/data/PatentData/ReorganisedData/EP3307611B1/EP3307611B1_F0002.tif,B62J
EP3308092B1,F0002,/home/safe/Desktop/yassine/Vectorization/data/PatentData/ReorganisedData/EP3308092B1/EP3308092B1_F0002.tif,F28D
EP3309018B1,F0001,/home/safe/Desktop/yassine/Vectorization/data/PatentData/ReorganisedData/EP3309018B1/EP3309018B1_F0001.tif,B60R
EP3309078B1,F0001,/home/safe/Desktop/yassine/Vectorization/data/PatentData/ReorganisedData/EP3309078B1/EP3309078B1_F0001.tif,B64D
EP3309081B1,F0001,/home/safe/Desktop/yassine/Vectorization/data/PatentData/ReorganisedData/EP3309081B1/EP3309081B1_F0001.tif,B65B
EP3309115B1,F0001,/home/safe/Desktop/yassine/Vectorization/data/PatentData/ReorganisedData/EP3309115B1/EP3309115B1_F0001.tif,B67D
EP3309388B1,F0001,/home/safe/Desktop/yassine/Vectorization/data/PatentData/ReorganisedData/EP3309388B1/EP3309388B1_F0001.tif,F03D
EP3309418B1,F0001,/home/safe/Desktop/yassine/Vectorization/data/PatentData/ReorganisedData/EP3309418B1/EP3309418B1_F0001.tif,F16C
EP3310450B1,F0001,/home/safe/Desktop/yassine/Vectorization/data/PatentData/ReorganisedData/EP3310450B1/EP3310450B1_F0001.tif,B01D
EP3310535B1,F0001,/home/safe/Desktop/yassine/Vectorization/data/PatentData/ReorganisedData/EP3310535B1/EP3310535B1_F0001.tif,B25J
EP3310630B1,F0001,/home/safe/Desktop/yassine/Vectorization/data/PatentData/ReorganisedData/EP3310630B1/EP3310630B1_F0001.tif,B60T
EP3310665B1,F0001,/home/safe/Desktop/yassine/Vectorization/data/PatentData/ReorganisedData/EP3310665B1/EP3310665B1_F0001.tif,B65B
EP3310702B1,F0001,/home/safe/Desktop/yassine/Vectorization/data/PatentData/ReorganisedData/EP3310702B1/EP3310702B1_F0001.tif,B66C
EP3310703B1,F0003,/home/safe/Desktop/yassine/Vectorization/data/PatentData/ReorganisedData/EP3310703B1/EP3310703B1_F0003.tif,B66D
EP3311019B1,F0001,/home/safe/Desktop/yassine/Vectorization/data/PatentData/ReorganisedData/EP3311019B1/EP3311019B1_F0001.tif,F02K
EP3311028B1,F0001,/home/safe/Desktop/yassine/Vectorization/data/PatentData/ReorganisedData/EP3311028B1/EP3311028B1_F0001.tif,F04B
EP3311060B1,F0001,/home/safe/Desktop/yassine/Vectorization/data/PatentData/ReorganisedData/EP3311060B1/EP3311060B1_F0001.tif,F16L
EP3312066B1,F0002,/home/safe/Desktop/yassine/Vectorization/data/PatentData/ReorganisedData/EP3312066B1/EP3312066B1_F0002.tif,B60T
EP3312388B1,F0001,/home/safe/Desktop/yassine/Vectorization/data/PatentData/ReorganisedData/EP3312388B1/EP3312388B1_F0001.tif,F01D
EP3312389B1,F0001,/home/safe/Desktop/yassine/Vectorization/data/PatentData/ReorganisedData/EP3312389B1/EP3312389B1_F0001.tif,F01D
EP3312403B1,F0001,/home/safe/Desktop/yassine/Vectorization/data/PatentData/ReorganisedData/EP3312403B1/EP3312403B1_F0001.tif,F02C
EP3312405B1,F0001,/home/safe/Desktop/yassine/Vectorization/data/PatentData/ReorganisedData/EP3312405B1/EP3312405B1_F0001.tif,F02D
EP3312426B1,F0001,/home/safe/Desktop/yassine/Vectorization/data/PatentData/ReorganisedData/EP3312426B1/EP3312426B1_F0001.tif,F04D
EP3312439B1,F0001,/home/safe/Desktop/yassine/Vectorization/data/PatentData/ReorganisedData/EP3312439B1/EP3312439B1_F0001.tif,F16B
EP3312495B1,F0001,/home/safe/Desktop/yassine/Vectorization/data/PatentData/ReorganisedData/EP3312495B1/EP3312495B1_F0001.tif,F21K
EP3313566B1,F0001,/home/safe/Desktop/yassine/Vectorization/data/PatentData/ReorganisedData/EP3313566B1/EP3313566B1_F0001.tif,B01J
EP3313709B1,F0003,/home/safe/Desktop/yassine/Vectorization/data/PatentData/ReorganisedData/EP3313709B1/EP3313709B1_F0003.tif,B61L
EP3313710B1,F0002,/home/safe/Desktop/yassine/Vectorization/data/PatentData/ReorganisedData/EP3313710B1/EP3313710B1_F0002.tif,B61L
EP3314061B1,F0001,/home/safe/Desktop/yassine/Vectorization/data/PatentData/ReorganisedData/EP3314061B1/EP3314061B1_F0001.tif,F15B
EP3314102B1,F0001,/home/safe/Desktop/yassine/Vectorization/data/PatentData/ReorganisedData/EP3314102B1/EP3314102B1_F0001.tif,F01N
EP3314145B1,F0001,/home/safe/Desktop/yassine/Vectorization/data/PatentData/ReorganisedData/EP3314145B1/EP3314145B1_F0001.tif,F16F
EP3314158B1,F0001,/home/safe/Desktop/yassine/Vectorization/data/PatentData/ReorganisedData/EP3314158B1/EP3314158B1_F0001.tif,B32B
EP3315273B1,F0002,/home/safe/Desktop/yassine/Vectorization/data/PatentData/ReorganisedData/EP3315273B1/EP3315273B1_F0002.tif,B27B
EP3315385B1,F0001,/home/safe/Desktop/yassine/Vectorization/data/PatentData/ReorganisedData/EP3315385B1/EP3315385B1_F0001.tif,B62D
EP3315421B1,F0001,/home/safe/Desktop/yassine/Vectorization/data/PatentData/ReorganisedData/EP3315421B1/EP3315421B1_F0001.tif,B65B
EP3315441B1,F0001,/home/safe/Desktop/yassine/Vectorization/data/PatentData/ReorganisedData/EP3315441B1/EP3315441B1_F0001.tif,B65H
EP3315719B1,F0001,/home/safe/Desktop/yassine/Vectorization/data/PatentData/ReorganisedData/EP3315719B1/EP3315719B1_F0001.tif,F01D
EP3315734B1,F0003,/home/safe/Desktop/yassine/Vectorization/data/PatentData/ReorganisedData/EP3315734B1/EP3315734B1_F0003.tif,F01D
EP3315814B1,F0007,/home/safe/Desktop/yassine/Vectorization/data/PatentData/ReorganisedData/EP3315814B1/EP3315814B1_F0007.tif,F16F
EP3316989B1,F0003,/home/safe/Desktop/yassine/Vectorization/data/PatentData/ReorganisedData/EP3316989B1/EP3316989B1_F0003.tif,B01D
EP3317085B1,F0001,/home/safe/Desktop/yassine/Vectorization/data/PatentData/ReorganisedData/EP3317085B1/EP3317085B1_F0001.tif,B29C
EP3317126B1,F0001,/home/safe/Desktop/yassine/Vectorization/data/PatentData/ReorganisedData/EP3317126B1/EP3317126B1_F0001.tif,B60C
EP3317127B1,F0001,/home/safe/Desktop/yassine/Vectorization/data/PatentData/ReorganisedData/EP3317127B1/EP3317127B1_F0001.tif,B60C
EP3317162B1,F0001,/home/safe/Desktop/yassine/Vectorization/data/PatentData/ReorganisedData/EP3317162B1/EP3317162B1_F0001.tif,B62D
EP3317499B1,F0003,/home/safe/Desktop/yassine/Vectorization/data/PatentData/ReorganisedData/EP3317499B1/EP3317499B1_F0003.tif,F01P
EP3317559B1,F0001,/home/safe/Desktop/yassine/Vectorization/data/PatentData/ReorganisedData/EP3317559B1/EP3317559B1_F0001.tif,F16F
EP3317563B1,F0001,/home/safe/Desktop/yassine/Vectorization/data/PatentData/ReorganisedData/EP3317563B1/EP3317563B1_F0001.tif,F16H
EP3317604B1,F0001,/home/safe/Desktop/yassine/Vectorization/data/PatentData/ReorganisedData/EP3317604B1/EP3317604B1_F0001.tif,F41G
EP3318407B1,F0001,/home/safe/Desktop/yassine/Vectorization/data/PatentData/ReorganisedData/EP3318407B1/EP3318407B1_F0001.tif,B41J
EP3318421B1,F0001,/home/safe/Desktop/yassine/Vectorization/data/PatentData/ReorganisedData/EP3318421B1/EP3318421B1_F0001.tif,B60C
EP3318490B1,F0001,/home/safe/Desktop/yassine/Vectorization/data/PatentData/ReorganisedData/EP3318490B1/EP3318490B1_F0001.tif,B64D
EP3318720B1,F0002,/home/safe/Desktop/yassine/Vectorization/data/PatentData/ReorganisedData/EP3318720B1/EP3318720B1_F0002.tif,F01D
EP3318799B1,F0001,/home/safe/Desktop/yassine/Vectorization/data/PatentData/ReorganisedData/EP3318799B1/EP3318799B1_F0001.tif,F21V
EP3319765B1,F0002,/home/safe/Desktop/yassine/Vectorization/data/PatentData/ReorganisedData/EP3319765B1/EP3319765B1_F0002.tif,B26B
EP3319805B1,F0001,/home/safe/Desktop/yassine/Vectorization/data/PatentData/ReorganisedData/EP3319805B1/EP3319805B1_F0001.tif,B41M
EP3319826B1,F0001,/home/safe/Desktop/yassine/Vectorization/data/PatentData/ReorganisedData/EP3319826B1/EP3319826B1_F0001.tif,B60J
EP3319850B1,F0001,/home/safe/Desktop/yassine/Vectorization/data/PatentData/ReorganisedData/EP3319850B1/EP3319850B1_F0001.tif,B60T
EP3320223B1,F0001,/home/safe/Desktop/yassine/Vectorization/data/PatentData/ReorganisedData/EP3320223B1/EP3320223B1_F0001.tif,F16F
EP3320226B1,F0001,/home/safe/Desktop/yassine/Vectorization/data/PatentData/ReorganisedData/EP3320226B1/EP3320226B1_F0001.tif,F16G
EP3320292B1,F0001,/home/safe/Desktop/yassine/Vectorization/data/PatentData/ReorganisedData/EP3320292B1/EP3320292B1_F0001.tif,F41A
EP3320297B1,F0001,/home/safe/Desktop/yassine/Vectorization/data/PatentData/ReorganisedData/EP3320297B1/EP3320297B1_F0001.tif,F41A
EP3321024B1,F0001,/home/safe/Desktop/yassine/Vectorization/data/PatentData/ReorganisedData/EP3321024B1/EP3321024B1_F0001.tif,B23K
EP3321091B1,F0001,/home/safe/Desktop/yassine/Vectorization/data/PatentData/ReorganisedData/EP3321091B1/EP3321091B1_F0001.tif,B41J
EP3321109B1,F0001,/home/safe/Desktop/yassine/Vectorization/data/PatentData/ReorganisedData/EP3321109B1/EP3321109B1_F0001.tif,B60C
EP3321129B1,F0001,/home/safe/Desktop/yassine/Vectorization/data/PatentData/ReorganisedData/EP3321129B1/EP3321129B1_F0001.tif,B60Q
EP3321155B1,F0001,/home/safe/Desktop/yassine/Vectorization/data/PatentData/ReorganisedData/EP3321155B1/EP3321155B1_F0001.tif,B62J
EP3321205B1,F0001,/home/safe/Desktop/yassine/Vectorization/data/PatentData/ReorganisedData/EP3321205B1/EP3321205B1_F0001.tif,B65D
EP3321485B1,F0002,/home/safe/Desktop/yassine/Vectorization/data/PatentData/ReorganisedData/EP3321485B1/EP3321485B1_F0002.tif,F01N
EP3321487B1,F0001,/home/safe/Desktop/yassine/Vectorization/data/PatentData/ReorganisedData/EP3321487B1/EP3321487B1_F0001.tif,F02B
EP3321533B1,F0001,/home/safe/Desktop/yassine/Vectorization/data/PatentData/ReorganisedData/EP3321533B1/EP3321533B1_F0001.tif,F16D
EP3322586B1,F0001,/home/safe/Desktop/yassine/Vectorization/data/PatentData/ReorganisedData/EP3322586B1/EP3322586B1_F0001.tif,B32B
EP3322588B1,F0001,/home/safe/Desktop/yassine/Vectorization/data/PatentData/ReorganisedData/EP3322588B1/EP3322588B1_F0001.tif,B32B
EP3322620B1,F0001,/home/safe/Desktop/yassine/Vectorization/data/PatentData/ReorganisedData/EP3322620B1/EP3322620B1_F0001.tif,B60T
EP3322881B1,F0001,/home/safe/Desktop/yassine/Vectorization/data/PatentData/ReorganisedData/EP3322881B1/EP3322881B1_F0001.tif,F02C
EP3322883B1,F0001,/home/safe/Desktop/yassine/Vectorization/data/PatentData/ReorganisedData/EP3322883B1/EP3322883B1_F0001.tif,F01P
EP3322894B1,F0001,/home/safe/Desktop/yassine/Vectorization/data/PatentData/ReorganisedData/EP3322894B1/EP3322894B1_F0001.tif,F03D
EP3322902B1,F0002,/home/safe/Desktop/yassine/Vectorization/data/PatentData/ReorganisedData/EP3322902B1/EP3322902B1_F0002.tif,F04F
EP3322952B1,F0007,/home/safe/Desktop/yassine/Vectorization/data/PatentData/ReorganisedData/EP3322952B1/EP3322952B1_F0007.tif,F24B
EP3322955B1,F0002,/home/safe/Desktop/yassine/Vectorization/data/PatentData/ReorganisedData/EP3322955B1/EP3322955B1_F0002.tif,F28D
EP3323027B1,F0001,/home/safe/Desktop/yassine/Vectorization/data/PatentData/ReorganisedData/EP3323027B1/EP3323027B1_F0001.tif,B64C
EP3323488B1,F0001,/home/safe/Desktop/yassine/Vectorization/data/PatentData/ReorganisedData/EP3323488B1/EP3323488B1_F0001.tif,B01D
EP3323534B1,F0001,/home/safe/Desktop/yassine/Vectorization/data/PatentData/ReorganisedData/EP3323534B1/EP3323534B1_F0001.tif,B22F
EP3323541B1,F0001,/home/safe/Desktop/yassine/Vectorization/data/PatentData/ReorganisedData/EP3323541B1/EP3323541B1_F0001.tif,B23C
EP3323625B1,F0001,/home/safe/Desktop/yassine/Vectorization/data/PatentData/ReorganisedData/EP3323625B1/EP3323625B1_F0001.tif,B42D
EP3323629B1,F0001,/home/safe/Desktop/yassine/Vectorization/data/PatentData/ReorganisedData/EP3323629B1/EP3323629B1_F0001.tif,B60B
EP3323654B1,F0002,/home/safe/Desktop/yassine/Vectorization/data/PatentData/ReorganisedData/EP3323654B1/EP3323654B1_F0002.tif,B60W
EP3323659B1,F0001,/home/safe/Desktop/yassine/Vectorization/data/PatentData/ReorganisedData/EP3323659B1/EP3323659B1_F0001.tif,B60L
EP3323745B1,F0002,/home/safe/Desktop/yassine/Vectorization/data/PatentData/ReorganisedData/EP3323745B1/EP3323745B1_F0002.tif,B65C
EP3323760B1,F0003,/home/safe/Desktop/yassine/Vectorization/data/PatentData/ReorganisedData/EP3323760B1/EP3323760B1_F0003.tif,B65H
EP3323775B1,F0006,/home/safe/Desktop/yassine/Vectorization/data/PatentData/ReorganisedData/EP3323775B1/EP3323775B1_F0006.tif,B67D
EP3323985B1,F0002,/home/safe/Desktop/yassine/Vectorization/data/PatentData/ReorganisedData/EP3323985B1/EP3323985B1_F0002.tif,F01D
EP3324098B1,F0001,/home/safe/Desktop/yassine/Vectorization/data/PatentData/ReorganisedData/EP3324098B1/EP3324098B1_F0001.tif,F21K
EP3325149B1,F0002,/home/safe/Desktop/yassine/Vectorization/data/PatentData/ReorganisedData/EP3325149B1/EP3325149B1_F0002.tif,B01L
EP3325256B1,F0002,/home/safe/Desktop/yassine/Vectorization/data/PatentData/ReorganisedData/EP3325256B1/EP3325256B1_F0002.tif,B29C
EP3325285B1,F0001,/home/safe/Desktop/yassine/Vectorization/data/PatentData/ReorganisedData/EP3325285B1/EP3325285B1_F0001.tif,B60C
EP3325289B1,F0005,/home/safe/Desktop/yassine/Vectorization/data/PatentData/ReorganisedData/EP3325289B1/EP3325289B1_F0005.tif,B60C
EP3325338B1,F0003,/home/safe/Desktop/yassine/Vectorization/data/PatentData/ReorganisedData/EP3325338B1/EP3325338B1_F0003.tif,B63B
EP3325368B1,F0004,/home/safe/Desktop/yassine/Vectorization/data/PatentData/ReorganisedData/EP3325368B1/EP3325368B1_F0004.tif,B65D
EP3325774B1,F0001,/home/safe/Desktop/yassine/Vectorization/data/PatentData/ReorganisedData/EP3325774B1/EP3325774B1_F0001.tif,F01D
EP3325777B1,F0001,/home/safe/Desktop/yassine/Vectorization/data/PatentData/ReorganisedData/EP3325777B1/EP3325777B1_F0001.tif,F01D
EP3325784B1,F0001,/home/safe/Desktop/yassine/Vectorization/data/PatentData/ReorganisedData/EP3325784B1/EP3325784B1_F0001.tif,F02B
EP3325815B1,F0001,/home/safe/Desktop/yassine/Vectorization/data/PatentData/ReorganisedData/EP3325815B1/EP3325815B1_F0001.tif,F04D
EP3325836B1,F0001,/home/safe/Desktop/yassine/Vectorization/data/PatentData/ReorganisedData/EP3325836B1/EP3325836B1_F0001.tif,F16D
EP3325859B1,F0001,/home/safe/Desktop/yassine/Vectorization/data/PatentData/ReorganisedData/EP3325859B1/EP3325859B1_F0001.tif,F16K
EP3325907B1,F0001,/home/safe/Desktop/yassine/Vectorization/data/PatentData/ReorganisedData/EP3325907B1/EP3325907B1_F0001.tif,F26B
EP3326810B1,F0001,/home/safe/Desktop/yassine/Vectorization/data/PatentData/ReorganisedData/EP3326810B1/EP3326810B1_F0001.tif,B32B
EP3326845B1,F0001,/home/safe/Desktop/yassine/Vectorization/data/PatentData/ReorganisedData/EP3326845B1/EP3326845B1_F0001.tif,B60G
EP3326851B1,F0001,/home/safe/Desktop/yassine/Vectorization/data/PatentData/ReorganisedData/EP3326851B1/EP3326851B1_F0001.tif,B60J
EP3326872B1,F0002,/home/safe/Desktop/yassine/Vectorization/data/PatentData/ReorganisedData/EP3326872B1/EP3326872B1_F0002.tif,B60T
EP3326894B1,F0001,/home/safe/Desktop/yassine/Vectorization/data/PatentData/ReorganisedData/EP3326894B1/EP3326894B1_F0001.tif,B62H
EP3327254B1,F0002,/home/safe/Desktop/yassine/Vectorization/data/PatentData/ReorganisedData/EP3327254B1/EP3327254B1_F0002.tif,F01D
EP3327256B1,F0001,/home/safe/Desktop/yassine/Vectorization/data/PatentData/ReorganisedData/EP3327256B1/EP3327256B1_F0001.tif,F01D
EP3327265B1,F0001,/home/safe/Desktop/yassine/Vectorization/data/PatentData/ReorganisedData/EP3327265B1/EP3327265B1_F0001.tif,F01N
EP3327330B1,F0001,/home/safe/Desktop/yassine/Vectorization/data/PatentData/ReorganisedData/EP3327330B1/EP3327330B1_F0001.tif,F16M
EP3327343B1,F0003,/home/safe/Desktop/yassine/Vectorization/data/PatentData/ReorganisedData/EP3327343B1/EP3327343B1_F0003.tif,F21V
EP3328571B1,F0002,/home/safe/Desktop/yassine/Vectorization/data/PatentData/ReorganisedData/EP3328571B1/EP3328571B1_F0002.tif,B21D
EP3328598B1,F0002,/home/safe/Desktop/yassine/Vectorization/data/PatentData/ReorganisedData/EP3328598B1/EP3328598B1_F0002.tif,B25J
EP3328641B1,F0001,/home/safe/Desktop/yassine/Vectorization/data/PatentData/ReorganisedData/EP3328641B1/EP3328641B1_F0001.tif,B32B
EP3328740B1,F0001,/home/safe/Desktop/yassine/Vectorization/data/PatentData/ReorganisedData/EP3328740B1/EP3328740B1_F0001.tif,B65B
EP3328742B1,F0001,/home/safe/Desktop/yassine/Vectorization/data/PatentData/ReorganisedData/EP3328742B1/EP3328742B1_F0001.tif,B65B
EP3328782B1,F0001,/home/safe/Desktop/yassine/Vectorization/data/PatentData/ReorganisedData/EP3328782B1/EP3328782B1_F0001.tif,B66D
EP3329046B1,F0001,/home/safe/Desktop/yassine/Vectorization/data/PatentData/ReorganisedData/EP3329046B1/EP3329046B1_F0001.tif,B01D
EP3329107B1,F0001,/home/safe/Desktop/yassine/Vectorization/data/PatentData/ReorganisedData/EP3329107B1/EP3329107B1_F0001.tif,F02F
EP3329114B1,F0001,/home/safe/Desktop/yassine/Vectorization/data/PatentData/ReorganisedData/EP3329114B1/EP3329114B1_F0001.tif,F02M
EP3329116B1,F0001,/home/safe/Desktop/yassine/Vectorization/data/PatentData/ReorganisedData/EP3329116B1/EP3329116B1_F0001.tif,F03B
EP3329153B1,F0001,/home/safe/Desktop/yassine/Vectorization/data/PatentData/ReorganisedData/EP3329153B1/EP3329153B1_F0001.tif,F16H
EP3330091B1,F0003,/home/safe/Desktop/yassine/Vectorization/data/PatentData/ReorganisedData/EP3330091B1/EP3330091B1_F0003.tif,B41J
EP3330094B1,F0001,/home/safe/Desktop/yassine/Vectorization/data/PatentData/ReorganisedData/EP3330094B1/EP3330094B1_F0001.tif,B41K
EP3330189B1,F0001,/home/safe/Desktop/yassine/Vectorization/data/PatentData/ReorganisedData/EP3330189B1/EP3330189B1_F0001.tif,B64G
EP3330497B1,F0003,/home/safe/Desktop/yassine/Vectorization/data/PatentData/ReorganisedData/EP3330497B1/EP3330497B1_F0003.tif,F01D
EP3330502B1,F0001,/home/safe/Desktop/yassine/Vectorization/data/PatentData/ReorganisedData/EP3330502B1/EP3330502B1_F0001.tif,F01M
EP3330540B1,F0001,/home/safe/Desktop/yassine/Vectorization/data/PatentData/ReorganisedData/EP3330540B1/EP3330540B1_F0001.tif,F04B
EP3330557B1,F0001,/home/safe/Desktop/yassine/Vectorization/data/PatentData/ReorganisedData/EP3330557B1/EP3330557B1_F0001.tif,F16C
EP3330561B1,F0001,/home/safe/Desktop/yassine/Vectorization/data/PatentData/ReorganisedData/EP3330561B1/EP3330561B1_F0001.tif,F01P
EP3330579B1,F0001,/home/safe/Desktop/yassine/Vectorization/data/PatentData/ReorganisedData/EP3330579B1/EP3330579B1_F0001.tif,F16J
EP3330631B1,F0001,/home/safe/Desktop/yassine/Vectorization/data/PatentData/ReorganisedData/EP3330631B1/EP3330631B1_F0001.tif,F24F
EP3330661B1,F0001,/home/safe/Desktop/yassine/Vectorization/data/PatentData/ReorganisedData/EP3330661B1/EP3330661B1_F0001.tif,F41C
EP3331710B1,F0002,/home/safe/Desktop/yassine/Vectorization/data/PatentData/ReorganisedData/EP3331710B1/EP3331710B1_F0002.tif,B60C
EP3331712B1,F0001,/home/safe/Desktop/yassine/Vectorization/data/PatentData/ReorganisedData/EP3331712B1/EP3331712B1_F0001.tif,B60G
EP3331714B1,F0001,/home/safe/Desktop/yassine/Vectorization/data/PatentData/ReorganisedData/EP3331714B1/EP3331714B1_F0001.tif,B60H
EP3331726B1,F0001,/home/safe/Desktop/yassine/Vectorization/data/PatentData/ReorganisedData/EP3331726B1/EP3331726B1_F0001.tif,B60Q
EP3331728B1,F0001,/home/safe/Desktop/yassine/Vectorization/data/PatentData/ReorganisedData/EP3331728B1/EP3331728B1_F0001.tif,B60R
EP3331750B1,F0001,/home/safe/Desktop/yassine/Vectorization/data/PatentData/ReorganisedData/EP3331750B1/EP3331750B1_F0001.tif,B62D
EP3331813B1,F0001,/home/safe/Desktop/yassine/Vectorization/data/PatentData/ReorganisedData/EP3331813B1/EP3331813B1_F0001.tif,B67D
EP3332134B1,F0001,/home/safe/Desktop/yassine/Vectorization/data/PatentData/ReorganisedData/EP3332134B1/EP3332134B1_F0001.tif,F16C
EP3332137B1,F0001,/home/safe/Desktop/yassine/Vectorization/data/PatentData/ReorganisedData/EP3332137B1/EP3332137B1_F0001.tif,F16C
EP3332138B1,F0001,/home/safe/Desktop/yassine/Vectorization/data/PatentData/ReorganisedData/EP3332138B1/EP3332138B1_F0001.tif,B60K
EP3332165B1,F0008,/home/safe/Desktop/yassine/Vectorization/data/PatentData/ReorganisedData/EP3332165B1/EP3332165B1_F0008.tif,F16M
EP3332857B1,F0001,/home/safe/Desktop/yassine/Vectorization/data/PatentData/ReorganisedData/EP3332857B1/EP3332857B1_F0001.tif,B01D
EP3332890B1,F0001,/home/safe/Desktop/yassine/Vectorization/data/PatentData/ReorganisedData/EP3332890B1/EP3332890B1_F0001.tif,B22D
EP3333055B1,F0001,/home/safe/Desktop/yassine/Vectorization/data/PatentData/ReorganisedData/EP3333055B1/EP3333055B1_F0001.tif,B62J
EP3333076B1,F0002,/home/safe/Desktop/yassine/Vectorization/data/PatentData/ReorganisedData/EP3333076B1/EP3333076B1_F0002.tif,B64D
EP3333449B1,F0001,/home/safe/Desktop/yassine/Vectorization/data/PatentData/ReorganisedData/EP3333449B1/EP3333449B1_F0001.tif,F16F
EP3334653B1,F0001,/home/safe/Desktop/yassine/Vectorization/data/PatentData/ReorganisedData/EP3334653B1/EP3334653B1_F0001.tif,B64D
EP3335910B1,F0003,/home/safe/Desktop/yassine/Vectorization/data/PatentData/ReorganisedData/EP3335910B1/EP3335910B1_F0003.tif,B60C
EP3335929B1,F0001,/home/safe/Desktop/yassine/Vectorization/data/PatentData/ReorganisedData/EP3335929B1/EP3335929B1_F0001.tif,B60N
EP3335947B1,F0001,/home/safe/Desktop/yassine/Vectorization/data/PatentData/ReorganisedData/EP3335947B1/EP3335947B1_F0001.tif,B60S
EP3335977B1,F0001,/home/safe/Desktop/yassine/Vectorization/data/PatentData/ReorganisedData/EP3335977B1/EP3335977B1_F0001.tif,B63B
EP3336023B1,F0001,/home/safe/Desktop/yassine/Vectorization/data/PatentData/ReorganisedData/EP3336023B1/EP3336023B1_F0001.tif,B65G
EP3336389B1,F0001,/home/safe/Desktop/yassine/Vectorization/data/PatentData/ReorganisedData/EP3336389B1/EP3336389B1_F0001.tif,F16H
EP3337593B1,F0001,/home/safe/Desktop/yassine/Vectorization/data/PatentData/ReorganisedData/EP3337593B1/EP3337593B1_F0001.tif,B01D
EP3337643B1,F0001,/home/safe/Desktop/yassine/Vectorization/data/PatentData/ReorganisedData/EP3337643B1/EP3337643B1_F0001.tif,B24D
EP3338044B1,F0001,/home/safe/Desktop/yassine/Vectorization/data/PatentData/ReorganisedData/EP3338044B1/EP3338044B1_F0001.tif,F28D
EP3338987B1,F0001,/home/safe/Desktop/yassine/Vectorization/data/PatentData/ReorganisedData/EP3338987B1/EP3338987B1_F0001.tif,B29C
EP3339085B1,F0001,/home/safe/Desktop/yassine/Vectorization/data/PatentData/ReorganisedData/EP3339085B1/EP3339085B1_F0001.tif,B60L
EP3339242B1,F0001,/home/safe/Desktop/yassine/Vectorization/data/PatentData/ReorganisedData/EP3339242B1/EP3339242B1_F0001.tif,B81B
EP3339580B1,F0002,/home/safe/Desktop/yassine/Vectorization/data/PatentData/ReorganisedData/EP3339580B1/EP3339580B1_F0002.tif,F01D
EP3339710B1,F0001,/home/safe/Desktop/yassine/Vectorization/data/PatentData/ReorganisedData/EP3339710B1/EP3339710B1_F0001.tif,F16L
EP3339770B1,F0001,/home/safe/Desktop/yassine/Vectorization/data/PatentData/ReorganisedData/EP3339770B1/EP3339770B1_F0001.tif,F25D
EP3339793B1,F0002,/home/safe/Desktop/yassine/Vectorization/data/PatentData/ReorganisedData/EP3339793B1/EP3339793B1_F0002.tif,F28F
EP3341103B1,F0001,/home/safe/Desktop/yassine/Vectorization/data/PatentData/ReorganisedData/EP3341103B1/EP3341103B1_F0001.tif,B01D
EP3341114B1,F0001,/home/safe/Desktop/yassine/Vectorization/data/PatentData/ReorganisedData/EP3341114B1/EP3341114B1_F0001.tif,B01J
EP3341214B1,F0001,/home/safe/Desktop/yassine/Vectorization/data/PatentData/ReorganisedData/EP3341214B1/EP3341214B1_F0001.tif,B42D
EP3341268B1,F0002,/home/safe/Desktop/yassine/Vectorization/data/PatentData/ReorganisedData/EP3341268B1/EP3341268B1_F0002.tif,B62D
EP3341270B1,F0001,/home/safe/Desktop/yassine/Vectorization/data/PatentData/ReorganisedData/EP3341270B1/EP3341270B1_F0001.tif,B62B
EP3341274B1,F0003,/home/safe/Desktop/yassine/Vectorization/data/PatentData/ReorganisedData/EP3341274B1/EP3341274B1_F0003.tif,B62K
EP3341321B1,F0001,/home/safe/Desktop/yassine/Vectorization/data/PatentData/ReorganisedData/EP3341321B1/EP3341321B1_F0001.tif,B67D
EP3341567B1,F0001,/home/safe/Desktop/yassine/Vectorization/data/PatentData/ReorganisedData/EP3341567B1/EP3341567B1_F0001.tif,F02C
EP3341582B1,F0012,/home/safe/Desktop/yassine/Vectorization/data/PatentData/ReorganisedData/EP3341582B1/EP3341582B1_F0012.tif,F01K
EP3341584B1,F0009,/home/safe/Desktop/yassine/Vectorization/data/PatentData/ReorganisedData/EP3341584B1/EP3341584B1_F0009.tif,F01K
EP3341585B1,F0009,/home/safe/Desktop/yassine/Vectorization/data/PatentData/ReorganisedData/EP3341585B1/EP3341585B1_F0009.tif,F01K
EP3341586B1,F0009,/home/safe/Desktop/yassine/Vectorization/data/PatentData/ReorganisedData/EP3341586B1/EP3341586B1_F0009.tif,F01K
EP3341587B1,F0009,/home/safe/Desktop/yassine/Vectorization/data/PatentData/ReorganisedData/EP3341587B1/EP3341587B1_F0009.tif,F01K
EP3341591B1,F0004,/home/safe/Desktop/yassine/Vectorization/data/PatentData/ReorganisedData/EP3341591B1/EP3341591B1_F0004.tif,F01K
EP3341609B1,F0001,/home/safe/Desktop/yassine/Vectorization/data/PatentData/ReorganisedData/EP3341609B1/EP3341609B1_F0001.tif,F03D
EP3342647B1,F0001,/home/safe/Desktop/yassine/Vectorization/data/PatentData/ReorganisedData/EP3342647B1/EP3342647B1_F0001.tif,B60R
EP3342693B1,F0001,/home/safe/Desktop/yassine/Vectorization/data/PatentData/ReorganisedData/EP3342693B1/EP3342693B1_F0001.tif,B62K
EP3343002B1,F0001,/home/safe/Desktop/yassine/Vectorization/data/PatentData/ReorganisedData/EP3343002B1/EP3343002B1_F0001.tif,F02C
EP3343016B1,F0001,/home/safe/Desktop/yassine/Vectorization/data/PatentData/ReorganisedData/EP3343016B1/EP3343016B1_F0001.tif,F02M
EP3343077B1,F0002,/home/safe/Desktop/yassine/Vectorization/data/PatentData/ReorganisedData/EP3343077B1/EP3343077B1_F0002.tif,F16K
EP3343098B1,F0001,/home/safe/Desktop/yassine/Vectorization/data/PatentData/ReorganisedData/EP3343098B1/EP3343098B1_F0001.tif,F21V
EP3344458B1,F0001,/home/safe/Desktop/yassine/Vectorization/data/PatentData/ReorganisedData/EP3344458B1/EP3344458B1_F0001.tif,B41F
EP3344495B1,F0002,/home/safe/Desktop/yassine/Vectorization/data/PatentData/ReorganisedData/EP3344495B1/EP3344495B1_F0002.tif,B60Q
EP3344527B1,F0001,/home/safe/Desktop/yassine/Vectorization/data/PatentData/ReorganisedData/EP3344527B1/EP3344527B1_F0001.tif,B62M
EP3344545B1,F0001,/home/safe/Desktop/yassine/Vectorization/data/PatentData/ReorganisedData/EP3344545B1/EP3344545B1_F0001.tif,B64D
EP3344872B1,F0001,/home/safe/Desktop/yassine/Vectorization/data/PatentData/ReorganisedData/EP3344872B1/EP3344872B1_F0001.tif,F03G
EP3344887B1,F0001,/home/safe/Desktop/yassine/Vectorization/data/PatentData/ReorganisedData/EP3344887B1/EP3344887B1_F0001.tif,F16D
EP3344888B1,F0001,/home/safe/Desktop/yassine/Vectorization/data/PatentData/ReorganisedData/EP3344888B1/EP3344888B1_F0001.tif,F16D
EP3344901B1,F0002,/home/safe/Desktop/yassine/Vectorization/data/PatentData/ReorganisedData/EP3344901B1/EP3344901B1_F0002.tif,F02C
EP3345794B1,F0004,/home/safe/Desktop/yassine/Vectorization/data/PatentData/ReorganisedData/EP3345794B1/EP3345794B1_F0004.tif,B60R
EP3345825B1,F0001,/home/safe/Desktop/yassine/Vectorization/data/PatentData/ReorganisedData/EP3345825B1/EP3345825B1_F0001.tif,B64C
EP3345829B1,F0001,/home/safe/Desktop/yassine/Vectorization/data/PatentData/ReorganisedData/EP3345829B1/EP3345829B1_F0001.tif,B64C
EP3345863A3,A0001,/home/safe/Desktop/yassine/Vectorization/data/PatentData/ReorganisedData/EP3345863A3/EP3345863A3_A0001.tif,B67C
EP3346219B1,F0001,/home/safe/Desktop/yassine/Vectorization/data/PatentData/ReorganisedData/EP3346219B1/EP3346219B1_F0001.tif,F28D
EP3347130B1,F0004,/home/safe/Desktop/yassine/Vectorization/data/PatentData/ReorganisedData/EP3347130B1/EP3347130B1_F0004.tif,B01L
EP3347142B1,F0003,/home/safe/Desktop/yassine/Vectorization/data/PatentData/ReorganisedData/EP3347142B1/EP3347142B1_F0003.tif,B07B
EP3347210B1,F0001,/home/safe/Desktop/yassine/Vectorization/data/PatentData/ReorganisedData/EP3347210B1/EP3347210B1_F0001.tif,B42C
EP3347213B1,F0001,/home/safe/Desktop/yassine/Vectorization/data/PatentData/ReorganisedData/EP3347213B1/EP3347213B1_F0001.tif,B60C
EP3347244B1,F0001,/home/safe/Desktop/yassine/Vectorization/data/PatentData/ReorganisedData/EP3347244B1/EP3347244B1_F0001.tif,B60R
EP3347578B1,F0001,/home/safe/Desktop/yassine/Vectorization/data/PatentData/ReorganisedData/EP3347578B1/EP3347578B1_F0001.tif,F01L
EP3347603B1,F0001,/home/safe/Desktop/yassine/Vectorization/data/PatentData/ReorganisedData/EP3347603B1/EP3347603B1_F0001.tif,F16B
EP3348404B1,F0001,/home/safe/Desktop/yassine/Vectorization/data/PatentData/ReorganisedData/EP3348404B1/EP3348404B1_F0001.tif,B41J
EP3348941B1,F0001,/home/safe/Desktop/yassine/Vectorization/data/PatentData/ReorganisedData/EP3348941B1/EP3348941B1_F0001.tif,F25D
EP3348950B1,F0001,/home/safe/Desktop/yassine/Vectorization/data/PatentData/ReorganisedData/EP3348950B1/EP3348950B1_F0001.tif,F41G
EP3349888B1,F0001,/home/safe/Desktop/yassine/Vectorization/data/PatentData/ReorganisedData/EP3349888B1/EP3349888B1_F0001.tif,B01F
EP3349901B1,F0001,/home/safe/Desktop/yassine/Vectorization/data/PatentData/ReorganisedData/EP3349901B1/EP3349901B1_F0001.tif,B01L
EP3350001B1,F0001,/home/safe/Desktop/yassine/Vectorization/data/PatentData/ReorganisedData/EP3350001B1/EP3350001B1_F0001.tif,B60J
EP3350014B1,F0001,/home/safe/Desktop/yassine/Vectorization/data/PatentData/ReorganisedData/EP3350014B1/EP3350014B1_F0001.tif,B60K
EP3350081B1,F0001,/home/safe/Desktop/yassine/Vectorization/data/PatentData/ReorganisedData/EP3350081B1/EP3350081B1_F0001.tif,B65B
EP3350482B1,F0001,/home/safe/Desktop/yassine/Vectorization/data/PatentData/ReorganisedData/EP3350482B1/EP3350482B1_F0001.tif,F16H
EP3350505B1,F0002,/home/safe/Desktop/yassine/Vectorization/data/PatentData/ReorganisedData/EP3350505B1/EP3350505B1_F0002.tif,F21S
EP3350527B1,F0003,/home/safe/Desktop/yassine/Vectorization/data/PatentData/ReorganisedData/EP3350527B1/EP3350527B1_F0003.tif,F27B
EP3351372B1,F0001,/home/safe/Desktop/yassine/Vectorization/data/PatentData/ReorganisedData/EP3351372B1/EP3351372B1_F0001.tif,B29D
EP3351459B1,F0001,/home/safe/Desktop/yassine/Vectorization/data/PatentData/ReorganisedData/EP3351459B1/EP3351459B1_F0001.tif,B62D
EP3352926B1,F0001,/home/safe/Desktop/yassine/Vectorization/data/PatentData/ReorganisedData/EP3352926B1/EP3352926B1_F0001.tif,B21D
EP3353026B1,F0004,/home/safe/Desktop/yassine/Vectorization/data/PatentData/ReorganisedData/EP3353026B1/EP3353026B1_F0004.tif,B60T
EP3353428B1,F0001,/home/safe/Desktop/yassine/Vectorization/data/PatentData/ReorganisedData/EP3353428B1/EP3353428B1_F0001.tif,F16B
EP3354428B1,F0001,/home/safe/Desktop/yassine/Vectorization/data/PatentData/ReorganisedData/EP3354428B1/EP3354428B1_F0001.tif,B26F
EP3354462B1,F0001,/home/safe/Desktop/yassine/Vectorization/data/PatentData/ReorganisedData/EP3354462B1/EP3354462B1_F0001.tif,B41J
EP3354472B1,F0002,/home/safe/Desktop/yassine/Vectorization/data/PatentData/ReorganisedData/EP3354472B1/EP3354472B1_F0002.tif,B41J
EP3354572B1,F0001,/home/safe/Desktop/yassine/Vectorization/data/PatentData/ReorganisedData/EP3354572B1/EP3354572B1_F0001.tif,B64D
EP3354862B1,F0001,/home/safe/Desktop/yassine/Vectorization/data/PatentData/ReorganisedData/EP3354862B1/EP3354862B1_F0001.tif,F01D
EP3354899B1,F0003,/home/safe/Desktop/yassine/Vectorization/data/PatentData/ReorganisedData/EP3354899B1/EP3354899B1_F0003.tif,F04C
EP3354930B1,F0002,/home/safe/Desktop/yassine/Vectorization/data/PatentData/ReorganisedData/EP3354930B1/EP3354930B1_F0002.tif,F16F
EP3356161B1,F0001,/home/safe/Desktop/yassine/Vectorization/data/PatentData/ReorganisedData/EP3356161B1/EP3356161B1_F0001.tif,B60C
EP3356728B1,F0001,/home/safe/Desktop/yassine/Vectorization/data/PatentData/ReorganisedData/EP3356728B1/EP3356728B1_F0001.tif,F21Y
EP3356757B1,F0001,/home/safe/Desktop/yassine/Vectorization/data/PatentData/ReorganisedData/EP3356757B1/EP3356757B1_F0001.tif,F28F
EP3357558B1,F0001,/home/safe/Desktop/yassine/Vectorization/data/PatentData/ReorganisedData/EP3357558B1/EP3357558B1_F0001.tif,B01D
EP3357663B1,F0001,/home/safe/Desktop/yassine/Vectorization/data/PatentData/ReorganisedData/EP3357663B1/EP3357663B1_F0001.tif,B29C
EP3357807B1,F0001,/home/safe/Desktop/yassine/Vectorization/data/PatentData/ReorganisedData/EP3357807B1/EP3357807B1_F0001.tif,B64C
EP3357845B1,F0001,/home/safe/Desktop/yassine/Vectorization/data/PatentData/ReorganisedData/EP3357845B1/EP3357845B1_F0001.tif,B65H
EP3358244B1,F0001,/home/safe/Desktop/yassine/Vectorization/data/PatentData/ReorganisedData/EP3358244B1/EP3358244B1_F0001.tif,F21S
EP3358266B1,F0002,/home/safe/Desktop/yassine/Vectorization/data/PatentData/ReorganisedData/EP3358266B1/EP3358266B1_F0002.tif,F24F
EP3359283B1,F0001,/home/safe/Desktop/yassine/Vectorization/data/PatentData/ReorganisedData/EP3359283B1/EP3359283B1_F0001.tif,B01D
EP3359372B1,F0002,/home/safe/Desktop/yassine/Vectorization/data/PatentData/ReorganisedData/EP3359372B1/EP3359372B1_F0002.tif,B29C
EP3359447B1,F0001,/home/safe/Desktop/yassine/Vectorization/data/PatentData/ReorganisedData/EP3359447B1/EP3359447B1_F0001.tif,B64D
EP3360695B1,F0001,/home/safe/Desktop/yassine/Vectorization/data/PatentData/ReorganisedData/EP3360695B1/EP3360695B1_F0001.tif,B29D
EP3361053B1,F0001,/home/safe/Desktop/yassine/Vectorization/data/PatentData/ReorganisedData/EP3361053B1/EP3361053B1_F0001.tif,F01D
EP3361055B1,F0001,/home/safe/Desktop/yassine/Vectorization/data/PatentData/ReorganisedData/EP3361055B1/EP3361055B1_F0001.tif,F01D
EP3361090B1,F0001,/home/safe/Desktop/yassine/Vectorization/data/PatentData/ReorganisedData/EP3361090B1/EP3361090B1_F0001.tif,F03D
EP3361150B1,F0001,/home/safe/Desktop/yassine/Vectorization/data/PatentData/ReorganisedData/EP3361150B1/EP3361150B1_F0001.tif,F21V
EP3361174B1,F0001,/home/safe/Desktop/yassine/Vectorization/data/PatentData/ReorganisedData/EP3361174B1/EP3361174B1_F0001.tif,F24F
EP3362198B1,F0001,/home/safe/Desktop/yassine/Vectorization/data/PatentData/ReorganisedData/EP3362198B1/EP3362198B1_F0001.tif,B21B
EP3362251B1,F0001,/home/safe/Desktop/yassine/Vectorization/data/PatentData/ReorganisedData/EP3362251B1/EP3362251B1_F0001.tif,B29C
EP3362260B1,F0001,/home/safe/Desktop/yassine/Vectorization/data/PatentData/ReorganisedData/EP3362260B1/EP3362260B1_F0001.tif,B29C
EP3362309B1,F0001,/home/safe/Desktop/yassine/Vectorization/data/PatentData/ReorganisedData/EP3362309B1/EP3362309B1_F0001.tif,B60K
EP3362335B1,F0001,/home/safe/Desktop/yassine/Vectorization/data/PatentData/ReorganisedData/EP3362335B1/EP3362335B1_F0001.tif,B62D
EP3362646B1,F0001,/home/safe/Desktop/yassine/Vectorization/data/PatentData/ReorganisedData/EP3362646B1/EP3362646B1_F0001.tif,F01C
EP3363610B1,F0003,/home/safe/Desktop/yassine/Vectorization/data/PatentData/ReorganisedData/EP3363610B1/EP3363610B1_F0003.tif,B29B
EP3363730B1,F0001,/home/safe/Desktop/yassine/Vectorization/data/PatentData/ReorganisedData/EP3363730B1/EP3363730B1_F0001.tif,B64C
EP3364011B1,F0001,/home/safe/Desktop/yassine/Vectorization/data/PatentData/ReorganisedData/EP3364011B1/EP3364011B1_F0001.tif,F02B
EP3365202B1,F0001,/home/safe/Desktop/yassine/Vectorization/data/PatentData/ReorganisedData/EP3365202B1/EP3365202B1_F0001.tif,B60R
EP3365249B1,F0001,/home/safe/Desktop/yassine/Vectorization/data/PatentData/ReorganisedData/EP3365249B1/EP3365249B1_F0001.tif,B65D
EP3365565B1,F0002,/home/safe/Desktop/yassine/Vectorization/data/PatentData/ReorganisedData/EP3365565B1/EP3365565B1_F0002.tif,F16B
EP3365585B1,F0001,/home/safe/Desktop/yassine/Vectorization/data/PatentData/ReorganisedData/EP3365585B1/EP3365585B1_F0001.tif,F16L
EP3365596B1,F0004,/home/safe/Desktop/yassine/Vectorization/data/PatentData/ReorganisedData/EP3365596B1/EP3365596B1_F0004.tif,F21S
EP3366466B1,F0002,/home/safe/Desktop/yassine/Vectorization/data/PatentData/ReorganisedData/EP3366466B1/EP3366466B1_F0002.tif,B32B
EP3366484B1,F0001,/home/safe/Desktop/yassine/Vectorization/data/PatentData/ReorganisedData/EP3366484B1/EP3366484B1_F0001.tif,B41J
EP3366503B1,F0001,/home/safe/Desktop/yassine/Vectorization/data/PatentData/ReorganisedData/EP3366503B1/EP3366503B1_F0001.tif,B60H
EP3366561B1,F0001,/home/safe/Desktop/yassine/Vectorization/data/PatentData/ReorganisedData/EP3366561B1/EP3366561B1_F0001.tif,B62K
EP3366628B1,F0001,/home/safe/Desktop/yassine/Vectorization/data/PatentData/ReorganisedData/EP3366628B1/EP3366628B1_F0001.tif,B66B
EP3366959B1,F0001,/home/safe/Desktop/yassine/Vectorization/data/PatentData/ReorganisedData/EP3366959B1/EP3366959B1_F0001.tif,F16K
EP3366982B1,F0001,/home/safe/Desktop/yassine/Vectorization/data/PatentData/ReorganisedData/EP3366982B1/EP3366982B1_F0001.tif,F21S
EP3368248B1,F0001,/home/safe/Desktop/yassine/Vectorization/data/PatentData/ReorganisedData/EP3368248B1/EP3368248B1_F0001.tif,B25B
EP3368317B1,F0001,/home/safe/Desktop/yassine/Vectorization/data/PatentData/ReorganisedData/EP3368317B1/EP3368317B1_F0001.tif,B41F
EP3368373B1,F0001,/home/safe/Desktop/yassine/Vectorization/data/PatentData/ReorganisedData/EP3368373B1/EP3368373B1_F0001.tif,B60R
EP3368426B1,F0001,/home/safe/Desktop/yassine/Vectorization/data/PatentData/ReorganisedData/EP3368426B1/EP3368426B1_F0001.tif,B65D
EP3369699B1,F0001,/home/safe/Desktop/yassine/Vectorization/data/PatentData/ReorganisedData/EP3369699B1/EP3369699B1_F0001.tif,B67D
EP3369936B1,F0007,/home/safe/Desktop/yassine/Vectorization/data/PatentData/ReorganisedData/EP3369936B1/EP3369936B1_F0007.tif,F04D
EP3370026B1,F0002,/home/safe/Desktop/yassine/Vectorization/data/PatentData/ReorganisedData/EP3370026B1/EP3370026B1_F0002.tif,F28D
EP3372313B1,F0001,/home/safe/Desktop/yassine/Vectorization/data/PatentData/ReorganisedData/EP3372313B1/EP3372313B1_F0001.tif,B01L
EP3374148B1,F0001,/home/safe/Desktop/yassine/Vectorization/data/PatentData/ReorganisedData/EP3374148B1/EP3374148B1_F0001.tif,B29C
EP3374690B1,F0001,/home/safe/Desktop/yassine/Vectorization/data/PatentData/ReorganisedData/EP3374690B1/EP3374690B1_F0001.tif,F21S
EP3375592B1,F0001,/home/safe/Desktop/yassine/Vectorization/data/PatentData/ReorganisedData/EP3375592B1/EP3375592B1_F0001.tif,B29C
EP3375593B1,F0001,/home/safe/Desktop/yassine/Vectorization/data/PatentData/ReorganisedData/EP3375593B1/EP3375593B1_F0001.tif,B29C
EP3377207B1,F0001,/home/safe/Desktop/yassine/Vectorization/data/PatentData/ReorganisedData/EP3377207B1/EP3377207B1_F0001.tif,B01F
EP3377241B1,F0001,/home/safe/Desktop/yassine/Vectorization/data/PatentData/ReorganisedData/EP3377241B1/EP3377241B1_F0001.tif,B21D
EP3377359B1,F0001,/home/safe/Desktop/yassine/Vectorization/data/PatentData/ReorganisedData/EP3377359B1/EP3377359B1_F0001.tif,B60K
EP3377393B1,F0001,/home/safe/Desktop/yassine/Vectorization/data/PatentData/ReorganisedData/EP3377393B1/EP3377393B1_F0001.tif,B62D
EP3378693B1,F0001,/home/safe/Desktop/yassine/Vectorization/data/PatentData/ReorganisedData/EP3378693B1/EP3378693B1_F0001.tif,B60K
EP3378721B1,F0001,/home/safe/Desktop/yassine/Vectorization/data/PatentData/ReorganisedData/EP3378721B1/EP3378721B1_F0001.tif,B60W
EP3379132B1,F0005,/home/safe/Desktop/yassine/Vectorization/data/PatentData/ReorganisedData/EP3379132B1/EP3379132B1_F0005.tif,F17D
EP3380350B1,F0001,/home/safe/Desktop/yassine/Vectorization/data/PatentData/ReorganisedData/EP3380350B1/EP3380350B1_F0001.tif,B60J
EP3380366B1,F0001,/home/safe/Desktop/yassine/Vectorization/data/PatentData/ReorganisedData/EP3380366B1/EP3380366B1_F0001.tif,B60R
EP3380396B1,F0004,/home/safe/Desktop/yassine/Vectorization/data/PatentData/ReorganisedData/EP3380396B1/EP3380396B1_F0004.tif,B63H
EP3382150B1,F0002,/home/safe/Desktop/yassine/Vectorization/data/PatentData/ReorganisedData/EP3382150B1/EP3382150B1_F0002.tif,F01D
EP3383605B1,F0001,/home/safe/Desktop/yassine/Vectorization/data/PatentData/ReorganisedData/EP3383605B1/EP3383605B1_F0001.tif,B27N
EP3383647B1,F0001,/home/safe/Desktop/yassine/Vectorization/data/PatentData/ReorganisedData/EP3383647B1/EP3383647B1_F0001.tif,B32B
EP3383685B1,F0001,/home/safe/Desktop/yassine/Vectorization/data/PatentData/ReorganisedData/EP3383685B1/EP3383685B1_F0001.tif,B60K
EP3383733B1,F0001,/home/safe/Desktop/yassine/Vectorization/data/PatentData/ReorganisedData/EP3383733B1/EP3383733B1_F0001.tif,B63B
EP3385160B1,F0001,/home/safe/Desktop/yassine/Vectorization/data/PatentData/ReorganisedData/EP3385160B1/EP3385160B1_F0001.tif,B64C
EP3386628B1,F0001,/home/safe/Desktop/yassine/Vectorization/data/PatentData/ReorganisedData/EP3386628B1/EP3386628B1_F0001.tif,B01J
EP3386895B1,F0001,/home/safe/Desktop/yassine/Vectorization/data/PatentData/ReorganisedData/EP3386895B1/EP3386895B1_F0001.tif,B65G
EP3387255B1,F0002,/home/safe/Desktop/yassine/Vectorization/data/PatentData/ReorganisedData/EP3387255B1/EP3387255B1_F0002.tif,F04B
EP3388151B1,F0001,/home/safe/Desktop/yassine/Vectorization/data/PatentData/ReorganisedData/EP3388151B1/EP3388151B1_F0001.tif,B05B
EP3388198B1,F0001,/home/safe/Desktop/yassine/Vectorization/data/PatentData/ReorganisedData/EP3388198B1/EP3388198B1_F0001.tif,B25B
EP3388262B1,F0001,/home/safe/Desktop/yassine/Vectorization/data/PatentData/ReorganisedData/EP3388262B1/EP3388262B1_F0001.tif,B60C
EP3388345B1,F0001,/home/safe/Desktop/yassine/Vectorization/data/PatentData/ReorganisedData/EP3388345B1/EP3388345B1_F0001.tif,B64D
EP3388700B1,F0002,/home/safe/Desktop/yassine/Vectorization/data/PatentData/ReorganisedData/EP3388700B1/EP3388700B1_F0002.tif,F16C
EP3390158B1,F0002,/home/safe/Desktop/yassine/Vectorization/data/PatentData/ReorganisedData/EP3390158B1/EP3390158B1_F0002.tif,B60R
EP3390205B1,F0001,/home/safe/Desktop/yassine/Vectorization/data/PatentData/ReorganisedData/EP3390205B1/EP3390205B1_F0001.tif,B62D
EP3390230B1,F0001,/home/safe/Desktop/yassine/Vectorization/data/PatentData/ReorganisedData/EP3390230B1/EP3390230B1_F0001.tif,B64G
EP3390794B1,F0001,/home/safe/Desktop/yassine/Vectorization/data/PatentData/ReorganisedData/EP3390794B1/EP3390794B1_F0001.tif,F02B
EP3390844B1,F0001,/home/safe/Desktop/yassine/Vectorization/data/PatentData/ReorganisedData/EP3390844B1/EP3390844B1_F0001.tif,F15B
EP3392022B1,F0001,/home/safe/Desktop/yassine/Vectorization/data/PatentData/ReorganisedData/EP3392022B1/EP3392022B1_F0001.tif,B29C
EP3392193B1,F0001,/home/safe/Desktop/yassine/Vectorization/data/PatentData/ReorganisedData/EP3392193B1/EP3392193B1_F0001.tif,B67D
EP3392542B1,F0002,/home/safe/Desktop/yassine/Vectorization/data/PatentData/ReorganisedData/EP3392542B1/EP3392542B1_F0002.tif,F16L
EP3394458B1,F0001,/home/safe/Desktop/yassine/Vectorization/data/PatentData/ReorganisedData/EP3394458B1/EP3394458B1_F0001.tif,F16C
EP3395599B1,F0001,/home/safe/Desktop/yassine/Vectorization/data/PatentData/ReorganisedData/EP3395599B1/EP3395599B1_F0001.tif,B60K
EP3395675B1,F0003,/home/safe/Desktop/yassine/Vectorization/data/PatentData/ReorganisedData/EP3395675B1/EP3395675B1_F0003.tif,B64C
EP3395676B1,F0002,/home/safe/Desktop/yassine/Vectorization/data/PatentData/ReorganisedData/EP3395676B1/EP3395676B1_F0002.tif,B64C
EP3395754B1,F0001,/home/safe/Desktop/yassine/Vectorization/data/PatentData/ReorganisedData/EP3395754B1/EP3395754B1_F0001.tif,B67D
EP3397393B1,F0001,/home/safe/Desktop/yassine/Vectorization/data/PatentData/ReorganisedData/EP3397393B1/EP3397393B1_F0001.tif,B05B
EP3397394B1,F0001,/home/safe/Desktop/yassine/Vectorization/data/PatentData/ReorganisedData/EP3397394B1/EP3397394B1_F0001.tif,B05B
EP3397452B1,F0001,/home/safe/Desktop/yassine/Vectorization/data/PatentData/ReorganisedData/EP3397452B1/EP3397452B1_F0001.tif,B29C
EP3397453B1,F0001,/home/safe/Desktop/yassine/Vectorization/data/PatentData/ReorganisedData/EP3397453B1/EP3397453B1_F0001.tif,B29C
EP3397476B1,F0003,/home/safe/Desktop/yassine/Vectorization/data/PatentData/ReorganisedData/EP3397476B1/EP3397476B1_F0003.tif,B32B
EP3398797B1,F0008,/home/safe/Desktop/yassine/Vectorization/data/PatentData/ReorganisedData/EP3398797B1/EP3398797B1_F0008.tif,B60G
EP3401129B1,F0004,/home/safe/Desktop/yassine/Vectorization/data/PatentData/ReorganisedData/EP3401129B1/EP3401129B1_F0004.tif,B60C
EP3401166A3,A0001,/home/safe/Desktop/yassine/Vectorization/data/PatentData/ReorganisedData/EP3401166A3/EP3401166A3_A0001.tif,B60R
EP3401210B1,F0001,/home/safe/Desktop/yassine/Vectorization/data/PatentData/ReorganisedData/EP3401210B1/EP3401210B1_F0001.tif,B64C
EP3401211B1,F0001,/home/safe/Desktop/yassine/Vectorization/data/PatentData/ReorganisedData/EP3401211B1/EP3401211B1_F0001.tif,B64C
EP3401522B1,F0004,/home/safe/Desktop/yassine/Vectorization/data/PatentData/ReorganisedData/EP3401522B1/EP3401522B1_F0004.tif,F01N
EP3402725B1,F0001,/home/safe/Desktop/yassine/Vectorization/data/PatentData/ReorganisedData/EP3402725B1/EP3402725B1_F0001.tif,B65D
EP3403883B1,F0001,/home/safe/Desktop/yassine/Vectorization/data/PatentData/ReorganisedData/EP3403883B1/EP3403883B1_F0001.tif,B60R
EP3406521B1,F0001,/home/safe/Desktop/yassine/Vectorization/data/PatentData/ReorganisedData/EP3406521B1/EP3406521B1_F0001.tif,B64C
EP3408212B1,F0001,/home/safe/Desktop/yassine/Vectorization/data/PatentData/ReorganisedData/EP3408212B1/EP3408212B1_F0001.tif,B66C
EP3409504A3,A0001,/home/safe/Desktop/yassine/Vectorization/data/PatentData/ReorganisedData/EP3409504A3/EP3409504A3_A0001.tif,B60B
EP3409597B1,F0001,/home/safe/Desktop/yassine/Vectorization/data/PatentData/ReorganisedData/EP3409597B1/EP3409597B1_F0001.tif,B65B
EP3411087B1,F0001,/home/safe/Desktop/yassine/Vectorization/data/PatentData/ReorganisedData/EP3411087B1/EP3411087B1_F0001.tif,B60H
EP3411592B1,F0001,/home/safe/Desktop/yassine/Vectorization/data/PatentData/ReorganisedData/EP3411592B1/EP3411592B1_F0001.tif,F03D
EP3412488B1,F0002,/home/safe/Desktop/yassine/Vectorization/data/PatentData/ReorganisedData/EP3412488B1/EP3412488B1_F0002.tif,B60K
EP3412916B1,F0001,/home/safe/Desktop/yassine/Vectorization/data/PatentData/ReorganisedData/EP3412916B1/EP3412916B1_F0001.tif,F04D
EP3414114B1,F0001,/home/safe/Desktop/yassine/Vectorization/data/PatentData/ReorganisedData/EP3414114B1/EP3414114B1_F0001.tif,B60G
EP3415214A3,A0001,/home/safe/Desktop/yassine/Vectorization/data/PatentData/ReorganisedData/EP3415214A3/EP3415214A3_A0001.tif,B01D
EP3415362A3,A0001,/home/safe/Desktop/yassine/Vectorization/data/PatentData/ReorganisedData/EP3415362A3/EP3415362A3_A0001.tif,B60L
EP3415424B1,F0001,/home/safe/Desktop/yassine/Vectorization/data/PatentData/ReorganisedData/EP3415424B1/EP3415424B1_F0001.tif,B64C
EP3415758B1,F0002,/home/safe/Desktop/yassine/Vectorization/data/PatentData/ReorganisedData/EP3415758B1/EP3415758B1_F0002.tif,F04B
EP3416805B1,F0001,/home/safe/Desktop/yassine/Vectorization/data/PatentData/ReorganisedData/EP3416805B1/EP3416805B1_F0001.tif,B29C
EP3418046B1,F0001,/home/safe/Desktop/yassine/Vectorization/data/PatentData/ReorganisedData/EP3418046B1/EP3418046B1_F0001.tif,B32B
EP3418096B1,F0001,/home/safe/Desktop/yassine/Vectorization/data/PatentData/ReorganisedData/EP3418096B1/EP3418096B1_F0001.tif,B60K
EP3419845B1,F0003,/home/safe/Desktop/yassine/Vectorization/data/PatentData/ReorganisedData/EP3419845B1/EP3419845B1_F0003.tif,B60J
EP3421155B1,F0001,/home/safe/Desktop/yassine/Vectorization/data/PatentData/ReorganisedData/EP3421155B1/EP3421155B1_F0001.tif,B22D
EP3421361B1,F0001,/home/safe/Desktop/yassine/Vectorization/data/PatentData/ReorganisedData/EP3421361B1/EP3421361B1_F0001.tif,B64C
EP3423205B1,F0001,/home/safe/Desktop/yassine/Vectorization/data/PatentData/ReorganisedData/EP3423205B1/EP3423205B1_F0001.tif,B21D
EP3424753B1,F0002,/home/safe/Desktop/yassine/Vectorization/data/PatentData/ReorganisedData/EP3424753B1/EP3424753B1_F0002.tif,B60C
EP3424829B1,F0001,/home/safe/Desktop/yassine/Vectorization/data/PatentData/ReorganisedData/EP3424829B1/EP3424829B1_F0001.tif,B65B
EP3425182B1,F0002,/home/safe/Desktop/yassine/Vectorization/data/PatentData/ReorganisedData/EP3425182B1/EP3425182B1_F0002.tif,F01N
EP3428023B1,F0001,/home/safe/Desktop/yassine/Vectorization/data/PatentData/ReorganisedData/EP3428023B1/EP3428023B1_F0001.tif,B60T
EP3430315B1,F0003,/home/safe/Desktop/yassine/Vectorization/data/PatentData/ReorganisedData/EP3430315B1/EP3430315B1_F0003.tif,F23R
EP3431361A3,A0001,/home/safe/Desktop/yassine/Vectorization/data/PatentData/ReorganisedData/EP3431361A3/EP3431361A3_A0001.tif,B61L
EP3431733B1,F0001,/home/safe/Desktop/yassine/Vectorization/data/PatentData/ReorganisedData/EP3431733B1/EP3431733B1_F0001.tif,F01P
EP3433094B1,F0001,/home/safe/Desktop/yassine/Vectorization/data/PatentData/ReorganisedData/EP3433094B1/EP3433094B1_F0001.tif,B32B
EP3433173B1,F0001,/home/safe/Desktop/yassine/Vectorization/data/PatentData/ReorganisedData/EP3433173B1/EP3433173B1_F0001.tif,B64G
EP3435021B1,F0001,/home/safe/Desktop/yassine/Vectorization/data/PatentData/ReorganisedData/EP3435021B1/EP3435021B1_F0001.tif,F28F
EP3437892A3,A0001,/home/safe/Desktop/yassine/Vectorization/data/PatentData/ReorganisedData/EP3437892A3/EP3437892A3_A0001.tif,B41M
EP3442763B1,F0001,/home/safe/Desktop/yassine/Vectorization/data/PatentData/ReorganisedData/EP3442763B1/EP3442763B1_F0001.tif,B29B
EP3442833B1,F0001,/home/safe/Desktop/yassine/Vectorization/data/PatentData/ReorganisedData/EP3442833B1/EP3442833B1_F0001.tif,B60R
EP3444070A3,A0001,/home/safe/Desktop/yassine/Vectorization/data/PatentData/ReorganisedData/EP3444070A3/EP3444070A3_A0001.tif,B24B
EP3447355A3,A0001,/home/safe/Desktop/yassine/Vectorization/data/PatentData/ReorganisedData/EP3447355A3/EP3447355A3_A0001.tif,F16L
EP3450755A8,A0001,/home/safe/Desktop/yassine/Vectorization/data/PatentData/ReorganisedData/EP3450755A8/EP3450755A8_A0001.tif,F04B
EP3453452A3,A0001,/home/safe/Desktop/yassine/Vectorization/data/PatentData/ReorganisedData/EP3453452A3/EP3453452A3_A0001.tif,B01J
EP3453839A3,A0001,/home/safe/Desktop/yassine/Vectorization/data/PatentData/ReorganisedData/EP3453839A3/EP3453839A3_A0001.tif,F01D
EP3453849A3,A0001,/home/safe/Desktop/yassine/Vectorization/data/PatentData/ReorganisedData/EP3453849A3/EP3453849A3_A0001.tif,F01D
EP3453969A3,A0001,/home/safe/Desktop/yassine/Vectorization/data/PatentData/ReorganisedData/EP3453969A3/EP3453969A3_A0001.tif,F23R
EP3453978A3,A0001,/home/safe/Desktop/yassine/Vectorization/data/PatentData/ReorganisedData/EP3453978A3/EP3453978A3_A0001.tif,F24D
EP3456424A3,A0001,/home/safe/Desktop/yassine/Vectorization/data/PatentData/ReorganisedData/EP3456424A3/EP3456424A3_A0001.tif,B07C
EP3456652A3,A0001,/home/safe/Desktop/yassine/Vectorization/data/PatentData/ReorganisedData/EP3456652A3/EP3456652A3_A0001.tif,B65D
EP3456663A3,A0001,/home/safe/Desktop/yassine/Vectorization/data/PatentData/ReorganisedData/EP3456663A3/EP3456663A3_A0001.tif,B65G
EP3457061A3,A0001,/home/safe/Desktop/yassine/Vectorization/data/PatentData/ReorganisedData/EP3457061A3/EP3457061A3_A0001.tif,F25J
EP3459701A3,A0001,/home/safe/Desktop/yassine/Vectorization/data/PatentData/ReorganisedData/EP3459701A3/EP3459701A3_A0001.tif,B29B
EP3459724A3,A0001,/home/safe/Desktop/yassine/Vectorization/data/PatentData/ReorganisedData/EP3459724A3/EP3459724A3_A0001.tif,B31F
EP3459725A3,A0001,/home/safe/Desktop/yassine/Vectorization/data/PatentData/ReorganisedData/EP3459725A3/EP3459725A3_A0001.tif,B31F
EP3459726A3,A0001,/home/safe/Desktop/yassine/Vectorization/data/PatentData/ReorganisedData/EP3459726A3/EP3459726A3_A0001.tif,B31F
EP3459736A3,A0001,/home/safe/Desktop/yassine/Vectorization/data/PatentData/ReorganisedData/EP3459736A3/EP3459736A3_A0001.tif,B32B
EP3460147A3,A0001,/home/safe/Desktop/yassine/Vectorization/data/PatentData/ReorganisedData/EP3460147A3/EP3460147A3_A0001.tif,B25G
EP3460201A3,A0001,/home/safe/Desktop/yassine/Vectorization/data/PatentData/ReorganisedData/EP3460201A3/EP3460201A3_A0001.tif,F01D
EP3460312A3,A0001,/home/safe/Desktop/yassine/Vectorization/data/PatentData/ReorganisedData/EP3460312A3/EP3460312A3_A0001.tif,F16M
EP3462054A3,A0001,/home/safe/Desktop/yassine/Vectorization/data/PatentData/ReorganisedData/EP3462054A3/EP3462054A3_A0001.tif,F16F
EP3473377A3,A0001,/home/safe/Desktop/yassine/Vectorization/data/PatentData/ReorganisedData/EP3473377A3/EP3473377A3_A0001.tif,B23Q
EP3473409A3,A0001,/home/safe/Desktop/yassine/Vectorization/data/PatentData/ReorganisedData/EP3473409A3/EP3473409A3_A0001.tif,B29C
EP3473557A3,A0001,/home/safe/Desktop/yassine/Vectorization/data/PatentData/ReorganisedData/EP3473557A3/EP3473557A3_A0001.tif,B65D
EP3480432A3,A0001,/home/safe/Desktop/yassine/Vectorization/data/PatentData/ReorganisedData/EP3480432A3/EP3480432A3_A0001.tif,F01D
EP3486021A3,A0001,/home/safe/Desktop/yassine/Vectorization/data/PatentData/ReorganisedData/EP3486021A3/EP3486021A3_A0001.tif,B23K
EP3486048A3,A0001,/home/safe/Desktop/yassine/Vectorization/data/PatentData/ReorganisedData/EP3486048A3/EP3486048A3_A0001.tif,B26B
EP3486468A3,A0001,/home/safe/Desktop/yassine/Vectorization/data/PatentData/ReorganisedData/EP3486468A3/EP3486468A3_A0001.tif,F02D
EP3490778A1,WO2018022328A1_F0001,/home/safe/Desktop/yassine/Vectorization/data/PatentData/ReorganisedData/EP3490778A1/WO2018022328A1_F0001.tif,B29C
EP3492156A1,F0001,/home/safe/Desktop/yassine/Vectorization/data/PatentData/ReorganisedData/EP3492156A1/EP3492156A1_F0001.tif,B01D
EP3492157A1,F0002,/home/safe/Desktop/yassine/Vectorization/data/PatentData/ReorganisedData/EP3492157A1/EP3492157A1_F0002.tif,B01D
EP3492159A1,F0001,/home/safe/Desktop/yassine/Vectorization/data/PatentData/ReorganisedData/EP3492159A1/EP3492159A1_F0001.tif,B01D
EP3492160A1,A0001,/home/safe/Desktop/yassine/Vectorization/data/PatentData/ReorganisedData/EP3492160A1/EP3492160A1_A0001.tif,B01D
EP3492161A1,F0001,/home/safe/Desktop/yassine/Vectorization/data/PatentData/ReorganisedData/EP3492161A1/EP3492161A1_F0001.tif,B01D
EP3492162A1,F0003,/home/safe/Desktop/yassine/Vectorization/data/PatentData/ReorganisedData/EP3492162A1/EP3492162A1_F0003.tif,B01F
EP3492163A1,A0001,/home/safe/Desktop/yassine/Vectorization/data/PatentData/ReorganisedData/EP3492163A1/EP3492163A1_A0001.tif,B01F
EP3492164A1,F0001,/home/safe/Desktop/yassine/Vectorization/data/PatentData/ReorganisedData/EP3492164A1/EP3492164A1_F0001.tif,B01F
EP3492165A1,A0001,/home/safe/Desktop/yassine/Vectorization/data/PatentData/ReorganisedData/EP3492165A1/EP3492165A1_A0001.tif,B01J
EP3492166A1,A0001,/home/safe/Desktop/yassine/Vectorization/data/PatentData/ReorganisedData/EP3492166A1/EP3492166A1_A0001.tif,B01J
EP3492167A1,F0002,/home/safe/Desktop/yassine/Vectorization/data/PatentData/ReorganisedData/EP3492167A1/EP3492167A1_F0002.tif,B01J
EP3492168A1,A0001,/home/safe/Desktop/yassine/Vectorization/data/PatentData/ReorganisedData/EP3492168A1/EP3492168A1_A0001.tif,B01J
EP3492169A1,A0001,/home/safe/Desktop/yassine/Vectorization/data/PatentData/ReorganisedData/EP3492169A1/EP3492169A1_A0001.tif,B01J
EP3492170A1,A0001,/home/safe/Desktop/yassine/Vectorization/data/PatentData/ReorganisedData/EP3492170A1/EP3492170A1_A0001.tif,B01J
EP3492171A1,A0001,/home/safe/Desktop/yassine/Vectorization/data/PatentData/ReorganisedData/EP3492171A1/EP3492171A1_A0001.tif,B01L
EP3492172A1,A0001,/home/safe/Desktop/yassine/Vectorization/data/PatentData/ReorganisedData/EP3492172A1/EP3492172A1_A0001.tif,B01L
EP3492173A2,A0001,/home/safe/Desktop/yassine/Vectorization/data/PatentData/ReorganisedData/EP3492173A2/EP3492173A2_A0001.tif,B02C
EP3492174A1,A0001,/home/safe/Desktop/yassine/Vectorization/data/PatentData/ReorganisedData/EP3492174A1/EP3492174A1_A0001.tif,B03C
EP3492175A1,A0001,/home/safe/Desktop/yassine/Vectorization/data/PatentData/ReorganisedData/EP3492175A1/EP3492175A1_A0001.tif,B03C
EP3492177A1,A0001,/home/safe/Desktop/yassine/Vectorization/data/PatentData/ReorganisedData/EP3492177A1/EP3492177A1_A0001.tif,B04B
EP3492178A1,A0001,/home/safe/Desktop/yassine/Vectorization/data/PatentData/ReorganisedData/EP3492178A1/EP3492178A1_A0001.tif,B05B
EP3492179A1,F0001,/home/safe/Desktop/yassine/Vectorization/data/PatentData/ReorganisedData/EP3492179A1/EP3492179A1_F0001.tif,B05B
EP3492180A1,A0001,/home/safe/Desktop/yassine/Vectorization/data/PatentData/ReorganisedData/EP3492180A1/EP3492180A1_A0001.tif,B05B
EP3492181A1,A0001,/home/safe/Desktop/yassine/Vectorization/data/PatentData/ReorganisedData/EP3492181A1/EP3492181A1_A0001.tif,B05C
EP3492184A1,A0001,/home/safe/Desktop/yassine/Vectorization/data/PatentData/ReorganisedData/EP3492184A1/EP3492184A1_A0001.tif,B07B
EP3492185A1,A0001,/home/safe/Desktop/yassine/Vectorization/data/PatentData/ReorganisedData/EP3492185A1/EP3492185A1_A0001.tif,B07C
EP3492186A1,A0001,/home/safe/Desktop/yassine/Vectorization/data/PatentData/ReorganisedData/EP3492186A1/EP3492186A1_A0001.tif,B07C
EP3492187A1,A0001,/home/safe/Desktop/yassine/Vectorization/data/PatentData/ReorganisedData/EP3492187A1/EP3492187A1_A0001.tif,B09C
EP3492188A1,A0001,/home/safe/Desktop/yassine/Vectorization/data/PatentData/ReorganisedData/EP3492188A1/EP3492188A1_A0001.tif,B21B
EP3492189A1,F0002,/home/safe/Desktop/yassine/Vectorization/data/PatentData/ReorganisedData/EP3492189A1/EP3492189A1_F0002.tif,B21D
EP3492190A1,A0001,/home/safe/Desktop/yassine/Vectorization/data/PatentData/ReorganisedData/EP3492190A1/EP3492190A1_A0001.tif,B21D
EP3492191A1,A0001,/home/safe/Desktop/yassine/Vectorization/data/PatentData/ReorganisedData/EP3492191A1/EP3492191A1_A0001.tif,B21D
EP3492192A1,A0001,/home/safe/Desktop/yassine/Vectorization/data/PatentData/ReorganisedData/EP3492192A1/EP3492192A1_A0001.tif,B21J
EP3492193A1,A0001,/home/safe/Desktop/yassine/Vectorization/data/PatentData/ReorganisedData/EP3492193A1/EP3492193A1_A0001.tif,B21K
EP3492194A1,A0001,/home/safe/Desktop/yassine/Vectorization/data/PatentData/ReorganisedData/EP3492194A1/EP3492194A1_A0001.tif,B22C
EP3492195A1,A0001,/home/safe/Desktop/yassine/Vectorization/data/PatentData/ReorganisedData/EP3492195A1/EP3492195A1_A0001.tif,B22C
EP3492196A1,F0005,/home/safe/Desktop/yassine/Vectorization/data/PatentData/ReorganisedData/EP3492196A1/EP3492196A1_F0005.tif,B22D
EP3492197A1,F0002,/home/safe/Desktop/yassine/Vectorization/data/PatentData/ReorganisedData/EP3492197A1/EP3492197A1_F0002.tif,B22D
EP3492198A1,F0004,/home/safe/Desktop/yassine/Vectorization/data/PatentData/ReorganisedData/EP3492198A1/EP3492198A1_F0004.tif,B22F
EP3492199A1,F0004,/home/safe/Desktop/yassine/Vectorization/data/PatentData/ReorganisedData/EP3492199A1/EP3492199A1_F0004.tif,B22F
EP3492200A1,F0003,/home/safe/Desktop/yassine/Vectorization/data/PatentData/ReorganisedData/EP3492200A1/EP3492200A1_F0003.tif,B22F
EP3492201A1,A0001,/home/safe/Desktop/yassine/Vectorization/data/PatentData/ReorganisedData/EP3492201A1/EP3492201A1_A0001.tif,B22F
EP3492202A1,F0001,/home/safe/Desktop/yassine/Vectorization/data/PatentData/ReorganisedData/EP3492202A1/EP3492202A1_F0001.tif,B22F
EP3492204A1,A0001,/home/safe/Desktop/yassine/Vectorization/data/PatentData/ReorganisedData/EP3492204A1/EP3492204A1_A0001.tif,B23B
EP3492205A1,F0001,/home/safe/Desktop/yassine/Vectorization/data/PatentData/ReorganisedData/EP3492205A1/EP3492205A1_F0001.tif,B23B
EP3492206A1,F0001,/home/safe/Desktop/yassine/Vectorization/data/PatentData/ReorganisedData/EP3492206A1/EP3492206A1_F0001.tif,B23C
EP3492207A1,A0001,/home/safe/Desktop/yassine/Vectorization/data/PatentData/ReorganisedData/EP3492207A1/EP3492207A1_A0001.tif,B23K
EP3492208A1,F0002,/home/safe/Desktop/yassine/Vectorization/data/PatentData/ReorganisedData/EP3492208A1/EP3492208A1_F0002.tif,B23K
EP3492209A1,F0002,/home/safe/Desktop/yassine/Vectorization/data/PatentData/ReorganisedData/EP3492209A1/EP3492209A1_F0002.tif,B23K
EP3492210A1,A0001,/home/safe/Desktop/yassine/Vectorization/data/PatentData/ReorganisedData/EP3492210A1/EP3492210A1_A0001.tif,B23K
EP3492211A1,A0001,/home/safe/Desktop/yassine/Vectorization/data/PatentData/ReorganisedData/EP3492211A1/EP3492211A1_A0001.tif,B23K
EP3492212A1,A0001,/home/safe/Desktop/yassine/Vectorization/data/PatentData/ReorganisedData/EP3492212A1/EP3492212A1_A0001.tif,B23K
EP3492213A1,F0003,/home/safe/Desktop/yassine/Vectorization/data/PatentData/ReorganisedData/EP3492213A1/EP3492213A1_F0003.tif,B23K
EP3492214A1,A0001,/home/safe/Desktop/yassine/Vectorization/data/PatentData/ReorganisedData/EP3492214A1/EP3492214A1_A0001.tif,B23K
EP3492215A1,A0001,/home/safe/Desktop/yassine/Vectorization/data/PatentData/ReorganisedData/EP3492215A1/EP3492215A1_A0001.tif,B23K
EP3492216A1,A0001,/home/safe/Desktop/yassine/Vectorization/data/PatentData/ReorganisedData/EP3492216A1/EP3492216A1_A0001.tif,B23K
EP3492217A1,F0001,/home/safe/Desktop/yassine/Vectorization/data/PatentData/ReorganisedData/EP3492217A1/EP3492217A1_F0001.tif,B23K
EP3492218A1,F0001,/home/safe/Desktop/yassine/Vectorization/data/PatentData/ReorganisedData/EP3492218A1/EP3492218A1_F0001.tif,B23Q
EP3492219A1,F0002,/home/safe/Desktop/yassine/Vectorization/data/PatentData/ReorganisedData/EP3492219A1/EP3492219A1_F0002.tif,B23Q
EP3492220A1,F0002,/home/safe/Desktop/yassine/Vectorization/data/PatentData/ReorganisedData/EP3492220A1/EP3492220A1_F0002.tif,B23Q
EP3492221A1,A0001,/home/safe/Desktop/yassine/Vectorization/data/PatentData/ReorganisedData/EP3492221A1/EP3492221A1_A0001.tif,B23Q
EP3492222A1,A0001,/home/safe/Desktop/yassine/Vectorization/data/PatentData/ReorganisedData/EP3492222A1/EP3492222A1_A0001.tif,B24C
EP3492223A1,A0001,/home/safe/Desktop/yassine/Vectorization/data/PatentData/ReorganisedData/EP3492223A1/EP3492223A1_A0001.tif,B25C
EP3492224A1,A0001,/home/safe/Desktop/yassine/Vectorization/data/PatentData/ReorganisedData/EP3492224A1/EP3492224A1_A0001.tif,B25G
EP3492226A1,A0001,/home/safe/Desktop/yassine/Vectorization/data/PatentData/ReorganisedData/EP3492226A1/EP3492226A1_A0001.tif,B25H
EP3492227A1,A0001,/home/safe/Desktop/yassine/Vectorization/data/PatentData/ReorganisedData/EP3492227A1/EP3492227A1_A0001.tif,B26B
EP3492228A1,A0001,/home/safe/Desktop/yassine/Vectorization/data/PatentData/ReorganisedData/EP3492228A1/EP3492228A1_A0001.tif,B26D
EP3492229A1,A0001,/home/safe/Desktop/yassine/Vectorization/data/PatentData/ReorganisedData/EP3492229A1/EP3492229A1_A0001.tif,B26D
EP3492230A1,F0001,/home/safe/Desktop/yassine/Vectorization/data/PatentData/ReorganisedData/EP3492230A1/EP3492230A1_F0001.tif,B27D
EP3492231A1,F0002,/home/safe/Desktop/yassine/Vectorization/data/PatentData/ReorganisedData/EP3492231A1/EP3492231A1_F0002.tif,B27D
EP3492232A1,A0001,/home/safe/Desktop/yassine/Vectorization/data/PatentData/ReorganisedData/EP3492232A1/EP3492232A1_A0001.tif,B29B
EP3492233A1,A0001,/home/safe/Desktop/yassine/Vectorization/data/PatentData/ReorganisedData/EP3492233A1/EP3492233A1_A0001.tif,B29C
EP3492234A1,A0001,/home/safe/Desktop/yassine/Vectorization/data/PatentData/ReorganisedData/EP3492234A1/EP3492234A1_A0001.tif,B29C
EP3492235A2,F0001,/home/safe/Desktop/yassine/Vectorization/data/PatentData/ReorganisedData/EP3492235A2/EP3492235A2_F0001.tif,B29C
EP3492236A1,A0001,/home/safe/Desktop/yassine/Vectorization/data/PatentData/ReorganisedData/EP3492236A1/EP3492236A1_A0001.tif,B29C
EP3492237A1,F0001,/home/safe/Desktop/yassine/Vectorization/data/PatentData/ReorganisedData/EP3492237A1/EP3492237A1_F0001.tif,B29C
EP3492238A1,A0001,/home/safe/Desktop/yassine/Vectorization/data/PatentData/ReorganisedData/EP3492238A1/EP3492238A1_A0001.tif,B29C
EP3492239A1,F0002,/home/safe/Desktop/yassine/Vectorization/data/PatentData/ReorganisedData/EP3492239A1/EP3492239A1_F0002.tif,B29C
EP3492240A1,F0003,/home/safe/Desktop/yassine/Vectorization/data/PatentData/ReorganisedData/EP3492240A1/EP3492240A1_F0003.tif,B29C
EP3492241A1,F0001,/home/safe/Desktop/yassine/Vectorization/data/PatentData/ReorganisedData/EP3492241A1/EP3492241A1_F0001.tif,B29C
EP3492242A1,A0001,/home/safe/Desktop/yassine/Vectorization/data/PatentData/ReorganisedData/EP3492242A1/EP3492242A1_A0001.tif,B29C
EP3492243A1,A0001,/home/safe/Desktop/yassine/Vectorization/data/PatentData/ReorganisedData/EP3492243A1/EP3492243A1_A0001.tif,B29C
EP3492244A1,A0001,/home/safe/Desktop/yassine/Vectorization/data/PatentData/ReorganisedData/EP3492244A1/EP3492244A1_A0001.tif,B29C
EP3492245A1,A0001,/home/safe/Desktop/yassine/Vectorization/data/PatentData/ReorganisedData/EP3492245A1/EP3492245A1_A0001.tif,B29C
EP3492246A1,A0001,/home/safe/Desktop/yassine/Vectorization/data/PatentData/ReorganisedData/EP3492246A1/EP3492246A1_A0001.tif,B29C
EP3492247A2,A0001,/home/safe/Desktop/yassine/Vectorization/data/PatentData/ReorganisedData/EP3492247A2/EP3492247A2_A0001.tif,B29C
EP3492248A1,A0001,/home/safe/Desktop/yassine/Vectorization/data/PatentData/ReorganisedData/EP3492248A1/EP3492248A1_A0001.tif,B29C
EP3492249A1,A0001,/home/safe/Desktop/yassine/Vectorization/data/PatentData/ReorganisedData/EP3492249A1/EP3492249A1_A0001.tif,B29C
EP3492250A1,A0001,/home/safe/Desktop/yassine/Vectorization/data/PatentData/ReorganisedData/EP3492250A1/EP3492250A1_A0001.tif,B29C
EP3492251A1,F0001,/home/safe/Desktop/yassine/Vectorization/data/PatentData/ReorganisedData/EP3492251A1/EP3492251A1_F0001.tif,B29C
EP3492252A1,A0001,/home/safe/Desktop/yassine/Vectorization/data/PatentData/ReorganisedData/EP3492252A1/EP3492252A1_A0001.tif,B29D
EP3492253A1,A0001,/home/safe/Desktop/yassine/Vectorization/data/PatentData/ReorganisedData/EP3492253A1/EP3492253A1_A0001.tif,B29D
EP3492254A1,F0001,/home/safe/Desktop/yassine/Vectorization/data/PatentData/ReorganisedData/EP3492254A1/EP3492254A1_F0001.tif,B29D
EP3492255A1,A0001,/home/safe/Desktop/yassine/Vectorization/data/PatentData/ReorganisedData/EP3492255A1/EP3492255A1_A0001.tif,B30B
EP3492256A1,F0001,/home/safe/Desktop/yassine/Vectorization/data/PatentData/ReorganisedData/EP3492256A1/EP3492256A1_F0001.tif,B31B
EP3492257A2,A0001,/home/safe/Desktop/yassine/Vectorization/data/PatentData/ReorganisedData/EP3492257A2/EP3492257A2_A0001.tif,B31D
EP3492258A1,A0001,/home/safe/Desktop/yassine/Vectorization/data/PatentData/ReorganisedData/EP3492258A1/EP3492258A1_A0001.tif,B32B
EP3492259A1,A0001,/home/safe/Desktop/yassine/Vectorization/data/PatentData/ReorganisedData/EP3492259A1/EP3492259A1_A0001.tif,B32B
EP3492260A1,F0002,/home/safe/Desktop/yassine/Vectorization/data/PatentData/ReorganisedData/EP3492260A1/EP3492260A1_F0002.tif,B32B
EP3492262A1,F0001,/home/safe/Desktop/yassine/Vectorization/data/PatentData/ReorganisedData/EP3492262A1/EP3492262A1_F0001.tif,B41F
EP3492263A1,A0001,/home/safe/Desktop/yassine/Vectorization/data/PatentData/ReorganisedData/EP3492263A1/EP3492263A1_A0001.tif,B41J
EP3492264A1,A0001,/home/safe/Desktop/yassine/Vectorization/data/PatentData/ReorganisedData/EP3492264A1/EP3492264A1_A0001.tif,B41J
EP3492265A1,A0001,/home/safe/Desktop/yassine/Vectorization/data/PatentData/ReorganisedData/EP3492265A1/EP3492265A1_A0001.tif,B41J
EP3492266A1,F0002,/home/safe/Desktop/yassine/Vectorization/data/PatentData/ReorganisedData/EP3492266A1/EP3492266A1_F0002.tif,B41J
EP3492268A1,F0003,/home/safe/Desktop/yassine/Vectorization/data/PatentData/ReorganisedData/EP3492268A1/EP3492268A1_F0003.tif,B41J
EP3492269A1,A0001,/home/safe/Desktop/yassine/Vectorization/data/PatentData/ReorganisedData/EP3492269A1/EP3492269A1_A0001.tif,B41J
EP3492270A1,A0001,/home/safe/Desktop/yassine/Vectorization/data/PatentData/ReorganisedData/EP3492270A1/EP3492270A1_A0001.tif,B41M
EP3492271A1,A0001,/home/safe/Desktop/yassine/Vectorization/data/PatentData/ReorganisedData/EP3492271A1/EP3492271A1_A0001.tif,B41M
EP3492272A1,A0001,/home/safe/Desktop/yassine/Vectorization/data/PatentData/ReorganisedData/EP3492272A1/EP3492272A1_A0001.tif,B41N
EP3492273A1,A0001,/home/safe/Desktop/yassine/Vectorization/data/PatentData/ReorganisedData/EP3492273A1/EP3492273A1_A0001.tif,B42C
EP3492274A1,F0001,/home/safe/Desktop/yassine/Vectorization/data/PatentData/ReorganisedData/EP3492274A1/EP3492274A1_F0001.tif,B44C
EP3492275A1,A0001,/home/safe/Desktop/yassine/Vectorization/data/PatentData/ReorganisedData/EP3492275A1/EP3492275A1_A0001.tif,B60B
EP3492276A1,F0002,/home/safe/Desktop/yassine/Vectorization/data/PatentData/ReorganisedData/EP3492276A1/EP3492276A1_F0002.tif,B60B
EP3492277A1,A0001,/home/safe/Desktop/yassine/Vectorization/data/PatentData/ReorganisedData/EP3492277A1/EP3492277A1_A0001.tif,B60C
EP3492278A1,A0001,/home/safe/Desktop/yassine/Vectorization/data/PatentData/ReorganisedData/EP3492278A1/EP3492278A1_A0001.tif,B60C
EP3492279A1,A0001,/home/safe/Desktop/yassine/Vectorization/data/PatentData/ReorganisedData/EP3492279A1/EP3492279A1_A0001.tif,B60C
EP3492280A1,F0002,/home/safe/Desktop/yassine/Vectorization/data/PatentData/ReorganisedData/EP3492280A1/EP3492280A1_F0002.tif,B60C
EP3492281A1,F0002,/home/safe/Desktop/yassine/Vectorization/data/PatentData/ReorganisedData/EP3492281A1/EP3492281A1_F0002.tif,B60C
EP3492282A1,F0001,/home/safe/Desktop/yassine/Vectorization/data/PatentData/ReorganisedData/EP3492282A1/EP3492282A1_F0001.tif,B60C
EP3492283A1,F0004,/home/safe/Desktop/yassine/Vectorization/data/PatentData/ReorganisedData/EP3492283A1/EP3492283A1_F0004.tif,B60C
EP3492285A1,F0001,/home/safe/Desktop/yassine/Vectorization/data/PatentData/ReorganisedData/EP3492285A1/EP3492285A1_F0001.tif,B60C
EP3492286A1,A0001,/home/safe/Desktop/yassine/Vectorization/data/PatentData/ReorganisedData/EP3492286A1/EP3492286A1_A0001.tif,B60C
EP3492287A1,A0001,/home/safe/Desktop/yassine/Vectorization/data/PatentData/ReorganisedData/EP3492287A1/EP3492287A1_A0001.tif,B60C
EP3492288A1,F0001,/home/safe/Desktop/yassine/Vectorization/data/PatentData/ReorganisedData/EP3492288A1/EP3492288A1_F0001.tif,B60C
EP3492289A2,F0002,/home/safe/Desktop/yassine/Vectorization/data/PatentData/ReorganisedData/EP3492289A2/EP3492289A2_F0002.tif,B60C
EP3492290A1,F0002,/home/safe/Desktop/yassine/Vectorization/data/PatentData/ReorganisedData/EP3492290A1/EP3492290A1_F0002.tif,B60C
EP3492291A1,A0001,/home/safe/Desktop/yassine/Vectorization/data/PatentData/ReorganisedData/EP3492291A1/EP3492291A1_A0001.tif,B60D
EP3492292A1,A0001,/home/safe/Desktop/yassine/Vectorization/data/PatentData/ReorganisedData/EP3492292A1/EP3492292A1_A0001.tif,B60J
EP3492293A1,F0001,/home/safe/Desktop/yassine/Vectorization/data/PatentData/ReorganisedData/EP3492293A1/EP3492293A1_F0001.tif,B60K
EP3492294A1,A0001,/home/safe/Desktop/yassine/Vectorization/data/PatentData/ReorganisedData/EP3492294A1/EP3492294A1_A0001.tif,B60K
EP3492296A1,A0001,/home/safe/Desktop/yassine/Vectorization/data/PatentData/ReorganisedData/EP3492296A1/EP3492296A1_A0001.tif,B60K
EP3492298A1,A0001,/home/safe/Desktop/yassine/Vectorization/data/PatentData/ReorganisedData/EP3492298A1/EP3492298A1_A0001.tif,B60K
EP3492300A1,F0001,/home/safe/Desktop/yassine/Vectorization/data/PatentData/ReorganisedData/EP3492300A1/EP3492300A1_F0001.tif,B60L
EP3492301A1,F0001,/home/safe/Desktop/yassine/Vectorization/data/PatentData/ReorganisedData/EP3492301A1/EP3492301A1_F0001.tif,B60L
EP3492303A1,F0001,/home/safe/Desktop/yassine/Vectorization/data/PatentData/ReorganisedData/EP3492303A1/EP3492303A1_F0001.tif,B60L
EP3492304A1,A0001,/home/safe/Desktop/yassine/Vectorization/data/PatentData/ReorganisedData/EP3492304A1/EP3492304A1_A0001.tif,B60L
EP3492305A1,A0001,/home/safe/Desktop/yassine/Vectorization/data/PatentData/ReorganisedData/EP3492305A1/EP3492305A1_A0001.tif,B60L
EP3492306A1,F0004,/home/safe/Desktop/yassine/Vectorization/data/PatentData/ReorganisedData/EP3492306A1/EP3492306A1_F0004.tif,B60L
EP3492307A1,A0001,/home/safe/Desktop/yassine/Vectorization/data/PatentData/ReorganisedData/EP3492307A1/EP3492307A1_A0001.tif,B60L
EP3492308A1,A0001,/home/safe/Desktop/yassine/Vectorization/data/PatentData/ReorganisedData/EP3492308A1/EP3492308A1_A0001.tif,B60L
EP3492309A1,A0001,/home/safe/Desktop/yassine/Vectorization/data/PatentData/ReorganisedData/EP3492309A1/EP3492309A1_A0001.tif,B60M
EP3492310A1,F0001,/home/safe/Desktop/yassine/Vectorization/data/PatentData/ReorganisedData/EP3492310A1/EP3492310A1_F0001.tif,B60N
EP3492311A1,F0001,/home/safe/Desktop/yassine/Vectorization/data/PatentData/ReorganisedData/EP3492311A1/EP3492311A1_F0001.tif,B60N
EP3492312A1,A0001,/home/safe/Desktop/yassine/Vectorization/data/PatentData/ReorganisedData/EP3492312A1/EP3492312A1_A0001.tif,B60N
EP3492313A1,F0002,/home/safe/Desktop/yassine/Vectorization/data/PatentData/ReorganisedData/EP3492313A1/EP3492313A1_F0002.tif,B60N
EP3492314A1,F0001,/home/safe/Desktop/yassine/Vectorization/data/PatentData/ReorganisedData/EP3492314A1/EP3492314A1_F0001.tif,B60N
EP3492315A1,A0001,/home/safe/Desktop/yassine/Vectorization/data/PatentData/ReorganisedData/EP3492315A1/EP3492315A1_A0001.tif,B60P
EP3492316A1,A0001,/home/safe/Desktop/yassine/Vectorization/data/PatentData/ReorganisedData/EP3492316A1/EP3492316A1_A0001.tif,B60Q
EP3492317A1,F0001,/home/safe/Desktop/yassine/Vectorization/data/PatentData/ReorganisedData/EP3492317A1/EP3492317A1_F0001.tif,B60Q
EP3492318A1,F0002,/home/safe/Desktop/yassine/Vectorization/data/PatentData/ReorganisedData/EP3492318A1/EP3492318A1_F0002.tif,B60Q
EP3492319A1,F0002,/home/safe/Desktop/yassine/Vectorization/data/PatentData/ReorganisedData/EP3492319A1/EP3492319A1_F0002.tif,B60R
EP3492320A1,A0001,/home/safe/Desktop/yassine/Vectorization/data/PatentData/ReorganisedData/EP3492320A1/EP3492320A1_A0001.tif,B60R
EP3492321A1,F0004,/home/safe/Desktop/yassine/Vectorization/data/PatentData/ReorganisedData/EP3492321A1/EP3492321A1_F0004.tif,B60R
EP3492323A1,F0002,/home/safe/Desktop/yassine/Vectorization/data/PatentData/ReorganisedData/EP3492323A1/EP3492323A1_F0002.tif,B60R
EP3492325A1,A0001,/home/safe/Desktop/yassine/Vectorization/data/PatentData/ReorganisedData/EP3492325A1/EP3492325A1_A0001.tif,B60R
EP3492327A1,A0001,/home/safe/Desktop/yassine/Vectorization/data/PatentData/ReorganisedData/EP3492327A1/EP3492327A1_A0001.tif,B60T
EP3492328A1,A0001,/home/safe/Desktop/yassine/Vectorization/data/PatentData/ReorganisedData/EP3492328A1/EP3492328A1_A0001.tif,B60W
EP3492329A1,A0001,/home/safe/Desktop/yassine/Vectorization/data/PatentData/ReorganisedData/EP3492329A1/EP3492329A1_A0001.tif,B60W
EP3492330A1,A0001,/home/safe/Desktop/yassine/Vectorization/data/PatentData/ReorganisedData/EP3492330A1/EP3492330A1_A0001.tif,B60W
EP3492331A1,A0001,/home/safe/Desktop/yassine/Vectorization/data/PatentData/ReorganisedData/EP3492331A1/EP3492331A1_A0001.tif,B61B
EP3492332A1,A0001,/home/safe/Desktop/yassine/Vectorization/data/PatentData/ReorganisedData/EP3492332A1/EP3492332A1_A0001.tif,B61D
EP3492333A1,A0002,/home/safe/Desktop/yassine/Vectorization/data/PatentData/ReorganisedData/EP3492333A1/EP3492333A1_A0002.tif,B61F
EP3492334A1,F0001,/home/safe/Desktop/yassine/Vectorization/data/PatentData/ReorganisedData/EP3492334A1/EP3492334A1_F0001.tif,B61G
EP3492335A1,F0004,/home/safe/Desktop/yassine/Vectorization/data/PatentData/ReorganisedData/EP3492335A1/EP3492335A1_F0004.tif,B61L
EP3492336A1,A0001,/home/safe/Desktop/yassine/Vectorization/data/PatentData/ReorganisedData/EP3492336A1/EP3492336A1_A0001.tif,B61L
EP3492337A1,F0001,/home/safe/Desktop/yassine/Vectorization/data/PatentData/ReorganisedData/EP3492337A1/EP3492337A1_F0001.tif,B61L
EP3492338A1,A0001,/home/safe/Desktop/yassine/Vectorization/data/PatentData/ReorganisedData/EP3492338A1/EP3492338A1_A0001.tif,B61L
EP3492339A1,A0001,/home/safe/Desktop/yassine/Vectorization/data/PatentData/ReorganisedData/EP3492339A1/EP3492339A1_A0001.tif,B61L
EP3492340A1,F0001,/home/safe/Desktop/yassine/Vectorization/data/PatentData/ReorganisedData/EP3492340A1/EP3492340A1_F0001.tif,B62B
EP3492341A1,A0001,/home/safe/Desktop/yassine/Vectorization/data/PatentData/ReorganisedData/EP3492341A1/EP3492341A1_A0001.tif,B62B
EP3492342A1,A0001,/home/safe/Desktop/yassine/Vectorization/data/PatentData/ReorganisedData/EP3492342A1/EP3492342A1_A0001.tif,B62D
EP3492343A1,A0001,/home/safe/Desktop/yassine/Vectorization/data/PatentData/ReorganisedData/EP3492343A1/EP3492343A1_A0001.tif,B62D
EP3492344A1,A0001,/home/safe/Desktop/yassine/Vectorization/data/PatentData/ReorganisedData/EP3492344A1/EP3492344A1_A0001.tif,B62D
EP3492345A1,F0001,/home/safe/Desktop/yassine/Vectorization/data/PatentData/ReorganisedData/EP3492345A1/EP3492345A1_F0001.tif,B62D
EP3492346A1,F0001,/home/safe/Desktop/yassine/Vectorization/data/PatentData/ReorganisedData/EP3492346A1/EP3492346A1_F0001.tif,B62D
EP3492347A1,F0001,/home/safe/Desktop/yassine/Vectorization/data/PatentData/ReorganisedData/EP3492347A1/EP3492347A1_F0001.tif,B62D
EP3492348A1,A0001,/home/safe/Desktop/yassine/Vectorization/data/PatentData/ReorganisedData/EP3492348A1/EP3492348A1_A0001.tif,B62D
EP3492349A1,A0001,/home/safe/Desktop/yassine/Vectorization/data/PatentData/ReorganisedData/EP3492349A1/EP3492349A1_A0001.tif,B62D
EP3492350A1,F0002,/home/safe/Desktop/yassine/Vectorization/data/PatentData/ReorganisedData/EP3492350A1/EP3492350A1_F0002.tif,B62D
EP3492351A1,A0001,/home/safe/Desktop/yassine/Vectorization/data/PatentData/ReorganisedData/EP3492351A1/EP3492351A1_A0001.tif,B62D
EP3492352A1,F0001,/home/safe/Desktop/yassine/Vectorization/data/PatentData/ReorganisedData/EP3492352A1/EP3492352A1_F0001.tif,B62D
EP3492353A1,F0002,/home/safe/Desktop/yassine/Vectorization/data/PatentData/ReorganisedData/EP3492353A1/EP3492353A1_F0002.tif,B62D
EP3492354A1,F0002,/home/safe/Desktop/yassine/Vectorization/data/PatentData/ReorganisedData/EP3492354A1/EP3492354A1_F0002.tif,B62D
EP3492355A1,F0002,/home/safe/Desktop/yassine/Vectorization/data/PatentData/ReorganisedData/EP3492355A1/EP3492355A1_F0002.tif,B62D
EP3492356A1,F0002,/home/safe/Desktop/yassine/Vectorization/data/PatentData/ReorganisedData/EP3492356A1/EP3492356A1_F0002.tif,B62H
EP3492357A1,F0001,/home/safe/Desktop/yassine/Vectorization/data/PatentData/ReorganisedData/EP3492357A1/EP3492357A1_F0001.tif,B62J
EP3492358A1,F0002,/home/safe/Desktop/yassine/Vectorization/data/PatentData/ReorganisedData/EP3492358A1/EP3492358A1_F0002.tif,B62J
EP3492359A1,A0001,/home/safe/Desktop/yassine/Vectorization/data/PatentData/ReorganisedData/EP3492359A1/EP3492359A1_A0001.tif,B62K
EP3492360A1,A0001,/home/safe/Desktop/yassine/Vectorization/data/PatentData/ReorganisedData/EP3492360A1/EP3492360A1_A0001.tif,B62K
EP3492361A1,F0002,/home/safe/Desktop/yassine/Vectorization/data/PatentData/ReorganisedData/EP3492361A1/EP3492361A1_F0002.tif,B62K
EP3492362A1,F0001,/home/safe/Desktop/yassine/Vectorization/data/PatentData/ReorganisedData/EP3492362A1/EP3492362A1_F0001.tif,B62K
EP3492363A1,F0002,/home/safe/Desktop/yassine/Vectorization/data/PatentData/ReorganisedData/EP3492363A1/EP3492363A1_F0002.tif,B62M
EP3492364A1,F0002,/home/safe/Desktop/yassine/Vectorization/data/PatentData/ReorganisedData/EP3492364A1/EP3492364A1_F0002.tif,B62M
EP3492365A1,A0001,/home/safe/Desktop/yassine/Vectorization/data/PatentData/ReorganisedData/EP3492365A1/EP3492365A1_A0001.tif,B62M
EP3492366A1,A0001,/home/safe/Desktop/yassine/Vectorization/data/PatentData/ReorganisedData/EP3492366A1/EP3492366A1_A0001.tif,B62M
EP3492367A1,F0001,/home/safe/Desktop/yassine/Vectorization/data/PatentData/ReorganisedData/EP3492367A1/EP3492367A1_F0001.tif,B63B
EP3492368A1,F0001,/home/safe/Desktop/yassine/Vectorization/data/PatentData/ReorganisedData/EP3492368A1/EP3492368A1_F0001.tif,B64C
EP3492369A1,A0001,/home/safe/Desktop/yassine/Vectorization/data/PatentData/ReorganisedData/EP3492369A1/EP3492369A1_A0001.tif,B64C
EP3492370A1,A0001,/home/safe/Desktop/yassine/Vectorization/data/PatentData/ReorganisedData/EP3492370A1/EP3492370A1_A0001.tif,B64C
EP3492371A1,F0001,/home/safe/Desktop/yassine/Vectorization/data/PatentData/ReorganisedData/EP3492371A1/EP3492371A1_F0001.tif,B64C
EP3492372A1,A0001,/home/safe/Desktop/yassine/Vectorization/data/PatentData/ReorganisedData/EP3492372A1/EP3492372A1_A0001.tif,B64C
EP3492373A1,A0001,/home/safe/Desktop/yassine/Vectorization/data/PatentData/ReorganisedData/EP3492373A1/EP3492373A1_A0001.tif,B64C
EP3492374A2,A0001,/home/safe/Desktop/yassine/Vectorization/data/PatentData/ReorganisedData/EP3492374A2/EP3492374A2_A0001.tif,B64C
EP3492375A1,A0001,/home/safe/Desktop/yassine/Vectorization/data/PatentData/ReorganisedData/EP3492375A1/EP3492375A1_A0001.tif,B64C
EP3492376A1,F0001,/home/safe/Desktop/yassine/Vectorization/data/PatentData/ReorganisedData/EP3492376A1/EP3492376A1_F0001.tif,B64C
EP3492377A1,A0001,/home/safe/Desktop/yassine/Vectorization/data/PatentData/ReorganisedData/EP3492377A1/EP3492377A1_A0001.tif,B64C
EP3492378A1,A0001,/home/safe/Desktop/yassine/Vectorization/data/PatentData/ReorganisedData/EP3492378A1/EP3492378A1_A0001.tif,B64C
EP3492379A1,A0001,/home/safe/Desktop/yassine/Vectorization/data/PatentData/ReorganisedData/EP3492379A1/EP3492379A1_A0001.tif,B64C
EP3492380A1,A0001,/home/safe/Desktop/yassine/Vectorization/data/PatentData/ReorganisedData/EP3492380A1/EP3492380A1_A0001.tif,B64D
EP3492381A1,F0001,/home/safe/Desktop/yassine/Vectorization/data/PatentData/ReorganisedData/EP3492381A1/EP3492381A1_F0001.tif,B64D
EP3492382A1,F0002,/home/safe/Desktop/yassine/Vectorization/data/PatentData/ReorganisedData/EP3492382A1/EP3492382A1_F0002.tif,B64D
EP3492383A1,A0001,/home/safe/Desktop/yassine/Vectorization/data/PatentData/ReorganisedData/EP3492383A1/EP3492383A1_A0001.tif,B64D
EP3492384A1,A0001,/home/safe/Desktop/yassine/Vectorization/data/PatentData/ReorganisedData/EP3492384A1/EP3492384A1_A0001.tif,B64D
EP3492385A1,A0001,/home/safe/Desktop/yassine/Vectorization/data/PatentData/ReorganisedData/EP3492385A1/EP3492385A1_A0001.tif,B64D
EP3492386A1,A0001,/home/safe/Desktop/yassine/Vectorization/data/PatentData/ReorganisedData/EP3492386A1/EP3492386A1_A0001.tif,B64D
EP3492387A1,F0003,/home/safe/Desktop/yassine/Vectorization/data/PatentData/ReorganisedData/EP3492387A1/EP3492387A1_F0003.tif,B64D
EP3492388A1,A0001,/home/safe/Desktop/yassine/Vectorization/data/PatentData/ReorganisedData/EP3492388A1/EP3492388A1_A0001.tif,B64D
EP3492389A2,F0001,/home/safe/Desktop/yassine/Vectorization/data/PatentData/ReorganisedData/EP3492389A2/EP3492389A2_F0001.tif,B64D
EP3492390A1,F0001,/home/safe/Desktop/yassine/Vectorization/data/PatentData/ReorganisedData/EP3492390A1/EP3492390A1_F0001.tif,B64D
EP3492392A1,F0001,/home/safe/Desktop/yassine/Vectorization/data/PatentData/ReorganisedData/EP3492392A1/EP3492392A1_F0001.tif,B64F
EP3492393A1,A0001,/home/safe/Desktop/yassine/Vectorization/data/PatentData/ReorganisedData/EP3492393A1/EP3492393A1_A0001.tif,B64F
EP3492394A1,F0002,/home/safe/Desktop/yassine/Vectorization/data/PatentData/ReorganisedData/EP3492394A1/EP3492394A1_F0002.tif,B65B
EP3492395A1,A0001,/home/safe/Desktop/yassine/Vectorization/data/PatentData/ReorganisedData/EP3492395A1/EP3492395A1_A0001.tif,B65B
EP3492396A1,F0002,/home/safe/Desktop/yassine/Vectorization/data/PatentData/ReorganisedData/EP3492396A1/EP3492396A1_F0002.tif,B65B
EP3492397A1,A0001,/home/safe/Desktop/yassine/Vectorization/data/PatentData/ReorganisedData/EP3492397A1/EP3492397A1_A0001.tif,B65B
EP3492398A1,A0001,/home/safe/Desktop/yassine/Vectorization/data/PatentData/ReorganisedData/EP3492398A1/EP3492398A1_A0001.tif,B65B
EP3492399A1,F0002,/home/safe/Desktop/yassine/Vectorization/data/PatentData/ReorganisedData/EP3492399A1/EP3492399A1_F0002.tif,B65D
EP3492400A1,F0001,/home/safe/Desktop/yassine/Vectorization/data/PatentData/ReorganisedData/EP3492400A1/EP3492400A1_F0001.tif,B65D
EP3492401A1,A0001,/home/safe/Desktop/yassine/Vectorization/data/PatentData/ReorganisedData/EP3492401A1/EP3492401A1_A0001.tif,B65D
EP3492402A1,A0001,/home/safe/Desktop/yassine/Vectorization/data/PatentData/ReorganisedData/EP3492402A1/EP3492402A1_A0001.tif,B65D
EP3492403A1,A0001,/home/safe/Desktop/yassine/Vectorization/data/PatentData/ReorganisedData/EP3492403A1/EP3492403A1_A0001.tif,B65D
EP3492404A1,A0001,/home/safe/Desktop/yassine/Vectorization/data/PatentData/ReorganisedData/EP3492404A1/EP3492404A1_A0001.tif,B65D
EP3492405A1,F0001,/home/safe/Desktop/yassine/Vectorization/data/PatentData/ReorganisedData/EP3492405A1/EP3492405A1_F0001.tif,B65D
EP3492406A1,A0001,/home/safe/Desktop/yassine/Vectorization/data/PatentData/ReorganisedData/EP3492406A1/EP3492406A1_A0001.tif,B65D
EP3492407A1,F0003,/home/safe/Desktop/yassine/Vectorization/data/PatentData/ReorganisedData/EP3492407A1/EP3492407A1_F0003.tif,B65G
EP3492408A1,A0001,/home/safe/Desktop/yassine/Vectorization/data/PatentData/ReorganisedData/EP3492408A1/EP3492408A1_A0001.tif,B65G
EP3492409A1,F0001,/home/safe/Desktop/yassine/Vectorization/data/PatentData/ReorganisedData/EP3492409A1/EP3492409A1_F0001.tif,B65G
EP3492410A1,A0001,/home/safe/Desktop/yassine/Vectorization/data/PatentData/ReorganisedData/EP3492410A1/EP3492410A1_A0001.tif,B65G
EP3492411A1,F0002,/home/safe/Desktop/yassine/Vectorization/data/PatentData/ReorganisedData/EP3492411A1/EP3492411A1_F0002.tif,B65H
EP3492414A1,A0001,/home/safe/Desktop/yassine/Vectorization/data/PatentData/ReorganisedData/EP3492414A1/EP3492414A1_A0001.tif,B66B
EP3492416A1,F0001,/home/safe/Desktop/yassine/Vectorization/data/PatentData/ReorganisedData/EP3492416A1/EP3492416A1_F0001.tif,B66B
EP3492417A2,A0001,/home/safe/Desktop/yassine/Vectorization/data/PatentData/ReorganisedData/EP3492417A2/EP3492417A2_A0001.tif,B66B
EP3492419A1,F0002,/home/safe/Desktop/yassine/Vectorization/data/PatentData/ReorganisedData/EP3492419A1/EP3492419A1_F0002.tif,B66B
EP3492421A2,F0001,/home/safe/Desktop/yassine/Vectorization/data/PatentData/ReorganisedData/EP3492421A2/EP3492421A2_F0001.tif,B66C
EP3492422A1,A0001,/home/safe/Desktop/yassine/Vectorization/data/PatentData/ReorganisedData/EP3492422A1/EP3492422A1_A0001.tif,B66C
EP3492423A1,A0001,/home/safe/Desktop/yassine/Vectorization/data/PatentData/ReorganisedData/EP3492423A1/EP3492423A1_A0001.tif,B81C
EP3492424A1,F0001,/home/safe/Desktop/yassine/Vectorization/data/PatentData/ReorganisedData/EP3492424A1/EP3492424A1_F0001.tif,B82Y
EP3492698A1,F0001,/home/safe/Desktop/yassine/Vectorization/data/PatentData/ReorganisedData/EP3492698A1/EP3492698A1_F0001.tif,F01C
EP3492699A1,A0001,/home/safe/Desktop/yassine/Vectorization/data/PatentData/ReorganisedData/EP3492699A1/EP3492699A1_A0001.tif,F01D
EP3492700A1,A0001,/home/safe/Desktop/yassine/Vectorization/data/PatentData/ReorganisedData/EP3492700A1/EP3492700A1_A0001.tif,F01D
EP3492701A1,F0002,/home/safe/Desktop/yassine/Vectorization/data/PatentData/ReorganisedData/EP3492701A1/EP3492701A1_F0002.tif,F01D
EP3492702A1,A0001,/home/safe/Desktop/yassine/Vectorization/data/PatentData/ReorganisedData/EP3492702A1/EP3492702A1_A0001.tif,F01D
EP3492703A1,A0001,/home/safe/Desktop/yassine/Vectorization/data/PatentData/ReorganisedData/EP3492703A1/EP3492703A1_A0001.tif,F01D
EP3492704A1,F0002,/home/safe/Desktop/yassine/Vectorization/data/PatentData/ReorganisedData/EP3492704A1/EP3492704A1_F0002.tif,F01D
EP3492705A1,F0001,/home/safe/Desktop/yassine/Vectorization/data/PatentData/ReorganisedData/EP3492705A1/EP3492705A1_F0001.tif,F01D
EP3492706A1,F0002,/home/safe/Desktop/yassine/Vectorization/data/PatentData/ReorganisedData/EP3492706A1/EP3492706A1_F0002.tif,F01D
EP3492707A1,A0001,/home/safe/Desktop/yassine/Vectorization/data/PatentData/ReorganisedData/EP3492707A1/EP3492707A1_A0001.tif,F01D
EP3492708A1,F0003,/home/safe/Desktop/yassine/Vectorization/data/PatentData/ReorganisedData/EP3492708A1/EP3492708A1_F0003.tif,F01D
EP3492709A1,F0001,/home/safe/Desktop/yassine/Vectorization/data/PatentData/ReorganisedData/EP3492709A1/EP3492709A1_F0001.tif,F01D
EP3492710A1,F0001,/home/safe/Desktop/yassine/Vectorization/data/PatentData/ReorganisedData/EP3492710A1/EP3492710A1_F0001.tif,F01D
EP3492711A1,F0001,/home/safe/Desktop/yassine/Vectorization/data/PatentData/ReorganisedData/EP3492711A1/EP3492711A1_F0001.tif,F01D
EP3492712A1,A0001,/home/safe/Desktop/yassine/Vectorization/data/PatentData/ReorganisedData/EP3492712A1/EP3492712A1_A0001.tif,F01D
EP3492714A1,F0004,/home/safe/Desktop/yassine/Vectorization/data/PatentData/ReorganisedData/EP3492714A1/EP3492714A1_F0004.tif,F01K
EP3492715A1,A0001,/home/safe/Desktop/yassine/Vectorization/data/PatentData/ReorganisedData/EP3492715A1/EP3492715A1_A0001.tif,F01M
EP3492717A1,F0001,/home/safe/Desktop/yassine/Vectorization/data/PatentData/ReorganisedData/EP3492717A1/EP3492717A1_F0001.tif,F01N
EP3492718A1,F0003,/home/safe/Desktop/yassine/Vectorization/data/PatentData/ReorganisedData/EP3492718A1/EP3492718A1_F0003.tif,F01N
EP3492719A1,A0001,/home/safe/Desktop/yassine/Vectorization/data/PatentData/ReorganisedData/EP3492719A1/EP3492719A1_A0001.tif,F01N
EP3492720A1,A0001,/home/safe/Desktop/yassine/Vectorization/data/PatentData/ReorganisedData/EP3492720A1/EP3492720A1_A0001.tif,F02B
EP3492721A1,F0001,/home/safe/Desktop/yassine/Vectorization/data/PatentData/ReorganisedData/EP3492721A1/EP3492721A1_F0001.tif,F02C
EP3492722A1,A0001,/home/safe/Desktop/yassine/Vectorization/data/PatentData/ReorganisedData/EP3492722A1/EP3492722A1_A0001.tif,F02C
EP3492723A1,F0001,/home/safe/Desktop/yassine/Vectorization/data/PatentData/ReorganisedData/EP3492723A1/EP3492723A1_F0001.tif,F02D
EP3492724A1,A0001,/home/safe/Desktop/yassine/Vectorization/data/PatentData/ReorganisedData/EP3492724A1/EP3492724A1_A0001.tif,F02D
EP3492725A1,A0001,/home/safe/Desktop/yassine/Vectorization/data/PatentData/ReorganisedData/EP3492725A1/EP3492725A1_A0001.tif,F02D
EP3492726A1,A0001,/home/safe/Desktop/yassine/Vectorization/data/PatentData/ReorganisedData/EP3492726A1/EP3492726A1_A0001.tif,F02D
EP3492727A1,F0002,/home/safe/Desktop/yassine/Vectorization/data/PatentData/ReorganisedData/EP3492727A1/EP3492727A1_F0002.tif,F02D
EP3492729A1,A0001,/home/safe/Desktop/yassine/Vectorization/data/PatentData/ReorganisedData/EP3492729A1/EP3492729A1_A0001.tif,F02F
EP3492730A1,A0001,/home/safe/Desktop/yassine/Vectorization/data/PatentData/ReorganisedData/EP3492730A1/EP3492730A1_A0001.tif,F02F
EP3492731A1,A0001,/home/safe/Desktop/yassine/Vectorization/data/PatentData/ReorganisedData/EP3492731A1/EP3492731A1_A0001.tif,F02M
EP3492732A1,A0001,/home/safe/Desktop/yassine/Vectorization/data/PatentData/ReorganisedData/EP3492732A1/EP3492732A1_A0001.tif,F02P
EP3492733A1,F0001,/home/safe/Desktop/yassine/Vectorization/data/PatentData/ReorganisedData/EP3492733A1/EP3492733A1_F0001.tif,F03B
EP3492734A1,A0001,/home/safe/Desktop/yassine/Vectorization/data/PatentData/ReorganisedData/EP3492734A1/EP3492734A1_A0001.tif,F03D
EP3492735A1,A0001,/home/safe/Desktop/yassine/Vectorization/data/PatentData/ReorganisedData/EP3492735A1/EP3492735A1_A0001.tif,F03D
EP3492736A1,F0003,/home/safe/Desktop/yassine/Vectorization/data/PatentData/ReorganisedData/EP3492736A1/EP3492736A1_F0003.tif,F03D
EP3492738A1,A0001,/home/safe/Desktop/yassine/Vectorization/data/PatentData/ReorganisedData/EP3492738A1/EP3492738A1_A0001.tif,F03D
EP3492740A1,A0001,/home/safe/Desktop/yassine/Vectorization/data/PatentData/ReorganisedData/EP3492740A1/EP3492740A1_A0001.tif,F04B
EP3492741A1,F0001,/home/safe/Desktop/yassine/Vectorization/data/PatentData/ReorganisedData/EP3492741A1/EP3492741A1_F0001.tif,F04B
EP3492742A1,A0001,/home/safe/Desktop/yassine/Vectorization/data/PatentData/ReorganisedData/EP3492742A1/EP3492742A1_A0001.tif,F04B
EP3492743A1,F0001,/home/safe/Desktop/yassine/Vectorization/data/PatentData/ReorganisedData/EP3492743A1/EP3492743A1_F0001.tif,F04C
EP3492744A1,F0001,/home/safe/Desktop/yassine/Vectorization/data/PatentData/ReorganisedData/EP3492744A1/EP3492744A1_F0001.tif,F04C
EP3492745A1,A0001,/home/safe/Desktop/yassine/Vectorization/data/PatentData/ReorganisedData/EP3492745A1/EP3492745A1_A0001.tif,F04C
EP3492746A1,A0001,/home/safe/Desktop/yassine/Vectorization/data/PatentData/ReorganisedData/EP3492746A1/EP3492746A1_A0001.tif,F04C
EP3492747A1,F0001,/home/safe/Desktop/yassine/Vectorization/data/PatentData/ReorganisedData/EP3492747A1/EP3492747A1_F0001.tif,F04C
EP3492748A1,F0003,/home/safe/Desktop/yassine/Vectorization/data/PatentData/ReorganisedData/EP3492748A1/EP3492748A1_F0003.tif,F04C
EP3492749A1,F0001,/home/safe/Desktop/yassine/Vectorization/data/PatentData/ReorganisedData/EP3492749A1/EP3492749A1_F0001.tif,F04D
EP3492750A1,A0001,/home/safe/Desktop/yassine/Vectorization/data/PatentData/ReorganisedData/EP3492750A1/EP3492750A1_A0001.tif,F04D
EP3492751A1,F0002,/home/safe/Desktop/yassine/Vectorization/data/PatentData/ReorganisedData/EP3492751A1/EP3492751A1_F0002.tif,F04D
EP3492753A1,F0004,/home/safe/Desktop/yassine/Vectorization/data/PatentData/ReorganisedData/EP3492753A1/EP3492753A1_F0004.tif,F15B
EP3492754A1,F0001,/home/safe/Desktop/yassine/Vectorization/data/PatentData/ReorganisedData/EP3492754A1/EP3492754A1_F0001.tif,F15B
EP3492755A1,F0001,/home/safe/Desktop/yassine/Vectorization/data/PatentData/ReorganisedData/EP3492755A1/EP3492755A1_F0001.tif,F15B
EP3492756A1,A0001,/home/safe/Desktop/yassine/Vectorization/data/PatentData/ReorganisedData/EP3492756A1/EP3492756A1_A0001.tif,F16B
EP3492757A1,A0001,/home/safe/Desktop/yassine/Vectorization/data/PatentData/ReorganisedData/EP3492757A1/EP3492757A1_A0001.tif,F16B
EP3492758A1,F0002,/home/safe/Desktop/yassine/Vectorization/data/PatentData/ReorganisedData/EP3492758A1/EP3492758A1_F0002.tif,F16B
EP3492759A1,A0001,/home/safe/Desktop/yassine/Vectorization/data/PatentData/ReorganisedData/EP3492759A1/EP3492759A1_A0001.tif,F16C
EP3492760A1,F0003,/home/safe/Desktop/yassine/Vectorization/data/PatentData/ReorganisedData/EP3492760A1/EP3492760A1_F0003.tif,F16C
EP3492761A1,A0001,/home/safe/Desktop/yassine/Vectorization/data/PatentData/ReorganisedData/EP3492761A1/EP3492761A1_A0001.tif,F16C
EP3492762A1,F0001,/home/safe/Desktop/yassine/Vectorization/data/PatentData/ReorganisedData/EP3492762A1/EP3492762A1_F0001.tif,F16C
EP3492763A1,F0002,/home/safe/Desktop/yassine/Vectorization/data/PatentData/ReorganisedData/EP3492763A1/EP3492763A1_F0002.tif,F16D
EP3492764A1,F0001,/home/safe/Desktop/yassine/Vectorization/data/PatentData/ReorganisedData/EP3492764A1/EP3492764A1_F0001.tif,F16D
EP3492765A1,F0001,/home/safe/Desktop/yassine/Vectorization/data/PatentData/ReorganisedData/EP3492765A1/EP3492765A1_F0001.tif,F16D
EP3492766A1,A0001,/home/safe/Desktop/yassine/Vectorization/data/PatentData/ReorganisedData/EP3492766A1/EP3492766A1_A0001.tif,F16D
EP3492767A1,A0001,/home/safe/Desktop/yassine/Vectorization/data/PatentData/ReorganisedData/EP3492767A1/EP3492767A1_A0001.tif,F16D
EP3492768A1,A0001,/home/safe/Desktop/yassine/Vectorization/data/PatentData/ReorganisedData/EP3492768A1/EP3492768A1_A0001.tif,F16D
EP3492769A1,F0001,/home/safe/Desktop/yassine/Vectorization/data/PatentData/ReorganisedData/EP3492769A1/EP3492769A1_F0001.tif,F16D
EP3492770A1,A0001,/home/safe/Desktop/yassine/Vectorization/data/PatentData/ReorganisedData/EP3492770A1/EP3492770A1_A0001.tif,F16D
EP3492771A1,F0001,/home/safe/Desktop/yassine/Vectorization/data/PatentData/ReorganisedData/EP3492771A1/EP3492771A1_F0001.tif,F16F
EP3492773A1,A0001,/home/safe/Desktop/yassine/Vectorization/data/PatentData/ReorganisedData/EP3492773A1/EP3492773A1_A0001.tif,F16F
EP3492774A1,A0001,/home/safe/Desktop/yassine/Vectorization/data/PatentData/ReorganisedData/EP3492774A1/EP3492774A1_A0001.tif,F16H
EP3492775A1,A0001,/home/safe/Desktop/yassine/Vectorization/data/PatentData/ReorganisedData/EP3492775A1/EP3492775A1_A0001.tif,F16H
EP3492776A1,F0003,/home/safe/Desktop/yassine/Vectorization/data/PatentData/ReorganisedData/EP3492776A1/EP3492776A1_F0003.tif,F16H
EP3492777A1,F0001,/home/safe/Desktop/yassine/Vectorization/data/PatentData/ReorganisedData/EP3492777A1/EP3492777A1_F0001.tif,F16H
EP3492778A1,A0001,/home/safe/Desktop/yassine/Vectorization/data/PatentData/ReorganisedData/EP3492778A1/EP3492778A1_A0001.tif,F16H
EP3492779A1,A0001,/home/safe/Desktop/yassine/Vectorization/data/PatentData/ReorganisedData/EP3492779A1/EP3492779A1_A0001.tif,F16H
EP3492780A1,A0001,/home/safe/Desktop/yassine/Vectorization/data/PatentData/ReorganisedData/EP3492780A1/EP3492780A1_A0001.tif,F16H
EP3492781A1,A0001,/home/safe/Desktop/yassine/Vectorization/data/PatentData/ReorganisedData/EP3492781A1/EP3492781A1_A0001.tif,F16J
EP3492782A1,A0001,/home/safe/Desktop/yassine/Vectorization/data/PatentData/ReorganisedData/EP3492782A1/EP3492782A1_A0001.tif,F16J
EP3492783A1,F0001,/home/safe/Desktop/yassine/Vectorization/data/PatentData/ReorganisedData/EP3492783A1/EP3492783A1_F0001.tif,F16J
EP3492784A1,A0001,/home/safe/Desktop/yassine/Vectorization/data/PatentData/ReorganisedData/EP3492784A1/EP3492784A1_A0001.tif,F16J
EP3492785A1,A0001,/home/safe/Desktop/yassine/Vectorization/data/PatentData/ReorganisedData/EP3492785A1/EP3492785A1_A0001.tif,F16J
EP3492786A1,A0001,/home/safe/Desktop/yassine/Vectorization/data/PatentData/ReorganisedData/EP3492786A1/EP3492786A1_A0001.tif,F16K
EP3492787A1,A0001,/home/safe/Desktop/yassine/Vectorization/data/PatentData/ReorganisedData/EP3492787A1/EP3492787A1_A0001.tif,F16K
EP3492788A1,F0001,/home/safe/Desktop/yassine/Vectorization/data/PatentData/ReorganisedData/EP3492788A1/EP3492788A1_F0001.tif,F16K
EP3492789A1,A0001,/home/safe/Desktop/yassine/Vectorization/data/PatentData/ReorganisedData/EP3492789A1/EP3492789A1_A0001.tif,F16K
EP3492790A1,A0001,/home/safe/Desktop/yassine/Vectorization/data/PatentData/ReorganisedData/EP3492790A1/EP3492790A1_A0001.tif,F16K
EP3492791A1,F0001,/home/safe/Desktop/yassine/Vectorization/data/PatentData/ReorganisedData/EP3492791A1/EP3492791A1_F0001.tif,F16L
EP3492792A1,A0001,/home/safe/Desktop/yassine/Vectorization/data/PatentData/ReorganisedData/EP3492792A1/EP3492792A1_A0001.tif,F16L
EP3492793A1,F0001,/home/safe/Desktop/yassine/Vectorization/data/PatentData/ReorganisedData/EP3492793A1/EP3492793A1_F0001.tif,F16L
EP3492794A1,F0002,/home/safe/Desktop/yassine/Vectorization/data/PatentData/ReorganisedData/EP3492794A1/EP3492794A1_F0002.tif,F16L
EP3492795A1,A0001,/home/safe/Desktop/yassine/Vectorization/data/PatentData/ReorganisedData/EP3492795A1/EP3492795A1_A0001.tif,F16L
EP3492796A1,A0001,/home/safe/Desktop/yassine/Vectorization/data/PatentData/ReorganisedData/EP3492796A1/EP3492796A1_A0001.tif,F16L
EP3492797A1,A0001,/home/safe/Desktop/yassine/Vectorization/data/PatentData/ReorganisedData/EP3492797A1/EP3492797A1_A0001.tif,F16L
EP3492798A1,A0001,/home/safe/Desktop/yassine/Vectorization/data/PatentData/ReorganisedData/EP3492798A1/EP3492798A1_A0001.tif,F21K
EP3492799A1,F0003,/home/safe/Desktop/yassine/Vectorization/data/PatentData/ReorganisedData/EP3492799A1/EP3492799A1_F0003.tif,F21S
EP3492801A1,F0002,/home/safe/Desktop/yassine/Vectorization/data/PatentData/ReorganisedData/EP3492801A1/EP3492801A1_F0002.tif,F21S
EP3492802A1,F0001,/home/safe/Desktop/yassine/Vectorization/data/PatentData/ReorganisedData/EP3492802A1/EP3492802A1_F0001.tif,F21S
EP3492803A1,A0001,/home/safe/Desktop/yassine/Vectorization/data/PatentData/ReorganisedData/EP3492803A1/EP3492803A1_A0001.tif,F21S
EP3492804A1,A0001,/home/safe/Desktop/yassine/Vectorization/data/PatentData/ReorganisedData/EP3492804A1/EP3492804A1_A0001.tif,F21S
EP3492805A1,F0002,/home/safe/Desktop/yassine/Vectorization/data/PatentData/ReorganisedData/EP3492805A1/EP3492805A1_F0002.tif,F21S
EP3492806A1,F0001,/home/safe/Desktop/yassine/Vectorization/data/PatentData/ReorganisedData/EP3492806A1/EP3492806A1_F0001.tif,F21S
EP3492807A1,A0001,/home/safe/Desktop/yassine/Vectorization/data/PatentData/ReorganisedData/EP3492807A1/EP3492807A1_A0001.tif,F21S
EP3492808A1,F0001,/home/safe/Desktop/yassine/Vectorization/data/PatentData/ReorganisedData/EP3492808A1/EP3492808A1_F0001.tif,F21V
EP3492809A1,A0001,/home/safe/Desktop/yassine/Vectorization/data/PatentData/ReorganisedData/EP3492809A1/EP3492809A1_A0001.tif,F21V
EP3492810A1,A0001,/home/safe/Desktop/yassine/Vectorization/data/PatentData/ReorganisedData/EP3492810A1/EP3492810A1_A0001.tif,F21V
EP3492811A1,F0001,/home/safe/Desktop/yassine/Vectorization/data/PatentData/ReorganisedData/EP3492811A1/EP3492811A1_F0001.tif,F22B
EP3492812A2,A0001,/home/safe/Desktop/yassine/Vectorization/data/PatentData/ReorganisedData/EP3492812A2/EP3492812A2_A0001.tif,F23D
EP3492813A1,F0001,/home/safe/Desktop/yassine/Vectorization/data/PatentData/ReorganisedData/EP3492813A1/EP3492813A1_F0001.tif,F23R
EP3492814A1,A0001,/home/safe/Desktop/yassine/Vectorization/data/PatentData/ReorganisedData/EP3492814A1/EP3492814A1_A0001.tif,F24B
EP3492815A1,A0001,/home/safe/Desktop/yassine/Vectorization/data/PatentData/ReorganisedData/EP3492815A1/EP3492815A1_A0001.tif,F24C
EP3492816A1,A0001,/home/safe/Desktop/yassine/Vectorization/data/PatentData/ReorganisedData/EP3492816A1/EP3492816A1_A0001.tif,F24C
EP3492817A1,A0001,/home/safe/Desktop/yassine/Vectorization/data/PatentData/ReorganisedData/EP3492817A1/EP3492817A1_A0001.tif,F24C
EP3492818A1,A0001,/home/safe/Desktop/yassine/Vectorization/data/PatentData/ReorganisedData/EP3492818A1/EP3492818A1_A0001.tif,F24C
EP3492819A1,F0002,/home/safe/Desktop/yassine/Vectorization/data/PatentData/ReorganisedData/EP3492819A1/EP3492819A1_F0002.tif,F24C
EP3492820A1,A0001,/home/safe/Desktop/yassine/Vectorization/data/PatentData/ReorganisedData/EP3492820A1/EP3492820A1_A0001.tif,F24C
EP3492821A2,A0001,/home/safe/Desktop/yassine/Vectorization/data/PatentData/ReorganisedData/EP3492821A2/EP3492821A2_A0001.tif,F24D
EP3492821A3,A0001,/home/safe/Desktop/yassine/Vectorization/data/PatentData/ReorganisedData/EP3492821A3/EP3492821A3_A0001.tif,F24D
EP3492822A1,F0001,/home/safe/Desktop/yassine/Vectorization/data/PatentData/ReorganisedData/EP3492822A1/EP3492822A1_F0001.tif,F24D
EP3492823A1,A0001,/home/safe/Desktop/yassine/Vectorization/data/PatentData/ReorganisedData/EP3492823A1/EP3492823A1_A0001.tif,F24F
EP3492824A1,F0001,/home/safe/Desktop/yassine/Vectorization/data/PatentData/ReorganisedData/EP3492824A1/EP3492824A1_F0001.tif,F24F
EP3492825A1,F0004,/home/safe/Desktop/yassine/Vectorization/data/PatentData/ReorganisedData/EP3492825A1/EP3492825A1_F0004.tif,F24F
EP3492826A1,A0001,/home/safe/Desktop/yassine/Vectorization/data/PatentData/ReorganisedData/EP3492826A1/EP3492826A1_A0001.tif,F24F
EP3492827A1,A0001,/home/safe/Desktop/yassine/Vectorization/data/PatentData/ReorganisedData/EP3492827A1/EP3492827A1_A0001.tif,F24F
EP3492828A1,F0001,/home/safe/Desktop/yassine/Vectorization/data/PatentData/ReorganisedData/EP3492828A1/EP3492828A1_F0001.tif,F24F
EP3492829A1,F0003,/home/safe/Desktop/yassine/Vectorization/data/PatentData/ReorganisedData/EP3492829A1/EP3492829A1_F0003.tif,F24F
EP3492830A1,F0001,/home/safe/Desktop/yassine/Vectorization/data/PatentData/ReorganisedData/EP3492830A1/EP3492830A1_F0001.tif,F24F
EP3492831A1,A0001,/home/safe/Desktop/yassine/Vectorization/data/PatentData/ReorganisedData/EP3492831A1/EP3492831A1_A0001.tif,F24F
EP3492832A1,A0001,/home/safe/Desktop/yassine/Vectorization/data/PatentData/ReorganisedData/EP3492832A1/EP3492832A1_A0001.tif,F24F
EP3492833A1,A0001,/home/safe/Desktop/yassine/Vectorization/data/PatentData/ReorganisedData/EP3492833A1/EP3492833A1_A0001.tif,F24F
EP3492834A1,A0001,/home/safe/Desktop/yassine/Vectorization/data/PatentData/ReorganisedData/EP3492834A1/EP3492834A1_A0001.tif,F24S
EP3492835A1,A0001,/home/safe/Desktop/yassine/Vectorization/data/PatentData/ReorganisedData/EP3492835A1/EP3492835A1_A0001.tif,F25B
EP3492836A1,F0001,/home/safe/Desktop/yassine/Vectorization/data/PatentData/ReorganisedData/EP3492836A1/EP3492836A1_F0001.tif,F25B
EP3492838A1,A0001,/home/safe/Desktop/yassine/Vectorization/data/PatentData/ReorganisedData/EP3492838A1/EP3492838A1_A0001.tif,F25B
EP3492839A1,A0001,/home/safe/Desktop/yassine/Vectorization/data/PatentData/ReorganisedData/EP3492839A1/EP3492839A1_A0001.tif,F25B
EP3492840A1,A0001,/home/safe/Desktop/yassine/Vectorization/data/PatentData/ReorganisedData/EP3492840A1/EP3492840A1_A0001.tif,F25B
EP3492841A1,F0012,/home/safe/Desktop/yassine/Vectorization/data/PatentData/ReorganisedData/EP3492841A1/EP3492841A1_F0012.tif,F25B
EP3492842A1,F0001,/home/safe/Desktop/yassine/Vectorization/data/PatentData/ReorganisedData/EP3492842A1/EP3492842A1_F0001.tif,F25B
EP3492843A1,A0001,/home/safe/Desktop/yassine/Vectorization/data/PatentData/ReorganisedData/EP3492843A1/EP3492843A1_A0001.tif,F25B
EP3492844A1,A0001,/home/safe/Desktop/yassine/Vectorization/data/PatentData/ReorganisedData/EP3492844A1/EP3492844A1_A0001.tif,F25B
EP3492847A1,F0003,/home/safe/Desktop/yassine/Vectorization/data/PatentData/ReorganisedData/EP3492847A1/EP3492847A1_F0003.tif,F25D
EP3492848A1,A0001,/home/safe/Desktop/yassine/Vectorization/data/PatentData/ReorganisedData/EP3492848A1/EP3492848A1_A0001.tif,F25D
EP3492849A1,A0001,/home/safe/Desktop/yassine/Vectorization/data/PatentData/ReorganisedData/EP3492849A1/EP3492849A1_A0001.tif,F25D
EP3492852A1,F0001,/home/safe/Desktop/yassine/Vectorization/data/PatentData/ReorganisedData/EP3492852A1/EP3492852A1_F0001.tif,F27B
EP3492853A1,A0001,/home/safe/Desktop/yassine/Vectorization/data/PatentData/ReorganisedData/EP3492853A1/EP3492853A1_A0001.tif,F28D
EP3492854A1,A0001,/home/safe/Desktop/yassine/Vectorization/data/PatentData/ReorganisedData/EP3492854A1/EP3492854A1_A0001.tif,F28D
EP3492855A1,A0001,/home/safe/Desktop/yassine/Vectorization/data/PatentData/ReorganisedData/EP3492855A1/EP3492855A1_A0001.tif,F28D
EP3492856A1,F0002,/home/safe/Desktop/yassine/Vectorization/data/PatentData/ReorganisedData/EP3492856A1/EP3492856A1_F0002.tif,F28D
EP3492857A1,A0001,/home/safe/Desktop/yassine/Vectorization/data/PatentData/ReorganisedData/EP3492857A1/EP3492857A1_A0001.tif,F28F
EP3492858A1,A0001,/home/safe/Desktop/yassine/Vectorization/data/PatentData/ReorganisedData/EP3492858A1/EP3492858A1_A0001.tif,F28F
EP3493900A1,WO2018027163A1_F0001,/home/safe/Desktop/yassine/Vectorization/data/PatentData/ReorganisedData/EP3493900A1/WO2018027163A1_F0001.tif,B01J
EP3493901A1,WO2018020463A1_F0001,/home/safe/Desktop/yassine/Vectorization/data/PatentData/ReorganisedData/EP3493901A1/WO2018020463A1_F0001.tif,B01J
EP3493902A1,WO2018026617A1_F0001,/home/safe/Desktop/yassine/Vectorization/data/PatentData/ReorganisedData/EP3493902A1/WO2018026617A1_F0001.tif,B01J
EP3493904A1,WO2018025208A1_F0001,/home/safe/Desktop/yassine/Vectorization/data/PatentData/ReorganisedData/EP3493904A1/WO2018025208A1_F0001.tif,B01J
EP3494349A2,WO2017137637A2_F0001,/home/safe/Desktop/yassine/Vectorization/data/PatentData/ReorganisedData/EP3494349A2/WO2017137637A2_F0001.tif,F26B
EP3495029A1,A0001,/home/safe/Desktop/yassine/Vectorization/data/PatentData/ReorganisedData/EP3495029A1/EP3495029A1_A0001.tif,B01D
EP3495030A1,F0003,/home/safe/Desktop/yassine/Vectorization/data/PatentData/ReorganisedData/EP3495030A1/EP3495030A1_F0003.tif,B01D
EP3495031A1,A0001,/home/safe/Desktop/yassine/Vectorization/data/PatentData/ReorganisedData/EP3495031A1/EP3495031A1_A0001.tif,B01D
EP3495033A1,F0002,/home/safe/Desktop/yassine/Vectorization/data/PatentData/ReorganisedData/EP3495033A1/EP3495033A1_F0002.tif,B01D
EP3495034A1,F0002,/home/safe/Desktop/yassine/Vectorization/data/PatentData/ReorganisedData/EP3495034A1/EP3495034A1_F0002.tif,B01D
EP3495036A1,F0001,/home/safe/Desktop/yassine/Vectorization/data/PatentData/ReorganisedData/EP3495036A1/EP3495036A1_F0001.tif,B01F
EP3495037A1,A0001,/home/safe/Desktop/yassine/Vectorization/data/PatentData/ReorganisedData/EP3495037A1/EP3495037A1_A0001.tif,B01J
EP3495038A1,A0001,/home/safe/Desktop/yassine/Vectorization/data/PatentData/ReorganisedData/EP3495038A1/EP3495038A1_A0001.tif,B01J
EP3495039A1,A0001,/home/safe/Desktop/yassine/Vectorization/data/PatentData/ReorganisedData/EP3495039A1/EP3495039A1_A0001.tif,B01J
EP3495040A1,A0001,/home/safe/Desktop/yassine/Vectorization/data/PatentData/ReorganisedData/EP3495040A1/EP3495040A1_A0001.tif,B01J
EP3495042A1,A0001,/home/safe/Desktop/yassine/Vectorization/data/PatentData/ReorganisedData/EP3495042A1/EP3495042A1_A0001.tif,B01J
EP3495044A1,A0001,/home/safe/Desktop/yassine/Vectorization/data/PatentData/ReorganisedData/EP3495044A1/EP3495044A1_A0001.tif,B01L
EP3495045A1,F0001,/home/safe/Desktop/yassine/Vectorization/data/PatentData/ReorganisedData/EP3495045A1/EP3495045A1_F0001.tif,B03C
EP3495046A1,A0001,/home/safe/Desktop/yassine/Vectorization/data/PatentData/ReorganisedData/EP3495046A1/EP3495046A1_A0001.tif,B05B
EP3495047A1,A0001,/home/safe/Desktop/yassine/Vectorization/data/PatentData/ReorganisedData/EP3495047A1/EP3495047A1_A0001.tif,B05B
EP3495048A1,A0001,/home/safe/Desktop/yassine/Vectorization/data/PatentData/ReorganisedData/EP3495048A1/EP3495048A1_A0001.tif,B05B
EP3495050A1,F0001,/home/safe/Desktop/yassine/Vectorization/data/PatentData/ReorganisedData/EP3495050A1/EP3495050A1_F0001.tif,B05D
EP3495051A1,F0001,/home/safe/Desktop/yassine/Vectorization/data/PatentData/ReorganisedData/EP3495051A1/EP3495051A1_F0001.tif,B05D
EP3495052A1,A0001,/home/safe/Desktop/yassine/Vectorization/data/PatentData/ReorganisedData/EP3495052A1/EP3495052A1_A0001.tif,B05D
EP3495053A1,A0001,/home/safe/Desktop/yassine/Vectorization/data/PatentData/ReorganisedData/EP3495053A1/EP3495053A1_A0001.tif,B05D
EP3495054A2,A0001,/home/safe/Desktop/yassine/Vectorization/data/PatentData/ReorganisedData/EP3495054A2/EP3495054A2_A0001.tif,B06B
EP3495056A1,A0001,/home/safe/Desktop/yassine/Vectorization/data/PatentData/ReorganisedData/EP3495056A1/EP3495056A1_A0001.tif,B21B
EP3495057A1,F0001,/home/safe/Desktop/yassine/Vectorization/data/PatentData/ReorganisedData/EP3495057A1/EP3495057A1_F0001.tif,B21D
EP3495058A1,F0001,/home/safe/Desktop/yassine/Vectorization/data/PatentData/ReorganisedData/EP3495058A1/EP3495058A1_F0001.tif,B21D
EP3495059A1,A0001,/home/safe/Desktop/yassine/Vectorization/data/PatentData/ReorganisedData/EP3495059A1/EP3495059A1_A0001.tif,B21D
EP3495060A1,A0001,/home/safe/Desktop/yassine/Vectorization/data/PatentData/ReorganisedData/EP3495060A1/EP3495060A1_A0001.tif,B21D
EP3495061A2,A0001,/home/safe/Desktop/yassine/Vectorization/data/PatentData/ReorganisedData/EP3495061A2/EP3495061A2_A0001.tif,B21D
EP3495062A1,F0001,/home/safe/Desktop/yassine/Vectorization/data/PatentData/ReorganisedData/EP3495062A1/EP3495062A1_F0001.tif,B21D
EP3495063A1,A0001,/home/safe/Desktop/yassine/Vectorization/data/PatentData/ReorganisedData/EP3495063A1/EP3495063A1_A0001.tif,B21D
EP3495064A2,A0001,/home/safe/Desktop/yassine/Vectorization/data/PatentData/ReorganisedData/EP3495064A2/EP3495064A2_A0001.tif,B21D
EP3495065A1,F0001,/home/safe/Desktop/yassine/Vectorization/data/PatentData/ReorganisedData/EP3495065A1/EP3495065A1_F0001.tif,B21D
EP3495066A1,A0001,/home/safe/Desktop/yassine/Vectorization/data/PatentData/ReorganisedData/EP3495066A1/EP3495066A1_A0001.tif,B21D
EP3495067A1,F0001,/home/safe/Desktop/yassine/Vectorization/data/PatentData/ReorganisedData/EP3495067A1/EP3495067A1_F0001.tif,B21D
EP3495068A1,A0001,/home/safe/Desktop/yassine/Vectorization/data/PatentData/ReorganisedData/EP3495068A1/EP3495068A1_A0001.tif,B21F
EP3495069A1,F0001,/home/safe/Desktop/yassine/Vectorization/data/PatentData/ReorganisedData/EP3495069A1/EP3495069A1_F0001.tif,B21F
EP3495070A1,A0001,/home/safe/Desktop/yassine/Vectorization/data/PatentData/ReorganisedData/EP3495070A1/EP3495070A1_A0001.tif,B21H
EP3495071A1,A0001,/home/safe/Desktop/yassine/Vectorization/data/PatentData/ReorganisedData/EP3495071A1/EP3495071A1_A0001.tif,B21J
EP3495074A1,F0001,/home/safe/Desktop/yassine/Vectorization/data/PatentData/ReorganisedData/EP3495074A1/EP3495074A1_F0001.tif,B22C
EP3495075A1,F0001,/home/safe/Desktop/yassine/Vectorization/data/PatentData/ReorganisedData/EP3495075A1/EP3495075A1_F0001.tif,B22D
EP3495076A1,A0001,/home/safe/Desktop/yassine/Vectorization/data/PatentData/ReorganisedData/EP3495076A1/EP3495076A1_A0001.tif,B22F
EP3495077A1,A0001,/home/safe/Desktop/yassine/Vectorization/data/PatentData/ReorganisedData/EP3495077A1/EP3495077A1_A0001.tif,B22F
EP3495078A1,A0001,/home/safe/Desktop/yassine/Vectorization/data/PatentData/ReorganisedData/EP3495078A1/EP3495078A1_A0001.tif,B22F
EP3495081A1,F0001,/home/safe/Desktop/yassine/Vectorization/data/PatentData/ReorganisedData/EP3495081A1/EP3495081A1_F0001.tif,B23K
EP3495082A1,F0001,/home/safe/Desktop/yassine/Vectorization/data/PatentData/ReorganisedData/EP3495082A1/EP3495082A1_F0001.tif,B23K
EP3495083A1,F0001,/home/safe/Desktop/yassine/Vectorization/data/PatentData/ReorganisedData/EP3495083A1/EP3495083A1_F0001.tif,B23K
EP3495085A1,F0002,/home/safe/Desktop/yassine/Vectorization/data/PatentData/ReorganisedData/EP3495085A1/EP3495085A1_F0002.tif,B23K
EP3495086A1,A0001,/home/safe/Desktop/yassine/Vectorization/data/PatentData/ReorganisedData/EP3495086A1/EP3495086A1_A0001.tif,B23K
EP3495087A1,A0001,/home/safe/Desktop/yassine/Vectorization/data/PatentData/ReorganisedData/EP3495087A1/EP3495087A1_A0001.tif,B23K
EP3495088A1,A0001,/home/safe/Desktop/yassine/Vectorization/data/PatentData/ReorganisedData/EP3495088A1/EP3495088A1_A0001.tif,B23K
EP3495089A1,F0002,/home/safe/Desktop/yassine/Vectorization/data/PatentData/ReorganisedData/EP3495089A1/EP3495089A1_F0002.tif,B23K
EP3495091A1,F0003,/home/safe/Desktop/yassine/Vectorization/data/PatentData/ReorganisedData/EP3495091A1/EP3495091A1_F0003.tif,B23P
EP3495092A1,F0001,/home/safe/Desktop/yassine/Vectorization/data/PatentData/ReorganisedData/EP3495092A1/EP3495092A1_F0001.tif,B24B
EP3495093A1,A0001,/home/safe/Desktop/yassine/Vectorization/data/PatentData/ReorganisedData/EP3495093A1/EP3495093A1_A0001.tif,B24B
EP3495094A1,F0001,/home/safe/Desktop/yassine/Vectorization/data/PatentData/ReorganisedData/EP3495094A1/EP3495094A1_F0001.tif,B25J
EP3495095A1,A0001,/home/safe/Desktop/yassine/Vectorization/data/PatentData/ReorganisedData/EP3495095A1/EP3495095A1_A0001.tif,B25J
EP3495097A2,F0001,/home/safe/Desktop/yassine/Vectorization/data/PatentData/ReorganisedData/EP3495097A2/EP3495097A2_F0001.tif,B25J
EP3495098A1,F0002,/home/safe/Desktop/yassine/Vectorization/data/PatentData/ReorganisedData/EP3495098A1/EP3495098A1_F0002.tif,B25J
EP3495099A1,A0001,/home/safe/Desktop/yassine/Vectorization/data/PatentData/ReorganisedData/EP3495099A1/EP3495099A1_A0001.tif,B25J
EP3495100A1,A0001,/home/safe/Desktop/yassine/Vectorization/data/PatentData/ReorganisedData/EP3495100A1/EP3495100A1_A0001.tif,B26B
EP3495101A1,A0001,/home/safe/Desktop/yassine/Vectorization/data/PatentData/ReorganisedData/EP3495101A1/EP3495101A1_A0001.tif,B26B
EP3495102A1,A0001,/home/safe/Desktop/yassine/Vectorization/data/PatentData/ReorganisedData/EP3495102A1/EP3495102A1_A0001.tif,B26D
EP3495103A1,A0001,/home/safe/Desktop/yassine/Vectorization/data/PatentData/ReorganisedData/EP3495103A1/EP3495103A1_A0001.tif,B26D
EP3495104A1,A0001,/home/safe/Desktop/yassine/Vectorization/data/PatentData/ReorganisedData/EP3495104A1/EP3495104A1_A0001.tif,B26D
EP3495106A1,A0001,/home/safe/Desktop/yassine/Vectorization/data/PatentData/ReorganisedData/EP3495106A1/EP3495106A1_A0001.tif,B28B
EP3495107A1,A0001,/home/safe/Desktop/yassine/Vectorization/data/PatentData/ReorganisedData/EP3495107A1/EP3495107A1_A0001.tif,B29B
EP3495110A1,F0001,/home/safe/Desktop/yassine/Vectorization/data/PatentData/ReorganisedData/EP3495110A1/EP3495110A1_F0001.tif,B29C
EP3495111A1,A0001,/home/safe/Desktop/yassine/Vectorization/data/PatentData/ReorganisedData/EP3495111A1/EP3495111A1_A0001.tif,B29C
EP3495112A1,A0001,/home/safe/Desktop/yassine/Vectorization/data/PatentData/ReorganisedData/EP3495112A1/EP3495112A1_A0001.tif,B29C
EP3495113A2,A0001,/home/safe/Desktop/yassine/Vectorization/data/PatentData/ReorganisedData/EP3495113A2/EP3495113A2_A0001.tif,B29C
EP3495114A1,A0001,/home/safe/Desktop/yassine/Vectorization/data/PatentData/ReorganisedData/EP3495114A1/EP3495114A1_A0001.tif,B29C
EP3495115A1,A0001,/home/safe/Desktop/yassine/Vectorization/data/PatentData/ReorganisedData/EP3495115A1/EP3495115A1_A0001.tif,B29C
EP3495116A1,A0001,/home/safe/Desktop/yassine/Vectorization/data/PatentData/ReorganisedData/EP3495116A1/EP3495116A1_A0001.tif,B29C
EP3495117A1,A0001,/home/safe/Desktop/yassine/Vectorization/data/PatentData/ReorganisedData/EP3495117A1/EP3495117A1_A0001.tif,B29C
EP3495119A1,F0001,/home/safe/Desktop/yassine/Vectorization/data/PatentData/ReorganisedData/EP3495119A1/EP3495119A1_F0001.tif,B29C
EP3495120A1,A0001,/home/safe/Desktop/yassine/Vectorization/data/PatentData/ReorganisedData/EP3495120A1/EP3495120A1_A0001.tif,B29C
EP3495121A1,F0002,/home/safe/Desktop/yassine/Vectorization/data/PatentData/ReorganisedData/EP3495121A1/EP3495121A1_F0002.tif,B29C
EP3495122A1,A0001,/home/safe/Desktop/yassine/Vectorization/data/PatentData/ReorganisedData/EP3495122A1/EP3495122A1_A0001.tif,B29C
EP3495123A1,F0001,/home/safe/Desktop/yassine/Vectorization/data/PatentData/ReorganisedData/EP3495123A1/EP3495123A1_F0001.tif,B29C
EP3495124A1,A0001,/home/safe/Desktop/yassine/Vectorization/data/PatentData/ReorganisedData/EP3495124A1/EP3495124A1_A0001.tif,B29C
EP3495127A1,F0002,/home/safe/Desktop/yassine/Vectorization/data/PatentData/ReorganisedData/EP3495127A1/EP3495127A1_F0002.tif,B29D
EP3495128A1,A0001,/home/safe/Desktop/yassine/Vectorization/data/PatentData/ReorganisedData/EP3495128A1/EP3495128A1_A0001.tif,B29D
EP3495129A1,A0001,/home/safe/Desktop/yassine/Vectorization/data/PatentData/ReorganisedData/EP3495129A1/EP3495129A1_A0001.tif,B29D
EP3495130A1,A0001,/home/safe/Desktop/yassine/Vectorization/data/PatentData/ReorganisedData/EP3495130A1/EP3495130A1_A0001.tif,B29D
EP3495131A1,F0002,/home/safe/Desktop/yassine/Vectorization/data/PatentData/ReorganisedData/EP3495131A1/EP3495131A1_F0002.tif,B29D
EP3495132A1,A0001,/home/safe/Desktop/yassine/Vectorization/data/PatentData/ReorganisedData/EP3495132A1/EP3495132A1_A0001.tif,B31B
EP3495133A1,F0001,/home/safe/Desktop/yassine/Vectorization/data/PatentData/ReorganisedData/EP3495133A1/EP3495133A1_F0001.tif,B31B
EP3495134A1,A0001,/home/safe/Desktop/yassine/Vectorization/data/PatentData/ReorganisedData/EP3495134A1/EP3495134A1_A0001.tif,B32B
EP3495135A1,A0001,/home/safe/Desktop/yassine/Vectorization/data/PatentData/ReorganisedData/EP3495135A1/EP3495135A1_A0001.tif,B32B
EP3495136A1,A0001,/home/safe/Desktop/yassine/Vectorization/data/PatentData/ReorganisedData/EP3495136A1/EP3495136A1_A0001.tif,B32B
EP3495137A1,A0001,/home/safe/Desktop/yassine/Vectorization/data/PatentData/ReorganisedData/EP3495137A1/EP3495137A1_A0001.tif,B32B
EP3495138A1,A0001,/home/safe/Desktop/yassine/Vectorization/data/PatentData/ReorganisedData/EP3495138A1/EP3495138A1_A0001.tif,B32B
EP3495140A1,F0002,/home/safe/Desktop/yassine/Vectorization/data/PatentData/ReorganisedData/EP3495140A1/EP3495140A1_F0002.tif,B32B
EP3495141A2,A0001,/home/safe/Desktop/yassine/Vectorization/data/PatentData/ReorganisedData/EP3495141A2/EP3495141A2_A0001.tif,B32B
EP3495142A1,A0001,/home/safe/Desktop/yassine/Vectorization/data/PatentData/ReorganisedData/EP3495142A1/EP3495142A1_A0001.tif,B33Y
EP3495143A1,F0001,/home/safe/Desktop/yassine/Vectorization/data/PatentData/ReorganisedData/EP3495143A1/EP3495143A1_F0001.tif,B33Y
EP3495144A1,F0003,/home/safe/Desktop/yassine/Vectorization/data/PatentData/ReorganisedData/EP3495144A1/EP3495144A1_F0003.tif,B33Y
EP3495145A1,A0001,/home/safe/Desktop/yassine/Vectorization/data/PatentData/ReorganisedData/EP3495145A1/EP3495145A1_A0001.tif,B41F
EP3495147A1,F0001,/home/safe/Desktop/yassine/Vectorization/data/PatentData/ReorganisedData/EP3495147A1/EP3495147A1_F0001.tif,B41J
EP3495148A1,A0001,/home/safe/Desktop/yassine/Vectorization/data/PatentData/ReorganisedData/EP3495148A1/EP3495148A1_A0001.tif,B41J
EP3495149A1,A0001,/home/safe/Desktop/yassine/Vectorization/data/PatentData/ReorganisedData/EP3495149A1/EP3495149A1_A0001.tif,B41J
EP3495150A1,F0002,/home/safe/Desktop/yassine/Vectorization/data/PatentData/ReorganisedData/EP3495150A1/EP3495150A1_F0002.tif,B41J
EP3495151A1,F0005,/home/safe/Desktop/yassine/Vectorization/data/PatentData/ReorganisedData/EP3495151A1/EP3495151A1_F0005.tif,B41J
EP3495152A1,F0001,/home/safe/Desktop/yassine/Vectorization/data/PatentData/ReorganisedData/EP3495152A1/EP3495152A1_F0001.tif,B41J
EP3495154A1,A0001,/home/safe/Desktop/yassine/Vectorization/data/PatentData/ReorganisedData/EP3495154A1/EP3495154A1_A0001.tif,B41M
EP3495156A1,F0001,/home/safe/Desktop/yassine/Vectorization/data/PatentData/ReorganisedData/EP3495156A1/EP3495156A1_F0001.tif,B42C
EP3495157A1,A0001,/home/safe/Desktop/yassine/Vectorization/data/PatentData/ReorganisedData/EP3495157A1/EP3495157A1_A0001.tif,B42D
EP3495158A1,A0001,/home/safe/Desktop/yassine/Vectorization/data/PatentData/ReorganisedData/EP3495158A1/EP3495158A1_A0001.tif,B60B
EP3495159A1,F0001,/home/safe/Desktop/yassine/Vectorization/data/PatentData/ReorganisedData/EP3495159A1/EP3495159A1_F0001.tif,B60B
EP3495160A2,F0001,/home/safe/Desktop/yassine/Vectorization/data/PatentData/ReorganisedData/EP3495160A2/EP3495160A2_F0001.tif,B60B
EP3495161A1,F0001,/home/safe/Desktop/yassine/Vectorization/data/PatentData/ReorganisedData/EP3495161A1/EP3495161A1_F0001.tif,B60B
EP3495163A1,A0002,/home/safe/Desktop/yassine/Vectorization/data/PatentData/ReorganisedData/EP3495163A1/EP3495163A1_A0002.tif,B60C
EP3495164A1,A0001,/home/safe/Desktop/yassine/Vectorization/data/PatentData/ReorganisedData/EP3495164A1/EP3495164A1_A0001.tif,B60C
EP3495165A1,A0001,/home/safe/Desktop/yassine/Vectorization/data/PatentData/ReorganisedData/EP3495165A1/EP3495165A1_A0001.tif,B60C
EP3495166A1,A0001,/home/safe/Desktop/yassine/Vectorization/data/PatentData/ReorganisedData/EP3495166A1/EP3495166A1_A0001.tif,B60C
EP3495167A1,A0001,/home/safe/Desktop/yassine/Vectorization/data/PatentData/ReorganisedData/EP3495167A1/EP3495167A1_A0001.tif,B60C
EP3495168A1,A0001,/home/safe/Desktop/yassine/Vectorization/data/PatentData/ReorganisedData/EP3495168A1/EP3495168A1_A0001.tif,B60C
EP3495169A1,A0001,/home/safe/Desktop/yassine/Vectorization/data/PatentData/ReorganisedData/EP3495169A1/EP3495169A1_A0001.tif,B60C
EP3495171A1,F0002,/home/safe/Desktop/yassine/Vectorization/data/PatentData/ReorganisedData/EP3495171A1/EP3495171A1_F0002.tif,B60C
EP3495172A1,A0001,/home/safe/Desktop/yassine/Vectorization/data/PatentData/ReorganisedData/EP3495172A1/EP3495172A1_A0001.tif,B60C
EP3495173A1,F0006,/home/safe/Desktop/yassine/Vectorization/data/PatentData/ReorganisedData/EP3495173A1/EP3495173A1_F0006.tif,B60C
EP3495174A1,A0001,/home/safe/Desktop/yassine/Vectorization/data/PatentData/ReorganisedData/EP3495174A1/EP3495174A1_A0001.tif,B60D
EP3495175A1,A0001,/home/safe/Desktop/yassine/Vectorization/data/PatentData/ReorganisedData/EP3495175A1/EP3495175A1_A0001.tif,B60G
EP3495176A1,F0002,/home/safe/Desktop/yassine/Vectorization/data/PatentData/ReorganisedData/EP3495176A1/EP3495176A1_F0002.tif,B60G
EP3495177A1,F0002,/home/safe/Desktop/yassine/Vectorization/data/PatentData/ReorganisedData/EP3495177A1/EP3495177A1_F0002.tif,B60G
EP3495178A1,A0001,/home/safe/Desktop/yassine/Vectorization/data/PatentData/ReorganisedData/EP3495178A1/EP3495178A1_A0001.tif,B60H
EP3495179A1,F0001,/home/safe/Desktop/yassine/Vectorization/data/PatentData/ReorganisedData/EP3495179A1/EP3495179A1_F0001.tif,B60H
EP3495180A1,A0001,/home/safe/Desktop/yassine/Vectorization/data/PatentData/ReorganisedData/EP3495180A1/EP3495180A1_A0001.tif,B60H
EP3495181A1,A0001,/home/safe/Desktop/yassine/Vectorization/data/PatentData/ReorganisedData/EP3495181A1/EP3495181A1_A0001.tif,B60J
EP3495182A1,F0001,/home/safe/Desktop/yassine/Vectorization/data/PatentData/ReorganisedData/EP3495182A1/EP3495182A1_F0001.tif,B60J
EP3495183A1,A0001,/home/safe/Desktop/yassine/Vectorization/data/PatentData/ReorganisedData/EP3495183A1/EP3495183A1_A0001.tif,B60J
EP3495184A1,A0001,/home/safe/Desktop/yassine/Vectorization/data/PatentData/ReorganisedData/EP3495184A1/EP3495184A1_A0001.tif,B60J
EP3495186A1,A0001,/home/safe/Desktop/yassine/Vectorization/data/PatentData/ReorganisedData/EP3495186A1/EP3495186A1_A0001.tif,B60K
EP3495187A1,F0004,/home/safe/Desktop/yassine/Vectorization/data/PatentData/ReorganisedData/EP3495187A1/EP3495187A1_F0004.tif,B60K
EP3495188A1,A0001,/home/safe/Desktop/yassine/Vectorization/data/PatentData/ReorganisedData/EP3495188A1/EP3495188A1_A0001.tif,B60K
EP3495189A1,A0001,/home/safe/Desktop/yassine/Vectorization/data/PatentData/ReorganisedData/EP3495189A1/EP3495189A1_A0001.tif,B60K
EP3495190A1,A0001,/home/safe/Desktop/yassine/Vectorization/data/PatentData/ReorganisedData/EP3495190A1/EP3495190A1_A0001.tif,B60L
EP3495191A1,F0001,/home/safe/Desktop/yassine/Vectorization/data/PatentData/ReorganisedData/EP3495191A1/EP3495191A1_F0001.tif,B60L
EP3495192A1,A0001,/home/safe/Desktop/yassine/Vectorization/data/PatentData/ReorganisedData/EP3495192A1/EP3495192A1_A0001.tif,B60L
EP3495193A1,A0001,/home/safe/Desktop/yassine/Vectorization/data/PatentData/ReorganisedData/EP3495193A1/EP3495193A1_A0001.tif,B60L
EP3495194A1,F0002,/home/safe/Desktop/yassine/Vectorization/data/PatentData/ReorganisedData/EP3495194A1/EP3495194A1_F0002.tif,B60L
EP3495195A1,A0001,/home/safe/Desktop/yassine/Vectorization/data/PatentData/ReorganisedData/EP3495195A1/EP3495195A1_A0001.tif,B60L
EP3495196A1,A0001,/home/safe/Desktop/yassine/Vectorization/data/PatentData/ReorganisedData/EP3495196A1/EP3495196A1_A0001.tif,B60N
EP3495197A1,F0001,/home/safe/Desktop/yassine/Vectorization/data/PatentData/ReorganisedData/EP3495197A1/EP3495197A1_F0001.tif,B60N
EP3495198A1,F0001,/home/safe/Desktop/yassine/Vectorization/data/PatentData/ReorganisedData/EP3495198A1/EP3495198A1_F0001.tif,B60N
EP3495199A1,A0001,/home/safe/Desktop/yassine/Vectorization/data/PatentData/ReorganisedData/EP3495199A1/EP3495199A1_A0001.tif,B60N
EP3495200A1,F0001,/home/safe/Desktop/yassine/Vectorization/data/PatentData/ReorganisedData/EP3495200A1/EP3495200A1_F0001.tif,B60N
EP3495201A1,F0002,/home/safe/Desktop/yassine/Vectorization/data/PatentData/ReorganisedData/EP3495201A1/EP3495201A1_F0002.tif,B60P
EP3495202A1,A0001,/home/safe/Desktop/yassine/Vectorization/data/PatentData/ReorganisedData/EP3495202A1/EP3495202A1_A0001.tif,B60P
EP3495203A1,A0001,/home/safe/Desktop/yassine/Vectorization/data/PatentData/ReorganisedData/EP3495203A1/EP3495203A1_A0001.tif,B60P
EP3495204A1,A0001,/home/safe/Desktop/yassine/Vectorization/data/PatentData/ReorganisedData/EP3495204A1/EP3495204A1_A0001.tif,B60Q
EP3495205A1,A0001,/home/safe/Desktop/yassine/Vectorization/data/PatentData/ReorganisedData/EP3495205A1/EP3495205A1_A0001.tif,B60R
EP3495206A1,F0002,/home/safe/Desktop/yassine/Vectorization/data/PatentData/ReorganisedData/EP3495206A1/EP3495206A1_F0002.tif,B60R
EP3495207A1,A0001,/home/safe/Desktop/yassine/Vectorization/data/PatentData/ReorganisedData/EP3495207A1/EP3495207A1_A0001.tif,B60R
EP3495208A1,A0001,/home/safe/Desktop/yassine/Vectorization/data/PatentData/ReorganisedData/EP3495208A1/EP3495208A1_A0001.tif,B60R
EP3495209A1,F0001,/home/safe/Desktop/yassine/Vectorization/data/PatentData/ReorganisedData/EP3495209A1/EP3495209A1_F0001.tif,B60R
EP3495211A1,F0001,/home/safe/Desktop/yassine/Vectorization/data/PatentData/ReorganisedData/EP3495211A1/EP3495211A1_F0001.tif,B60R
EP3495212A1,A0001,/home/safe/Desktop/yassine/Vectorization/data/PatentData/ReorganisedData/EP3495212A1/EP3495212A1_A0001.tif,B60R
EP3495213A1,A0001,/home/safe/Desktop/yassine/Vectorization/data/PatentData/ReorganisedData/EP3495213A1/EP3495213A1_A0001.tif,B60R
EP3495214A1,F0001,/home/safe/Desktop/yassine/Vectorization/data/PatentData/ReorganisedData/EP3495214A1/EP3495214A1_F0001.tif,B60R
EP3495215A1,A0001,/home/safe/Desktop/yassine/Vectorization/data/PatentData/ReorganisedData/EP3495215A1/EP3495215A1_A0001.tif,B60W
EP3495216A1,F0011,/home/safe/Desktop/yassine/Vectorization/data/PatentData/ReorganisedData/EP3495216A1/EP3495216A1_F0011.tif,B60W
EP3495217A1,F0007,/home/safe/Desktop/yassine/Vectorization/data/PatentData/ReorganisedData/EP3495217A1/EP3495217A1_F0007.tif,B60W
EP3495218A1,F0003,/home/safe/Desktop/yassine/Vectorization/data/PatentData/ReorganisedData/EP3495218A1/EP3495218A1_F0003.tif,B60W
EP3495219A1,F0004,/home/safe/Desktop/yassine/Vectorization/data/PatentData/ReorganisedData/EP3495219A1/EP3495219A1_F0004.tif,B60W
EP3495220A1,A0001,/home/safe/Desktop/yassine/Vectorization/data/PatentData/ReorganisedData/EP3495220A1/EP3495220A1_A0001.tif,B60W
EP3495221A1,F0002,/home/safe/Desktop/yassine/Vectorization/data/PatentData/ReorganisedData/EP3495221A1/EP3495221A1_F0002.tif,B60W
EP3495222A1,F0001,/home/safe/Desktop/yassine/Vectorization/data/PatentData/ReorganisedData/EP3495222A1/EP3495222A1_F0001.tif,B60W
EP3495223A1,F0005,/home/safe/Desktop/yassine/Vectorization/data/PatentData/ReorganisedData/EP3495223A1/EP3495223A1_F0005.tif,B60W
EP3495224A1,A0001,/home/safe/Desktop/yassine/Vectorization/data/PatentData/ReorganisedData/EP3495224A1/EP3495224A1_A0001.tif,B61B
EP3495226A1,F0001,/home/safe/Desktop/yassine/Vectorization/data/PatentData/ReorganisedData/EP3495226A1/EP3495226A1_F0001.tif,B61D
EP3495227A1,F0002,/home/safe/Desktop/yassine/Vectorization/data/PatentData/ReorganisedData/EP3495227A1/EP3495227A1_F0002.tif,B61D
EP3495228A1,F0002,/home/safe/Desktop/yassine/Vectorization/data/PatentData/ReorganisedData/EP3495228A1/EP3495228A1_F0002.tif,B61D
EP3495229A1,F0003,/home/safe/Desktop/yassine/Vectorization/data/PatentData/ReorganisedData/EP3495229A1/EP3495229A1_F0003.tif,B61F
EP3495230A1,F0001,/home/safe/Desktop/yassine/Vectorization/data/PatentData/ReorganisedData/EP3495230A1/EP3495230A1_F0001.tif,B61L
EP3495231A1,F0001,/home/safe/Desktop/yassine/Vectorization/data/PatentData/ReorganisedData/EP3495231A1/EP3495231A1_F0001.tif,B61L
EP3495232A1,A0001,/home/safe/Desktop/yassine/Vectorization/data/PatentData/ReorganisedData/EP3495232A1/EP3495232A1_A0001.tif,B61L
EP3495233A1,F0009,/home/safe/Desktop/yassine/Vectorization/data/PatentData/ReorganisedData/EP3495233A1/EP3495233A1_F0009.tif,B61L
EP3495234A1,F0001,/home/safe/Desktop/yassine/Vectorization/data/PatentData/ReorganisedData/EP3495234A1/EP3495234A1_F0001.tif,B62D
EP3495235A1,F0001,/home/safe/Desktop/yassine/Vectorization/data/PatentData/ReorganisedData/EP3495235A1/EP3495235A1_F0001.tif,B62D
EP3495236A1,F0002,/home/safe/Desktop/yassine/Vectorization/data/PatentData/ReorganisedData/EP3495236A1/EP3495236A1_F0002.tif,B62D
EP3495237A1,A0001,/home/safe/Desktop/yassine/Vectorization/data/PatentData/ReorganisedData/EP3495237A1/EP3495237A1_A0001.tif,B62D
EP3495238A1,F0001,/home/safe/Desktop/yassine/Vectorization/data/PatentData/ReorganisedData/EP3495238A1/EP3495238A1_F0001.tif,B62D
EP3495239A1,A0001,/home/safe/Desktop/yassine/Vectorization/data/PatentData/ReorganisedData/EP3495239A1/EP3495239A1_A0001.tif,B62D
EP3495240A1,F0002,/home/safe/Desktop/yassine/Vectorization/data/PatentData/ReorganisedData/EP3495240A1/EP3495240A1_F0002.tif,B62D
EP3495241A1,F0001,/home/safe/Desktop/yassine/Vectorization/data/PatentData/ReorganisedData/EP3495241A1/EP3495241A1_F0001.tif,B62D
EP3495242A1,A0001,/home/safe/Desktop/yassine/Vectorization/data/PatentData/ReorganisedData/EP3495242A1/EP3495242A1_A0001.tif,B62D
EP3495243A1,A0001,/home/safe/Desktop/yassine/Vectorization/data/PatentData/ReorganisedData/EP3495243A1/EP3495243A1_A0001.tif,B62D
EP3495244A1,F0001,/home/safe/Desktop/yassine/Vectorization/data/PatentData/ReorganisedData/EP3495244A1/EP3495244A1_F0001.tif,B62D
EP3495245A1,F0001,/home/safe/Desktop/yassine/Vectorization/data/PatentData/ReorganisedData/EP3495245A1/EP3495245A1_F0001.tif,B62D
EP3495246A1,A0001,/home/safe/Desktop/yassine/Vectorization/data/PatentData/ReorganisedData/EP3495246A1/EP3495246A1_A0001.tif,B62D
EP3495247A1,A0001,/home/safe/Desktop/yassine/Vectorization/data/PatentData/ReorganisedData/EP3495247A1/EP3495247A1_A0001.tif,B62D
EP3495248A1,A0001,/home/safe/Desktop/yassine/Vectorization/data/PatentData/ReorganisedData/EP3495248A1/EP3495248A1_A0001.tif,B62D
EP3495249A1,F0001,/home/safe/Desktop/yassine/Vectorization/data/PatentData/ReorganisedData/EP3495249A1/EP3495249A1_F0001.tif,B62D
EP3495250A1,F0001,/home/safe/Desktop/yassine/Vectorization/data/PatentData/ReorganisedData/EP3495250A1/EP3495250A1_F0001.tif,B62D
EP3495251A1,A0001,/home/safe/Desktop/yassine/Vectorization/data/PatentData/ReorganisedData/EP3495251A1/EP3495251A1_A0001.tif,B62H
EP3495252A1,A0001,/home/safe/Desktop/yassine/Vectorization/data/PatentData/ReorganisedData/EP3495252A1/EP3495252A1_A0001.tif,B62J
EP3495253A1,A0001,/home/safe/Desktop/yassine/Vectorization/data/PatentData/ReorganisedData/EP3495253A1/EP3495253A1_A0001.tif,B62K
EP3495254A1,F0001,/home/safe/Desktop/yassine/Vectorization/data/PatentData/ReorganisedData/EP3495254A1/EP3495254A1_F0001.tif,B62L
EP3495255A1,A0001,/home/safe/Desktop/yassine/Vectorization/data/PatentData/ReorganisedData/EP3495255A1/EP3495255A1_A0001.tif,B62M
EP3495256A1,F0001,/home/safe/Desktop/yassine/Vectorization/data/PatentData/ReorganisedData/EP3495256A1/EP3495256A1_F0001.tif,B63B
EP3495257A1,F0001,/home/safe/Desktop/yassine/Vectorization/data/PatentData/ReorganisedData/EP3495257A1/EP3495257A1_F0001.tif,B63H
EP3495258A1,A0001,/home/safe/Desktop/yassine/Vectorization/data/PatentData/ReorganisedData/EP3495258A1/EP3495258A1_A0001.tif,B64C
EP3495259A1,A0001,/home/safe/Desktop/yassine/Vectorization/data/PatentData/ReorganisedData/EP3495259A1/EP3495259A1_A0001.tif,B64C
EP3495260A1,A0001,/home/safe/Desktop/yassine/Vectorization/data/PatentData/ReorganisedData/EP3495260A1/EP3495260A1_A0001.tif,B64C
EP3495261A1,A0001,/home/safe/Desktop/yassine/Vectorization/data/PatentData/ReorganisedData/EP3495261A1/EP3495261A1_A0001.tif,B64C
EP3495262A1,F0001,/home/safe/Desktop/yassine/Vectorization/data/PatentData/ReorganisedData/EP3495262A1/EP3495262A1_F0001.tif,B64C
EP3495263A1,A0001,/home/safe/Desktop/yassine/Vectorization/data/PatentData/ReorganisedData/EP3495263A1/EP3495263A1_A0001.tif,B64C
EP3495264A1,F0001,/home/safe/Desktop/yassine/Vectorization/data/PatentData/ReorganisedData/EP3495264A1/EP3495264A1_F0001.tif,B64C
EP3495265A1,F0003,/home/safe/Desktop/yassine/Vectorization/data/PatentData/ReorganisedData/EP3495265A1/EP3495265A1_F0003.tif,B64C
EP3495266A1,A0001,/home/safe/Desktop/yassine/Vectorization/data/PatentData/ReorganisedData/EP3495266A1/EP3495266A1_A0001.tif,B64C
EP3495267A1,A0001,/home/safe/Desktop/yassine/Vectorization/data/PatentData/ReorganisedData/EP3495267A1/EP3495267A1_A0001.tif,B64C
EP3495268A1,A0001,/home/safe/Desktop/yassine/Vectorization/data/PatentData/ReorganisedData/EP3495268A1/EP3495268A1_A0001.tif,B64D
EP3495269A1,F0004,/home/safe/Desktop/yassine/Vectorization/data/PatentData/ReorganisedData/EP3495269A1/EP3495269A1_F0004.tif,B64D
EP3495270A2,F0001,/home/safe/Desktop/yassine/Vectorization/data/PatentData/ReorganisedData/EP3495270A2/EP3495270A2_F0001.tif,B64D
EP3495271A1,A0001,/home/safe/Desktop/yassine/Vectorization/data/PatentData/ReorganisedData/EP3495271A1/EP3495271A1_A0001.tif,B64D
EP3495273A1,A0001,/home/safe/Desktop/yassine/Vectorization/data/PatentData/ReorganisedData/EP3495273A1/EP3495273A1_A0001.tif,B64D
EP3495274A1,F0001,/home/safe/Desktop/yassine/Vectorization/data/PatentData/ReorganisedData/EP3495274A1/EP3495274A1_F0001.tif,B64D
EP3495275A1,F0001,/home/safe/Desktop/yassine/Vectorization/data/PatentData/ReorganisedData/EP3495275A1/EP3495275A1_F0001.tif,B64D
EP3495276A1,A0001,/home/safe/Desktop/yassine/Vectorization/data/PatentData/ReorganisedData/EP3495276A1/EP3495276A1_A0001.tif,B64F
EP3495277A1,A0001,/home/safe/Desktop/yassine/Vectorization/data/PatentData/ReorganisedData/EP3495277A1/EP3495277A1_A0001.tif,B64F
EP3495278A1,A0002,/home/safe/Desktop/yassine/Vectorization/data/PatentData/ReorganisedData/EP3495278A1/EP3495278A1_A0002.tif,B64F
EP3495280A1,F0001,/home/safe/Desktop/yassine/Vectorization/data/PatentData/ReorganisedData/EP3495280A1/EP3495280A1_F0001.tif,B65C
EP3495281A1,A0001,/home/safe/Desktop/yassine/Vectorization/data/PatentData/ReorganisedData/EP3495281A1/EP3495281A1_A0001.tif,B65D
EP3495282A1,A0001,/home/safe/Desktop/yassine/Vectorization/data/PatentData/ReorganisedData/EP3495282A1/EP3495282A1_A0001.tif,B65D
EP3495283A1,A0001,/home/safe/Desktop/yassine/Vectorization/data/PatentData/ReorganisedData/EP3495283A1/EP3495283A1_A0001.tif,B65D
EP3495285A1,A0001,/home/safe/Desktop/yassine/Vectorization/data/PatentData/ReorganisedData/EP3495285A1/EP3495285A1_A0001.tif,B65D
EP3495286A1,A0001,/home/safe/Desktop/yassine/Vectorization/data/PatentData/ReorganisedData/EP3495286A1/EP3495286A1_A0001.tif,B65D
EP3495287A1,A0001,/home/safe/Desktop/yassine/Vectorization/data/PatentData/ReorganisedData/EP3495287A1/EP3495287A1_A0001.tif,B65D
EP3495289A2,A0001,/home/safe/Desktop/yassine/Vectorization/data/PatentData/ReorganisedData/EP3495289A2/EP3495289A2_A0001.tif,B65D
EP3495290A1,F0001,/home/safe/Desktop/yassine/Vectorization/data/PatentData/ReorganisedData/EP3495290A1/EP3495290A1_F0001.tif,B65G
EP3495291A1,A0001,/home/safe/Desktop/yassine/Vectorization/data/PatentData/ReorganisedData/EP3495291A1/EP3495291A1_A0001.tif,B65G
EP3495292A2,F0002,/home/safe/Desktop/yassine/Vectorization/data/PatentData/ReorganisedData/EP3495292A2/EP3495292A2_F0002.tif,B65G
EP3495293A1,A0001,/home/safe/Desktop/yassine/Vectorization/data/PatentData/ReorganisedData/EP3495293A1/EP3495293A1_A0001.tif,B65G
EP3495294A1,F0002,/home/safe/Desktop/yassine/Vectorization/data/PatentData/ReorganisedData/EP3495294A1/EP3495294A1_F0002.tif,B65G
EP3495295A1,A0001,/home/safe/Desktop/yassine/Vectorization/data/PatentData/ReorganisedData/EP3495295A1/EP3495295A1_A0001.tif,B65H
EP3495296A1,A0001,/home/safe/Desktop/yassine/Vectorization/data/PatentData/ReorganisedData/EP3495296A1/EP3495296A1_A0001.tif,B65H
EP3495297A1,F0001,/home/safe/Desktop/yassine/Vectorization/data/PatentData/ReorganisedData/EP3495297A1/EP3495297A1_F0001.tif,B65H
EP3495298A1,A0001,/home/safe/Desktop/yassine/Vectorization/data/PatentData/ReorganisedData/EP3495298A1/EP3495298A1_A0001.tif,B65H
EP3495299A1,A0001,/home/safe/Desktop/yassine/Vectorization/data/PatentData/ReorganisedData/EP3495299A1/EP3495299A1_A0001.tif,B65H
EP3495300A1,A0001,/home/safe/Desktop/yassine/Vectorization/data/PatentData/ReorganisedData/EP3495300A1/EP3495300A1_A0001.tif,B66B
EP3495301A2,A0001,/home/safe/Desktop/yassine/Vectorization/data/PatentData/ReorganisedData/EP3495301A2/EP3495301A2_A0001.tif,B66B
EP3495302A1,F0001,/home/safe/Desktop/yassine/Vectorization/data/PatentData/ReorganisedData/EP3495302A1/EP3495302A1_F0001.tif,B66B
EP3495303A1,F0004,/home/safe/Desktop/yassine/Vectorization/data/PatentData/ReorganisedData/EP3495303A1/EP3495303A1_F0004.tif,B66B
EP3495304A1,A0001,/home/safe/Desktop/yassine/Vectorization/data/PatentData/ReorganisedData/EP3495304A1/EP3495304A1_A0001.tif,B66B
EP3495305A1,F0001,/home/safe/Desktop/yassine/Vectorization/data/PatentData/ReorganisedData/EP3495305A1/EP3495305A1_F0001.tif,B66B
EP3495306A1,A0001,/home/safe/Desktop/yassine/Vectorization/data/PatentData/ReorganisedData/EP3495306A1/EP3495306A1_A0001.tif,B66B
EP3495307A1,A0001,/home/safe/Desktop/yassine/Vectorization/data/PatentData/ReorganisedData/EP3495307A1/EP3495307A1_A0001.tif,B66B
EP3495308A1,A0001,/home/safe/Desktop/yassine/Vectorization/data/PatentData/ReorganisedData/EP3495308A1/EP3495308A1_A0001.tif,B66C
EP3495309A1,A0001,/home/safe/Desktop/yassine/Vectorization/data/PatentData/ReorganisedData/EP3495309A1/EP3495309A1_A0001.tif,B66C
EP3495310A1,F0001,/home/safe/Desktop/yassine/Vectorization/data/PatentData/ReorganisedData/EP3495310A1/EP3495310A1_F0001.tif,B66C
EP3495311A1,F0001,/home/safe/Desktop/yassine/Vectorization/data/PatentData/ReorganisedData/EP3495311A1/EP3495311A1_F0001.tif,B66C
EP3495312A1,A0001,/home/safe/Desktop/yassine/Vectorization/data/PatentData/ReorganisedData/EP3495312A1/EP3495312A1_A0001.tif,B66F
EP3495313A1,A0001,/home/safe/Desktop/yassine/Vectorization/data/PatentData/ReorganisedData/EP3495313A1/EP3495313A1_A0001.tif,B66F
EP3495314A1,A0001,/home/safe/Desktop/yassine/Vectorization/data/PatentData/ReorganisedData/EP3495314A1/EP3495314A1_A0001.tif,B66F
EP3495315A1,A0001,/home/safe/Desktop/yassine/Vectorization/data/PatentData/ReorganisedData/EP3495315A1/EP3495315A1_A0001.tif,B66F
EP3495316A1,A0001,/home/safe/Desktop/yassine/Vectorization/data/PatentData/ReorganisedData/EP3495316A1/EP3495316A1_A0001.tif,B66F
EP3495317A1,F0001,/home/safe/Desktop/yassine/Vectorization/data/PatentData/ReorganisedData/EP3495317A1/EP3495317A1_F0001.tif,B68C
EP3495318A2,F0008,/home/safe/Desktop/yassine/Vectorization/data/PatentData/ReorganisedData/EP3495318A2/EP3495318A2_F0008.tif,B81B
EP3495609A1,F0001,/home/safe/Desktop/yassine/Vectorization/data/PatentData/ReorganisedData/EP3495609A1/EP3495609A1_F0001.tif,F01B
EP3495610A1,A0001,/home/safe/Desktop/yassine/Vectorization/data/PatentData/ReorganisedData/EP3495610A1/EP3495610A1_A0001.tif,F01D
EP3495611A1,F0003,/home/safe/Desktop/yassine/Vectorization/data/PatentData/ReorganisedData/EP3495611A1/EP3495611A1_F0003.tif,F01D
EP3495612A1,F0001,/home/safe/Desktop/yassine/Vectorization/data/PatentData/ReorganisedData/EP3495612A1/EP3495612A1_F0001.tif,F01D
EP3495613A1,A0001,/home/safe/Desktop/yassine/Vectorization/data/PatentData/ReorganisedData/EP3495613A1/EP3495613A1_A0001.tif,F01D
EP3495614A1,F0001,/home/safe/Desktop/yassine/Vectorization/data/PatentData/ReorganisedData/EP3495614A1/EP3495614A1_F0001.tif,F01D
EP3495615A1,A0001,/home/safe/Desktop/yassine/Vectorization/data/PatentData/ReorganisedData/EP3495615A1/EP3495615A1_A0001.tif,F01D
EP3495616A1,A0001,/home/safe/Desktop/yassine/Vectorization/data/PatentData/ReorganisedData/EP3495616A1/EP3495616A1_A0001.tif,F01D
EP3495617A1,A0001,/home/safe/Desktop/yassine/Vectorization/data/PatentData/ReorganisedData/EP3495617A1/EP3495617A1_A0001.tif,F01D
EP3495618A1,A0001,/home/safe/Desktop/yassine/Vectorization/data/PatentData/ReorganisedData/EP3495618A1/EP3495618A1_A0001.tif,F01D
EP3495619A1,A0001,/home/safe/Desktop/yassine/Vectorization/data/PatentData/ReorganisedData/EP3495619A1/EP3495619A1_A0001.tif,F01D
EP3495620A1,A0001,/home/safe/Desktop/yassine/Vectorization/data/PatentData/ReorganisedData/EP3495620A1/EP3495620A1_A0001.tif,F01D
EP3495621A1,A0001,/home/safe/Desktop/yassine/Vectorization/data/PatentData/ReorganisedData/EP3495621A1/EP3495621A1_A0001.tif,F01D
EP3495622A1,A0001,/home/safe/Desktop/yassine/Vectorization/data/PatentData/ReorganisedData/EP3495622A1/EP3495622A1_A0001.tif,F01D
EP3495623A1,F0003,/home/safe/Desktop/yassine/Vectorization/data/PatentData/ReorganisedData/EP3495623A1/EP3495623A1_F0003.tif,F01D
EP3495624A2,A0001,/home/safe/Desktop/yassine/Vectorization/data/PatentData/ReorganisedData/EP3495624A2/EP3495624A2_A0001.tif,F01D
EP3495625A1,A0001,/home/safe/Desktop/yassine/Vectorization/data/PatentData/ReorganisedData/EP3495625A1/EP3495625A1_A0001.tif,F01D
EP3495626A1,F0001,/home/safe/Desktop/yassine/Vectorization/data/PatentData/ReorganisedData/EP3495626A1/EP3495626A1_F0001.tif,F01D
EP3495627A1,F0001,/home/safe/Desktop/yassine/Vectorization/data/PatentData/ReorganisedData/EP3495627A1/EP3495627A1_F0001.tif,F01D
EP3495628A1,A0001,/home/safe/Desktop/yassine/Vectorization/data/PatentData/ReorganisedData/EP3495628A1/EP3495628A1_A0001.tif,F01D
EP3495629A1,A0001,/home/safe/Desktop/yassine/Vectorization/data/PatentData/ReorganisedData/EP3495629A1/EP3495629A1_A0001.tif,F01D
EP3495630A1,F0002,/home/safe/Desktop/yassine/Vectorization/data/PatentData/ReorganisedData/EP3495630A1/EP3495630A1_F0002.tif,F01D
EP3495631A1,A0001,/home/safe/Desktop/yassine/Vectorization/data/PatentData/ReorganisedData/EP3495631A1/EP3495631A1_A0001.tif,F01D
EP3495632A1,F0001,/home/safe/Desktop/yassine/Vectorization/data/PatentData/ReorganisedData/EP3495632A1/EP3495632A1_F0001.tif,F01D
EP3495633A1,F0001,/home/safe/Desktop/yassine/Vectorization/data/PatentData/ReorganisedData/EP3495633A1/EP3495633A1_F0001.tif,F01L
EP3495635A1,A0001,/home/safe/Desktop/yassine/Vectorization/data/PatentData/ReorganisedData/EP3495635A1/EP3495635A1_A0001.tif,F01N
EP3495636A1,F0001,/home/safe/Desktop/yassine/Vectorization/data/PatentData/ReorganisedData/EP3495636A1/EP3495636A1_F0001.tif,F02B
EP3495637A1,A0001,/home/safe/Desktop/yassine/Vectorization/data/PatentData/ReorganisedData/EP3495637A1/EP3495637A1_A0001.tif,F02B
EP3495638A1,F0001,/home/safe/Desktop/yassine/Vectorization/data/PatentData/ReorganisedData/EP3495638A1/EP3495638A1_F0001.tif,F02B
EP3495639A1,F0003,/home/safe/Desktop/yassine/Vectorization/data/PatentData/ReorganisedData/EP3495639A1/EP3495639A1_F0003.tif,F02C
EP3495640A1,A0001,/home/safe/Desktop/yassine/Vectorization/data/PatentData/ReorganisedData/EP3495640A1/EP3495640A1_A0001.tif,F02C
EP3495641A1,F0001,/home/safe/Desktop/yassine/Vectorization/data/PatentData/ReorganisedData/EP3495641A1/EP3495641A1_F0001.tif,F02C
EP3495642A1,A0001,/home/safe/Desktop/yassine/Vectorization/data/PatentData/ReorganisedData/EP3495642A1/EP3495642A1_A0001.tif,F02C
EP3495643A1,A0001,/home/safe/Desktop/yassine/Vectorization/data/PatentData/ReorganisedData/EP3495643A1/EP3495643A1_A0001.tif,F02D
EP3495644A1,F0001,/home/safe/Desktop/yassine/Vectorization/data/PatentData/ReorganisedData/EP3495644A1/EP3495644A1_F0001.tif,F02D
EP3495645A1,F0001,/home/safe/Desktop/yassine/Vectorization/data/PatentData/ReorganisedData/EP3495645A1/EP3495645A1_F0001.tif,F02D
EP3495646A1,A0001,/home/safe/Desktop/yassine/Vectorization/data/PatentData/ReorganisedData/EP3495646A1/EP3495646A1_A0001.tif,F02D
EP3495647A1,A0001,/home/safe/Desktop/yassine/Vectorization/data/PatentData/ReorganisedData/EP3495647A1/EP3495647A1_A0001.tif,F02D
EP3495648A1,A0001,/home/safe/Desktop/yassine/Vectorization/data/PatentData/ReorganisedData/EP3495648A1/EP3495648A1_A0001.tif,F02D
EP3495649A1,A0001,/home/safe/Desktop/yassine/Vectorization/data/PatentData/ReorganisedData/EP3495649A1/EP3495649A1_A0001.tif,F02D
EP3495650A1,A0001,/home/safe/Desktop/yassine/Vectorization/data/PatentData/ReorganisedData/EP3495650A1/EP3495650A1_A0001.tif,F02K
EP3495651A1,A0001,/home/safe/Desktop/yassine/Vectorization/data/PatentData/ReorganisedData/EP3495651A1/EP3495651A1_A0001.tif,F02K
EP3495652A1,F0004,/home/safe/Desktop/yassine/Vectorization/data/PatentData/ReorganisedData/EP3495652A1/EP3495652A1_F0004.tif,F02M
EP3495653A1,F0005,/home/safe/Desktop/yassine/Vectorization/data/PatentData/ReorganisedData/EP3495653A1/EP3495653A1_F0005.tif,F02N
EP3495654A1,A0001,/home/safe/Desktop/yassine/Vectorization/data/PatentData/ReorganisedData/EP3495654A1/EP3495654A1_A0001.tif,F03B
EP3495655A1,F0001,/home/safe/Desktop/yassine/Vectorization/data/PatentData/ReorganisedData/EP3495655A1/EP3495655A1_F0001.tif,F03D
EP3495656A1,F0001,/home/safe/Desktop/yassine/Vectorization/data/PatentData/ReorganisedData/EP3495656A1/EP3495656A1_F0001.tif,F03D
EP3495657A1,A0001,/home/safe/Desktop/yassine/Vectorization/data/PatentData/ReorganisedData/EP3495657A1/EP3495657A1_A0001.tif,F04B
EP3495658A1,A0001,/home/safe/Desktop/yassine/Vectorization/data/PatentData/ReorganisedData/EP3495658A1/EP3495658A1_A0001.tif,F04B
EP3495659A1,A0001,/home/safe/Desktop/yassine/Vectorization/data/PatentData/ReorganisedData/EP3495659A1/EP3495659A1_A0001.tif,F04B
EP3495660A1,A0001,/home/safe/Desktop/yassine/Vectorization/data/PatentData/ReorganisedData/EP3495660A1/EP3495660A1_A0001.tif,F04B
EP3495661A1,A0001,/home/safe/Desktop/yassine/Vectorization/data/PatentData/ReorganisedData/EP3495661A1/EP3495661A1_A0001.tif,F04C
EP3495662A1,A0001,/home/safe/Desktop/yassine/Vectorization/data/PatentData/ReorganisedData/EP3495662A1/EP3495662A1_A0001.tif,F04C
EP3495663A1,A0001,/home/safe/Desktop/yassine/Vectorization/data/PatentData/ReorganisedData/EP3495663A1/EP3495663A1_A0001.tif,F04C
EP3495664A1,A0001,/home/safe/Desktop/yassine/Vectorization/data/PatentData/ReorganisedData/EP3495664A1/EP3495664A1_A0001.tif,F04D
EP3495665A1,A0001,/home/safe/Desktop/yassine/Vectorization/data/PatentData/ReorganisedData/EP3495665A1/EP3495665A1_A0001.tif,F04D
EP3495666A1,A0001,/home/safe/Desktop/yassine/Vectorization/data/PatentData/ReorganisedData/EP3495666A1/EP3495666A1_A0001.tif,F04D
EP3495667A1,A0001,/home/safe/Desktop/yassine/Vectorization/data/PatentData/ReorganisedData/EP3495667A1/EP3495667A1_A0001.tif,F04D
EP3495668A1,F0001,/home/safe/Desktop/yassine/Vectorization/data/PatentData/ReorganisedData/EP3495668A1/EP3495668A1_F0001.tif,F15B
EP3495669A1,A0001,/home/safe/Desktop/yassine/Vectorization/data/PatentData/ReorganisedData/EP3495669A1/EP3495669A1_A0001.tif,F15B
EP3495670A1,A0001,/home/safe/Desktop/yassine/Vectorization/data/PatentData/ReorganisedData/EP3495670A1/EP3495670A1_A0001.tif,F16B
EP3495671A1,A0001,/home/safe/Desktop/yassine/Vectorization/data/PatentData/ReorganisedData/EP3495671A1/EP3495671A1_A0001.tif,F16B
EP3495672A1,F0002,/home/safe/Desktop/yassine/Vectorization/data/PatentData/ReorganisedData/EP3495672A1/EP3495672A1_F0002.tif,F16B
EP3495673A1,A0002,/home/safe/Desktop/yassine/Vectorization/data/PatentData/ReorganisedData/EP3495673A1/EP3495673A1_A0002.tif,F16C
EP3495675A1,A0001,/home/safe/Desktop/yassine/Vectorization/data/PatentData/ReorganisedData/EP3495675A1/EP3495675A1_A0001.tif,F16C
EP3495676A1,A0001,/home/safe/Desktop/yassine/Vectorization/data/PatentData/ReorganisedData/EP3495676A1/EP3495676A1_A0001.tif,F16C
EP3495677A1,A0001,/home/safe/Desktop/yassine/Vectorization/data/PatentData/ReorganisedData/EP3495677A1/EP3495677A1_A0001.tif,F16C
EP3495678A1,F0001,/home/safe/Desktop/yassine/Vectorization/data/PatentData/ReorganisedData/EP3495678A1/EP3495678A1_F0001.tif,F16C
EP3495679A1,F0001,/home/safe/Desktop/yassine/Vectorization/data/PatentData/ReorganisedData/EP3495679A1/EP3495679A1_F0001.tif,F16C
EP3495681A1,A0001,/home/safe/Desktop/yassine/Vectorization/data/PatentData/ReorganisedData/EP3495681A1/EP3495681A1_A0001.tif,F16C
EP3495682A1,F0001,/home/safe/Desktop/yassine/Vectorization/data/PatentData/ReorganisedData/EP3495682A1/EP3495682A1_F0001.tif,F16D
EP3495683A1,A0001,/home/safe/Desktop/yassine/Vectorization/data/PatentData/ReorganisedData/EP3495683A1/EP3495683A1_A0001.tif,F16D
EP3495684A1,A0001,/home/safe/Desktop/yassine/Vectorization/data/PatentData/ReorganisedData/EP3495684A1/EP3495684A1_A0001.tif,F16D
EP3495685A1,A0001,/home/safe/Desktop/yassine/Vectorization/data/PatentData/ReorganisedData/EP3495685A1/EP3495685A1_A0001.tif,F16F
EP3495686A1,F0001,/home/safe/Desktop/yassine/Vectorization/data/PatentData/ReorganisedData/EP3495686A1/EP3495686A1_F0001.tif,F16F
EP3495687A1,F0002,/home/safe/Desktop/yassine/Vectorization/data/PatentData/ReorganisedData/EP3495687A1/EP3495687A1_F0002.tif,F16H
EP3495688A1,F0001,/home/safe/Desktop/yassine/Vectorization/data/PatentData/ReorganisedData/EP3495688A1/EP3495688A1_F0001.tif,F16H
EP3495689A1,F0002,/home/safe/Desktop/yassine/Vectorization/data/PatentData/ReorganisedData/EP3495689A1/EP3495689A1_F0002.tif,F16H
EP3495690A1,F0004,/home/safe/Desktop/yassine/Vectorization/data/PatentData/ReorganisedData/EP3495690A1/EP3495690A1_F0004.tif,F16H
EP3495691A1,A0001,/home/safe/Desktop/yassine/Vectorization/data/PatentData/ReorganisedData/EP3495691A1/EP3495691A1_A0001.tif,F16H
EP3495692A1,A0001,/home/safe/Desktop/yassine/Vectorization/data/PatentData/ReorganisedData/EP3495692A1/EP3495692A1_A0001.tif,F16H
EP3495693A1,F0002,/home/safe/Desktop/yassine/Vectorization/data/PatentData/ReorganisedData/EP3495693A1/EP3495693A1_F0002.tif,F16H
EP3495695A1,A0001,/home/safe/Desktop/yassine/Vectorization/data/PatentData/ReorganisedData/EP3495695A1/EP3495695A1_A0001.tif,F16H
EP3495696A1,A0001,/home/safe/Desktop/yassine/Vectorization/data/PatentData/ReorganisedData/EP3495696A1/EP3495696A1_A0001.tif,F16H
EP3495697A1,A0001,/home/safe/Desktop/yassine/Vectorization/data/PatentData/ReorganisedData/EP3495697A1/EP3495697A1_A0001.tif,F16H
EP3495698A1,F0001,/home/safe/Desktop/yassine/Vectorization/data/PatentData/ReorganisedData/EP3495698A1/EP3495698A1_F0001.tif,F16H
EP3495699A1,F0003,/home/safe/Desktop/yassine/Vectorization/data/PatentData/ReorganisedData/EP3495699A1/EP3495699A1_F0003.tif,F16J
EP3495700A1,F0001,/home/safe/Desktop/yassine/Vectorization/data/PatentData/ReorganisedData/EP3495700A1/EP3495700A1_F0001.tif,F16J
EP3495701A1,A0001,/home/safe/Desktop/yassine/Vectorization/data/PatentData/ReorganisedData/EP3495701A1/EP3495701A1_A0001.tif,F16K
EP3495702A1,A0001,/home/safe/Desktop/yassine/Vectorization/data/PatentData/ReorganisedData/EP3495702A1/EP3495702A1_A0001.tif,F16K
EP3495703A1,A0001,/home/safe/Desktop/yassine/Vectorization/data/PatentData/ReorganisedData/EP3495703A1/EP3495703A1_A0001.tif,F16K
EP3495704A1,A0001,/home/safe/Desktop/yassine/Vectorization/data/PatentData/ReorganisedData/EP3495704A1/EP3495704A1_A0001.tif,F16K
EP3495705A1,A0001,/home/safe/Desktop/yassine/Vectorization/data/PatentData/ReorganisedData/EP3495705A1/EP3495705A1_A0001.tif,F16L
EP3495706A1,F0001,/home/safe/Desktop/yassine/Vectorization/data/PatentData/ReorganisedData/EP3495706A1/EP3495706A1_F0001.tif,F16L
EP3495707A1,A0001,/home/safe/Desktop/yassine/Vectorization/data/PatentData/ReorganisedData/EP3495707A1/EP3495707A1_A0001.tif,F16L
EP3495708A1,A0001,/home/safe/Desktop/yassine/Vectorization/data/PatentData/ReorganisedData/EP3495708A1/EP3495708A1_A0001.tif,F16L
EP3495709A1,A0001,/home/safe/Desktop/yassine/Vectorization/data/PatentData/ReorganisedData/EP3495709A1/EP3495709A1_A0001.tif,F16M
EP3495710A1,F0001,/home/safe/Desktop/yassine/Vectorization/data/PatentData/ReorganisedData/EP3495710A1/EP3495710A1_F0001.tif,F16M
EP3495711A1,F0001,/home/safe/Desktop/yassine/Vectorization/data/PatentData/ReorganisedData/EP3495711A1/EP3495711A1_F0001.tif,F17C
EP3495712A1,F0001,/home/safe/Desktop/yassine/Vectorization/data/PatentData/ReorganisedData/EP3495712A1/EP3495712A1_F0001.tif,F17C
EP3495713A1,A0001,/home/safe/Desktop/yassine/Vectorization/data/PatentData/ReorganisedData/EP3495713A1/EP3495713A1_A0001.tif,F17C
EP3495714A1,A0001,/home/safe/Desktop/yassine/Vectorization/data/PatentData/ReorganisedData/EP3495714A1/EP3495714A1_A0001.tif,F17C
EP3495715A1,A0001,/home/safe/Desktop/yassine/Vectorization/data/PatentData/ReorganisedData/EP3495715A1/EP3495715A1_A0001.tif,F21S
EP3495716A1,A0002,/home/safe/Desktop/yassine/Vectorization/data/PatentData/ReorganisedData/EP3495716A1/EP3495716A1_A0002.tif,F21S
EP3495717A1,A0001,/home/safe/Desktop/yassine/Vectorization/data/PatentData/ReorganisedData/EP3495717A1/EP3495717A1_A0001.tif,F21S
EP3495718A1,A0001,/home/safe/Desktop/yassine/Vectorization/data/PatentData/ReorganisedData/EP3495718A1/EP3495718A1_A0001.tif,F21S
EP3495719A1,F0001,/home/safe/Desktop/yassine/Vectorization/data/PatentData/ReorganisedData/EP3495719A1/EP3495719A1_F0001.tif,F21S
EP3495720A1,A0001,/home/safe/Desktop/yassine/Vectorization/data/PatentData/ReorganisedData/EP3495720A1/EP3495720A1_A0001.tif,F21S
EP3495721A1,A0001,/home/safe/Desktop/yassine/Vectorization/data/PatentData/ReorganisedData/EP3495721A1/EP3495721A1_A0001.tif,F21V
EP3495722A1,A0001,/home/safe/Desktop/yassine/Vectorization/data/PatentData/ReorganisedData/EP3495722A1/EP3495722A1_A0001.tif,F21V
EP3495723A1,A0001,/home/safe/Desktop/yassine/Vectorization/data/PatentData/ReorganisedData/EP3495723A1/EP3495723A1_A0001.tif,F21V
EP3495724A1,A0001,/home/safe/Desktop/yassine/Vectorization/data/PatentData/ReorganisedData/EP3495724A1/EP3495724A1_A0001.tif,F21V
EP3495725A1,A0001,/home/safe/Desktop/yassine/Vectorization/data/PatentData/ReorganisedData/EP3495725A1/EP3495725A1_A0001.tif,F21V
EP3495726A1,A0001,/home/safe/Desktop/yassine/Vectorization/data/PatentData/ReorganisedData/EP3495726A1/EP3495726A1_A0001.tif,F21V
EP3495727A1,A0001,/home/safe/Desktop/yassine/Vectorization/data/PatentData/ReorganisedData/EP3495727A1/EP3495727A1_A0001.tif,F21V
EP3495728A1,A0001,/home/safe/Desktop/yassine/Vectorization/data/PatentData/ReorganisedData/EP3495728A1/EP3495728A1_A0001.tif,F21V
EP3495729A1,A0001,/home/safe/Desktop/yassine/Vectorization/data/PatentData/ReorganisedData/EP3495729A1/EP3495729A1_A0001.tif,F22B
EP3495730A1,A0001,/home/safe/Desktop/yassine/Vectorization/data/PatentData/ReorganisedData/EP3495730A1/EP3495730A1_A0001.tif,F22B
EP3495731A1,A0001,/home/safe/Desktop/yassine/Vectorization/data/PatentData/ReorganisedData/EP3495731A1/EP3495731A1_A0001.tif,F22B
EP3495732A1,A0001,/home/safe/Desktop/yassine/Vectorization/data/PatentData/ReorganisedData/EP3495732A1/EP3495732A1_A0001.tif,F22B
EP3495733A1,A0001,/home/safe/Desktop/yassine/Vectorization/data/PatentData/ReorganisedData/EP3495733A1/EP3495733A1_A0001.tif,F23M
EP3495734A1,A0001,/home/safe/Desktop/yassine/Vectorization/data/PatentData/ReorganisedData/EP3495734A1/EP3495734A1_A0001.tif,F23N
EP3495735A1,A0001,/home/safe/Desktop/yassine/Vectorization/data/PatentData/ReorganisedData/EP3495735A1/EP3495735A1_A0001.tif,F23N
EP3495736A1,F0002,/home/safe/Desktop/yassine/Vectorization/data/PatentData/ReorganisedData/EP3495736A1/EP3495736A1_F0002.tif,F23R
EP3495737A2,A0001,/home/safe/Desktop/yassine/Vectorization/data/PatentData/ReorganisedData/EP3495737A2/EP3495737A2_A0001.tif,F23R
EP3495738A1,F0001,/home/safe/Desktop/yassine/Vectorization/data/PatentData/ReorganisedData/EP3495738A1/EP3495738A1_F0001.tif,F24C
EP3495739A1,A0001,/home/safe/Desktop/yassine/Vectorization/data/PatentData/ReorganisedData/EP3495739A1/EP3495739A1_A0001.tif,F24C
EP3495740A1,A0001,/home/safe/Desktop/yassine/Vectorization/data/PatentData/ReorganisedData/EP3495740A1/EP3495740A1_A0001.tif,F24C
EP3495741A1,F0001,/home/safe/Desktop/yassine/Vectorization/data/PatentData/ReorganisedData/EP3495741A1/EP3495741A1_F0001.tif,F24C
EP3495742A1,A0001,/home/safe/Desktop/yassine/Vectorization/data/PatentData/ReorganisedData/EP3495742A1/EP3495742A1_A0001.tif,F24C
EP3495744A1,F0005,/home/safe/Desktop/yassine/Vectorization/data/PatentData/ReorganisedData/EP3495744A1/EP3495744A1_F0005.tif,F24D
EP3495745A1,A0001,/home/safe/Desktop/yassine/Vectorization/data/PatentData/ReorganisedData/EP3495745A1/EP3495745A1_A0001.tif,F24D
EP3495746A1,A0001,/home/safe/Desktop/yassine/Vectorization/data/PatentData/ReorganisedData/EP3495746A1/EP3495746A1_A0001.tif,F24F
EP3495747A1,A0001,/home/safe/Desktop/yassine/Vectorization/data/PatentData/ReorganisedData/EP3495747A1/EP3495747A1_A0001.tif,F24F
EP3495748A1,A0001,/home/safe/Desktop/yassine/Vectorization/data/PatentData/ReorganisedData/EP3495748A1/EP3495748A1_A0001.tif,F24F
EP3495749A1,F0010,/home/safe/Desktop/yassine/Vectorization/data/PatentData/ReorganisedData/EP3495749A1/EP3495749A1_F0010.tif,F24H
EP3495750A1,A0001,/home/safe/Desktop/yassine/Vectorization/data/PatentData/ReorganisedData/EP3495750A1/EP3495750A1_A0001.tif,F24S
EP3495751A1,F0003,/home/safe/Desktop/yassine/Vectorization/data/PatentData/ReorganisedData/EP3495751A1/EP3495751A1_F0003.tif,F25B
EP3495752A1,A0001,/home/safe/Desktop/yassine/Vectorization/data/PatentData/ReorganisedData/EP3495752A1/EP3495752A1_A0001.tif,F25B
EP3495754A1,F0001,/home/safe/Desktop/yassine/Vectorization/data/PatentData/ReorganisedData/EP3495754A1/EP3495754A1_F0001.tif,F25B
EP3495755A1,F0002,/home/safe/Desktop/yassine/Vectorization/data/PatentData/ReorganisedData/EP3495755A1/EP3495755A1_F0002.tif,F25B
EP3495756A1,F0002,/home/safe/Desktop/yassine/Vectorization/data/PatentData/ReorganisedData/EP3495756A1/EP3495756A1_F0002.tif,F25B
EP3495757A1,F0002,/home/safe/Desktop/yassine/Vectorization/data/PatentData/ReorganisedData/EP3495757A1/EP3495757A1_F0002.tif,F25D
EP3495758A1,F0001,/home/safe/Desktop/yassine/Vectorization/data/PatentData/ReorganisedData/EP3495758A1/EP3495758A1_F0001.tif,F25D
EP3495759A1,F0003,/home/safe/Desktop/yassine/Vectorization/data/PatentData/ReorganisedData/EP3495759A1/EP3495759A1_F0003.tif,F28D
EP3495760A1,A0001,/home/safe/Desktop/yassine/Vectorization/data/PatentData/ReorganisedData/EP3495760A1/EP3495760A1_A0001.tif,F28D
EP3495761A1,F0001,/home/safe/Desktop/yassine/Vectorization/data/PatentData/ReorganisedData/EP3495761A1/EP3495761A1_F0001.tif,F28F
EP3495762A1,A0001,/home/safe/Desktop/yassine/Vectorization/data/PatentData/ReorganisedData/EP3495762A1/EP3495762A1_A0001.tif,F41G
EP3495763A1,F0002,/home/safe/Desktop/yassine/Vectorization/data/PatentData/ReorganisedData/EP3495763A1/EP3495763A1_F0002.tif,F42D
EP3496838A1,WO2018031599A1_F0005,/home/safe/Desktop/yassine/Vectorization/data/PatentData/ReorganisedData/EP3496838A1/WO2018031599A1_F0005.tif,B01D
EP3498356A1,F0001,/home/safe/Desktop/yassine/Vectorization/data/PatentData/ReorganisedData/EP3498356A1/EP3498356A1_F0001.tif,B01D
EP3498357A1,F0001,/home/safe/Desktop/yassine/Vectorization/data/PatentData/ReorganisedData/EP3498357A1/EP3498357A1_F0001.tif,B01D
EP3498358A1,A0001,/home/safe/Desktop/yassine/Vectorization/data/PatentData/ReorganisedData/EP3498358A1/EP3498358A1_A0001.tif,B01D
EP3498359A1,A0001,/home/safe/Desktop/yassine/Vectorization/data/PatentData/ReorganisedData/EP3498359A1/EP3498359A1_A0001.tif,B01D
EP3498362A1,F0001,/home/safe/Desktop/yassine/Vectorization/data/PatentData/ReorganisedData/EP3498362A1/EP3498362A1_F0001.tif,B01D
EP3498363A1,F0001,/home/safe/Desktop/yassine/Vectorization/data/PatentData/ReorganisedData/EP3498363A1/EP3498363A1_F0001.tif,B01D
EP3498364A1,A0001,/home/safe/Desktop/yassine/Vectorization/data/PatentData/ReorganisedData/EP3498364A1/EP3498364A1_A0001.tif,B01D
EP3498365A1,A0001,/home/safe/Desktop/yassine/Vectorization/data/PatentData/ReorganisedData/EP3498365A1/EP3498365A1_A0001.tif,B01F
EP3498366A1,F0013,/home/safe/Desktop/yassine/Vectorization/data/PatentData/ReorganisedData/EP3498366A1/EP3498366A1_F0013.tif,B01F
EP3498367A1,F0001,/home/safe/Desktop/yassine/Vectorization/data/PatentData/ReorganisedData/EP3498367A1/EP3498367A1_F0001.tif,B01J
EP3498372A1,F0004,/home/safe/Desktop/yassine/Vectorization/data/PatentData/ReorganisedData/EP3498372A1/EP3498372A1_F0004.tif,B01J
EP3498373A1,F0007,/home/safe/Desktop/yassine/Vectorization/data/PatentData/ReorganisedData/EP3498373A1/EP3498373A1_F0007.tif,B01L
EP3498374A1,A0001,/home/safe/Desktop/yassine/Vectorization/data/PatentData/ReorganisedData/EP3498374A1/EP3498374A1_A0001.tif,B01L
EP3498375A1,A0001,/home/safe/Desktop/yassine/Vectorization/data/PatentData/ReorganisedData/EP3498375A1/EP3498375A1_A0001.tif,B01L
EP3498376A1,F0002,/home/safe/Desktop/yassine/Vectorization/data/PatentData/ReorganisedData/EP3498376A1/EP3498376A1_F0002.tif,B01L
EP3498377A1,A0001,/home/safe/Desktop/yassine/Vectorization/data/PatentData/ReorganisedData/EP3498377A1/EP3498377A1_A0001.tif,B02C
EP3498378A1,F0001,/home/safe/Desktop/yassine/Vectorization/data/PatentData/ReorganisedData/EP3498378A1/EP3498378A1_F0001.tif,B02C
EP3498379A2,A0001,/home/safe/Desktop/yassine/Vectorization/data/PatentData/ReorganisedData/EP3498379A2/EP3498379A2_A0001.tif,B03B
EP3498380A1,A0001,/home/safe/Desktop/yassine/Vectorization/data/PatentData/ReorganisedData/EP3498380A1/EP3498380A1_A0001.tif,B05B
EP3498382A1,A0001,/home/safe/Desktop/yassine/Vectorization/data/PatentData/ReorganisedData/EP3498382A1/EP3498382A1_A0001.tif,B05D
EP3498383A2,A0001,/home/safe/Desktop/yassine/Vectorization/data/PatentData/ReorganisedData/EP3498383A2/EP3498383A2_A0001.tif,B05D
EP3498385A1,A0001,/home/safe/Desktop/yassine/Vectorization/data/PatentData/ReorganisedData/EP3498385A1/EP3498385A1_A0001.tif,B05D
EP3498386A1,A0001,/home/safe/Desktop/yassine/Vectorization/data/PatentData/ReorganisedData/EP3498386A1/EP3498386A1_A0001.tif,B08B
EP3498387A1,A0001,/home/safe/Desktop/yassine/Vectorization/data/PatentData/ReorganisedData/EP3498387A1/EP3498387A1_A0001.tif,B09B
EP3498388A1,F0001,/home/safe/Desktop/yassine/Vectorization/data/PatentData/ReorganisedData/EP3498388A1/EP3498388A1_F0001.tif,B21B
EP3498389A1,A0001,/home/safe/Desktop/yassine/Vectorization/data/PatentData/ReorganisedData/EP3498389A1/EP3498389A1_A0001.tif,B21B
EP3498390A1,F0001,/home/safe/Desktop/yassine/Vectorization/data/PatentData/ReorganisedData/EP3498390A1/EP3498390A1_F0001.tif,B21D
EP3498391A1,F0002,/home/safe/Desktop/yassine/Vectorization/data/PatentData/ReorganisedData/EP3498391A1/EP3498391A1_F0002.tif,B21D
EP3498392A1,F0002,/home/safe/Desktop/yassine/Vectorization/data/PatentData/ReorganisedData/EP3498392A1/EP3498392A1_F0002.tif,B21D
EP3498393A1,A0001,/home/safe/Desktop/yassine/Vectorization/data/PatentData/ReorganisedData/EP3498393A1/EP3498393A1_A0001.tif,B21D
EP3498394A1,A0001,/home/safe/Desktop/yassine/Vectorization/data/PatentData/ReorganisedData/EP3498394A1/EP3498394A1_A0001.tif,B21K
EP3498395A1,F0005,/home/safe/Desktop/yassine/Vectorization/data/PatentData/ReorganisedData/EP3498395A1/EP3498395A1_F0005.tif,B22C
EP3498396A1,F0005,/home/safe/Desktop/yassine/Vectorization/data/PatentData/ReorganisedData/EP3498396A1/EP3498396A1_F0005.tif,B22C
EP3498399A1,A0001,/home/safe/Desktop/yassine/Vectorization/data/PatentData/ReorganisedData/EP3498399A1/EP3498399A1_A0001.tif,B22F
EP3498400A1,A0001,/home/safe/Desktop/yassine/Vectorization/data/PatentData/ReorganisedData/EP3498400A1/EP3498400A1_A0001.tif,B22F
EP3498402A1,F0001,/home/safe/Desktop/yassine/Vectorization/data/PatentData/ReorganisedData/EP3498402A1/EP3498402A1_F0001.tif,B22F
EP3498403A1,F0001,/home/safe/Desktop/yassine/Vectorization/data/PatentData/ReorganisedData/EP3498403A1/EP3498403A1_F0001.tif,B22F
EP3498404A1,A0001,/home/safe/Desktop/yassine/Vectorization/data/PatentData/ReorganisedData/EP3498404A1/EP3498404A1_A0001.tif,B23B
EP3498405A1,A0001,/home/safe/Desktop/yassine/Vectorization/data/PatentData/ReorganisedData/EP3498405A1/EP3498405A1_A0001.tif,B23B
EP3498407A1,F0001,/home/safe/Desktop/yassine/Vectorization/data/PatentData/ReorganisedData/EP3498407A1/EP3498407A1_F0001.tif,B23G
EP3498408A1,F0004,/home/safe/Desktop/yassine/Vectorization/data/PatentData/ReorganisedData/EP3498408A1/EP3498408A1_F0004.tif,B23G
EP3498409A1,F0001,/home/safe/Desktop/yassine/Vectorization/data/PatentData/ReorganisedData/EP3498409A1/EP3498409A1_F0001.tif,B23K
EP3498410A1,A0001,/home/safe/Desktop/yassine/Vectorization/data/PatentData/ReorganisedData/EP3498410A1/EP3498410A1_A0001.tif,B23K
EP3498411A1,A0001,/home/safe/Desktop/yassine/Vectorization/data/PatentData/ReorganisedData/EP3498411A1/EP3498411A1_A0001.tif,B23K
EP3498412A1,A0001,/home/safe/Desktop/yassine/Vectorization/data/PatentData/ReorganisedData/EP3498412A1/EP3498412A1_A0001.tif,B23K
EP3498413A1,A0002,/home/safe/Desktop/yassine/Vectorization/data/PatentData/ReorganisedData/EP3498413A1/EP3498413A1_A0002.tif,B23K
EP3498414A1,F0001,/home/safe/Desktop/yassine/Vectorization/data/PatentData/ReorganisedData/EP3498414A1/EP3498414A1_F0001.tif,B23K
EP3498415A1,F0001,/home/safe/Desktop/yassine/Vectorization/data/PatentData/ReorganisedData/EP3498415A1/EP3498415A1_F0001.tif,B23K
EP3498417A1,A0001,/home/safe/Desktop/yassine/Vectorization/data/PatentData/ReorganisedData/EP3498417A1/EP3498417A1_A0001.tif,B23K
EP3498418A1,A0001,/home/safe/Desktop/yassine/Vectorization/data/PatentData/ReorganisedData/EP3498418A1/EP3498418A1_A0001.tif,B23K
EP3498419A1,A0001,/home/safe/Desktop/yassine/Vectorization/data/PatentData/ReorganisedData/EP3498419A1/EP3498419A1_A0001.tif,B23Q
EP3498420A1,A0001,/home/safe/Desktop/yassine/Vectorization/data/PatentData/ReorganisedData/EP3498420A1/EP3498420A1_A0001.tif,B23Q
EP3498421A1,A0001,/home/safe/Desktop/yassine/Vectorization/data/PatentData/ReorganisedData/EP3498421A1/EP3498421A1_A0001.tif,B23Q
EP3498422A1,F0001,/home/safe/Desktop/yassine/Vectorization/data/PatentData/ReorganisedData/EP3498422A1/EP3498422A1_F0001.tif,B23Q
EP3498424A1,F0002,/home/safe/Desktop/yassine/Vectorization/data/PatentData/ReorganisedData/EP3498424A1/EP3498424A1_F0002.tif,B24C
EP3498425A1,A0001,/home/safe/Desktop/yassine/Vectorization/data/PatentData/ReorganisedData/EP3498425A1/EP3498425A1_A0001.tif,B24C
EP3498426A1,F0002,/home/safe/Desktop/yassine/Vectorization/data/PatentData/ReorganisedData/EP3498426A1/EP3498426A1_F0002.tif,B24D
EP3498427A1,A0001,/home/safe/Desktop/yassine/Vectorization/data/PatentData/ReorganisedData/EP3498427A1/EP3498427A1_A0001.tif,B25B
EP3498428A1,A0001,/home/safe/Desktop/yassine/Vectorization/data/PatentData/ReorganisedData/EP3498428A1/EP3498428A1_A0001.tif,B25H
EP3498429A1,F0001,/home/safe/Desktop/yassine/Vectorization/data/PatentData/ReorganisedData/EP3498429A1/EP3498429A1_F0001.tif,B25J
EP3498430A1,A0001,/home/safe/Desktop/yassine/Vectorization/data/PatentData/ReorganisedData/EP3498430A1/EP3498430A1_A0001.tif,B25J
EP3498431A1,A0001,/home/safe/Desktop/yassine/Vectorization/data/PatentData/ReorganisedData/EP3498431A1/EP3498431A1_A0001.tif,B25J
EP3498432A1,F0002,/home/safe/Desktop/yassine/Vectorization/data/PatentData/ReorganisedData/EP3498432A1/EP3498432A1_F0002.tif,B25J
EP3498434A1,F0003,/home/safe/Desktop/yassine/Vectorization/data/PatentData/ReorganisedData/EP3498434A1/EP3498434A1_F0003.tif,B25J
EP3498435A1,F0001,/home/safe/Desktop/yassine/Vectorization/data/PatentData/ReorganisedData/EP3498435A1/EP3498435A1_F0001.tif,B25J
EP3498436A1,A0001,/home/safe/Desktop/yassine/Vectorization/data/PatentData/ReorganisedData/EP3498436A1/EP3498436A1_A0001.tif,B25J
EP3498437A1,F0003,/home/safe/Desktop/yassine/Vectorization/data/PatentData/ReorganisedData/EP3498437A1/EP3498437A1_F0003.tif,B25J
EP3498438A1,F0002,/home/safe/Desktop/yassine/Vectorization/data/PatentData/ReorganisedData/EP3498438A1/EP3498438A1_F0002.tif,B25J
EP3498439A1,A0001,/home/safe/Desktop/yassine/Vectorization/data/PatentData/ReorganisedData/EP3498439A1/EP3498439A1_A0001.tif,B26B
EP3498441A1,F0001,/home/safe/Desktop/yassine/Vectorization/data/PatentData/ReorganisedData/EP3498441A1/EP3498441A1_F0001.tif,B26D
EP3498442A1,F0001,/home/safe/Desktop/yassine/Vectorization/data/PatentData/ReorganisedData/EP3498442A1/EP3498442A1_F0001.tif,B26D
EP3498443A1,A0001,/home/safe/Desktop/yassine/Vectorization/data/PatentData/ReorganisedData/EP3498443A1/EP3498443A1_A0001.tif,B27B
EP3498444A1,F0004,/home/safe/Desktop/yassine/Vectorization/data/PatentData/ReorganisedData/EP3498444A1/EP3498444A1_F0004.tif,B27G
EP3498446A1,A0001,/home/safe/Desktop/yassine/Vectorization/data/PatentData/ReorganisedData/EP3498446A1/EP3498446A1_A0001.tif,B29B
EP3498448A1,F0003,/home/safe/Desktop/yassine/Vectorization/data/PatentData/ReorganisedData/EP3498448A1/EP3498448A1_F0003.tif,B29C
EP3498450A1,F0001,/home/safe/Desktop/yassine/Vectorization/data/PatentData/ReorganisedData/EP3498450A1/EP3498450A1_F0001.tif,B29C
EP3498451A2,A0001,/home/safe/Desktop/yassine/Vectorization/data/PatentData/ReorganisedData/EP3498451A2/EP3498451A2_A0001.tif,B29C
EP3498452A2,F0001,/home/safe/Desktop/yassine/Vectorization/data/PatentData/ReorganisedData/EP3498452A2/EP3498452A2_F0001.tif,B29C
EP3498453A1,A0001,/home/safe/Desktop/yassine/Vectorization/data/PatentData/ReorganisedData/EP3498453A1/EP3498453A1_A0001.tif,B29C
EP3498454A1,A0001,/home/safe/Desktop/yassine/Vectorization/data/PatentData/ReorganisedData/EP3498454A1/EP3498454A1_A0001.tif,B29C
EP3498455A1,F0001,/home/safe/Desktop/yassine/Vectorization/data/PatentData/ReorganisedData/EP3498455A1/EP3498455A1_F0001.tif,B29C
EP3498456A1,F0003,/home/safe/Desktop/yassine/Vectorization/data/PatentData/ReorganisedData/EP3498456A1/EP3498456A1_F0003.tif,B29C
EP3498457A1,A0001,/home/safe/Desktop/yassine/Vectorization/data/PatentData/ReorganisedData/EP3498457A1/EP3498457A1_A0001.tif,B29C
EP3498458A1,A0001,/home/safe/Desktop/yassine/Vectorization/data/PatentData/ReorganisedData/EP3498458A1/EP3498458A1_A0001.tif,B29C
EP3498459A1,A0001,/home/safe/Desktop/yassine/Vectorization/data/PatentData/ReorganisedData/EP3498459A1/EP3498459A1_A0001.tif,B29C
EP3498460A1,A0001,/home/safe/Desktop/yassine/Vectorization/data/PatentData/ReorganisedData/EP3498460A1/EP3498460A1_A0001.tif,B29C
EP3498461A1,A0001,/home/safe/Desktop/yassine/Vectorization/data/PatentData/ReorganisedData/EP3498461A1/EP3498461A1_A0001.tif,B29C
EP3498462A1,F0015,/home/safe/Desktop/yassine/Vectorization/data/PatentData/ReorganisedData/EP3498462A1/EP3498462A1_F0015.tif,B29C
EP3498463A1,F0001,/home/safe/Desktop/yassine/Vectorization/data/PatentData/ReorganisedData/EP3498463A1/EP3498463A1_F0001.tif,B29D
EP3498464A1,F0002,/home/safe/Desktop/yassine/Vectorization/data/PatentData/ReorganisedData/EP3498464A1/EP3498464A1_F0002.tif,B29D
EP3498465A1,A0001,/home/safe/Desktop/yassine/Vectorization/data/PatentData/ReorganisedData/EP3498465A1/EP3498465A1_A0001.tif,B29D
EP3498466A1,A0001,/home/safe/Desktop/yassine/Vectorization/data/PatentData/ReorganisedData/EP3498466A1/EP3498466A1_A0001.tif,B30B
EP3498467A1,A0001,/home/safe/Desktop/yassine/Vectorization/data/PatentData/ReorganisedData/EP3498467A1/EP3498467A1_A0001.tif,B32B
EP3498468A1,A0001,/home/safe/Desktop/yassine/Vectorization/data/PatentData/ReorganisedData/EP3498468A1/EP3498468A1_A0001.tif,B32B
EP3498469A1,F0001,/home/safe/Desktop/yassine/Vectorization/data/PatentData/ReorganisedData/EP3498469A1/EP3498469A1_F0001.tif,B32B
EP3498470A1,F0001,/home/safe/Desktop/yassine/Vectorization/data/PatentData/ReorganisedData/EP3498470A1/EP3498470A1_F0001.tif,B32B
EP3498471A1,A0001,/home/safe/Desktop/yassine/Vectorization/data/PatentData/ReorganisedData/EP3498471A1/EP3498471A1_A0001.tif,B32B
EP3498472A1,A0001,/home/safe/Desktop/yassine/Vectorization/data/PatentData/ReorganisedData/EP3498472A1/EP3498472A1_A0001.tif,B32B
EP3498473A1,F0001,/home/safe/Desktop/yassine/Vectorization/data/PatentData/ReorganisedData/EP3498473A1/EP3498473A1_F0001.tif,B33Y
EP3498474A1,A0001,/home/safe/Desktop/yassine/Vectorization/data/PatentData/ReorganisedData/EP3498474A1/EP3498474A1_A0001.tif,B33Y
EP3498475A1,A0001,/home/safe/Desktop/yassine/Vectorization/data/PatentData/ReorganisedData/EP3498475A1/EP3498475A1_A0001.tif,B41J
EP3498476A1,F0002,/home/safe/Desktop/yassine/Vectorization/data/PatentData/ReorganisedData/EP3498476A1/EP3498476A1_F0002.tif,B41J
EP3498477A1,F0001,/home/safe/Desktop/yassine/Vectorization/data/PatentData/ReorganisedData/EP3498477A1/EP3498477A1_F0001.tif,B41J
EP3498478A1,A0001,/home/safe/Desktop/yassine/Vectorization/data/PatentData/ReorganisedData/EP3498478A1/EP3498478A1_A0001.tif,B41J
EP3498479A1,A0001,/home/safe/Desktop/yassine/Vectorization/data/PatentData/ReorganisedData/EP3498479A1/EP3498479A1_A0001.tif,B41J
EP3498480A1,A0001,/home/safe/Desktop/yassine/Vectorization/data/PatentData/ReorganisedData/EP3498480A1/EP3498480A1_A0001.tif,B41J
EP3498481A1,F0001,/home/safe/Desktop/yassine/Vectorization/data/PatentData/ReorganisedData/EP3498481A1/EP3498481A1_F0001.tif,B41J
EP3498482A1,A0001,/home/safe/Desktop/yassine/Vectorization/data/PatentData/ReorganisedData/EP3498482A1/EP3498482A1_A0001.tif,B41J
EP3498483A1,A0001,/home/safe/Desktop/yassine/Vectorization/data/PatentData/ReorganisedData/EP3498483A1/EP3498483A1_A0001.tif,B41K
EP3498484A1,A0001,/home/safe/Desktop/yassine/Vectorization/data/PatentData/ReorganisedData/EP3498484A1/EP3498484A1_A0001.tif,B41K
EP3498485A1,A0001,/home/safe/Desktop/yassine/Vectorization/data/PatentData/ReorganisedData/EP3498485A1/EP3498485A1_A0001.tif,B41K
EP3498486A1,A0001,/home/safe/Desktop/yassine/Vectorization/data/PatentData/ReorganisedData/EP3498486A1/EP3498486A1_A0001.tif,B41K
EP3498487A1,A0001,/home/safe/Desktop/yassine/Vectorization/data/PatentData/ReorganisedData/EP3498487A1/EP3498487A1_A0001.tif,B42D
EP3498488A1,F0001,/home/safe/Desktop/yassine/Vectorization/data/PatentData/ReorganisedData/EP3498488A1/EP3498488A1_F0001.tif,B42D
EP3498489A2,A0001,/home/safe/Desktop/yassine/Vectorization/data/PatentData/ReorganisedData/EP3498489A2/EP3498489A2_A0001.tif,B43K
EP3498490A1,F0001,/home/safe/Desktop/yassine/Vectorization/data/PatentData/ReorganisedData/EP3498490A1/EP3498490A1_F0001.tif,B44B
EP3498491A1,F0001,/home/safe/Desktop/yassine/Vectorization/data/PatentData/ReorganisedData/EP3498491A1/EP3498491A1_F0001.tif,B44B
EP3498493A1,A0001,/home/safe/Desktop/yassine/Vectorization/data/PatentData/ReorganisedData/EP3498493A1/EP3498493A1_A0001.tif,B60C
EP3498494A1,A0001,/home/safe/Desktop/yassine/Vectorization/data/PatentData/ReorganisedData/EP3498494A1/EP3498494A1_A0001.tif,B60C
EP3498495A1,A0001,/home/safe/Desktop/yassine/Vectorization/data/PatentData/ReorganisedData/EP3498495A1/EP3498495A1_A0001.tif,B60C
EP3498496A1,F0001,/home/safe/Desktop/yassine/Vectorization/data/PatentData/ReorganisedData/EP3498496A1/EP3498496A1_F0001.tif,B60C
EP3498497A1,F0002,/home/safe/Desktop/yassine/Vectorization/data/PatentData/ReorganisedData/EP3498497A1/EP3498497A1_F0002.tif,B60C
EP3498498A1,F0002,/home/safe/Desktop/yassine/Vectorization/data/PatentData/ReorganisedData/EP3498498A1/EP3498498A1_F0002.tif,B60C
EP3498499A1,A0001,/home/safe/Desktop/yassine/Vectorization/data/PatentData/ReorganisedData/EP3498499A1/EP3498499A1_A0001.tif,B60C
EP3498500A1,A0001,/home/safe/Desktop/yassine/Vectorization/data/PatentData/ReorganisedData/EP3498500A1/EP3498500A1_A0001.tif,B60C
EP3498501A1,A0001,/home/safe/Desktop/yassine/Vectorization/data/PatentData/ReorganisedData/EP3498501A1/EP3498501A1_A0001.tif,B60C
EP3498502A1,F0001,/home/safe/Desktop/yassine/Vectorization/data/PatentData/ReorganisedData/EP3498502A1/EP3498502A1_F0001.tif,B60C
EP3498503A1,A0001,/home/safe/Desktop/yassine/Vectorization/data/PatentData/ReorganisedData/EP3498503A1/EP3498503A1_A0001.tif,B60C
EP3498504A1,A0001,/home/safe/Desktop/yassine/Vectorization/data/PatentData/ReorganisedData/EP3498504A1/EP3498504A1_A0001.tif,B60G
EP3498505A1,F0001,/home/safe/Desktop/yassine/Vectorization/data/PatentData/ReorganisedData/EP3498505A1/EP3498505A1_F0001.tif,B60H
EP3498506A1,A0001,/home/safe/Desktop/yassine/Vectorization/data/PatentData/ReorganisedData/EP3498506A1/EP3498506A1_A0001.tif,B60H
EP3498507A1,A0001,/home/safe/Desktop/yassine/Vectorization/data/PatentData/ReorganisedData/EP3498507A1/EP3498507A1_A0001.tif,B60H
EP3498508A1,A0001,/home/safe/Desktop/yassine/Vectorization/data/PatentData/ReorganisedData/EP3498508A1/EP3498508A1_A0001.tif,B60J
EP3498509A1,A0001,/home/safe/Desktop/yassine/Vectorization/data/PatentData/ReorganisedData/EP3498509A1/EP3498509A1_A0001.tif,B60J
EP3498510A1,A0001,/home/safe/Desktop/yassine/Vectorization/data/PatentData/ReorganisedData/EP3498510A1/EP3498510A1_A0001.tif,B60J
EP3498511A1,F0001,/home/safe/Desktop/yassine/Vectorization/data/PatentData/ReorganisedData/EP3498511A1/EP3498511A1_F0001.tif,B60K
EP3498512A1,F0003,/home/safe/Desktop/yassine/Vectorization/data/PatentData/ReorganisedData/EP3498512A1/EP3498512A1_F0003.tif,B60K
EP3498513A1,A0001,/home/safe/Desktop/yassine/Vectorization/data/PatentData/ReorganisedData/EP3498513A1/EP3498513A1_A0001.tif,B60K
EP3498514A1,A0001,/home/safe/Desktop/yassine/Vectorization/data/PatentData/ReorganisedData/EP3498514A1/EP3498514A1_A0001.tif,B60K
EP3498515A1,A0001,/home/safe/Desktop/yassine/Vectorization/data/PatentData/ReorganisedData/EP3498515A1/EP3498515A1_A0001.tif,B60K
EP3498517A1,A0001,/home/safe/Desktop/yassine/Vectorization/data/PatentData/ReorganisedData/EP3498517A1/EP3498517A1_A0001.tif,B60K
EP3498519A1,A0001,/home/safe/Desktop/yassine/Vectorization/data/PatentData/ReorganisedData/EP3498519A1/EP3498519A1_A0001.tif,B60L
EP3498520A1,F0002,/home/safe/Desktop/yassine/Vectorization/data/PatentData/ReorganisedData/EP3498520A1/EP3498520A1_F0002.tif,B60L
EP3498521A1,F0003,/home/safe/Desktop/yassine/Vectorization/data/PatentData/ReorganisedData/EP3498521A1/EP3498521A1_F0003.tif,B60L
EP3498524A2,F0009,/home/safe/Desktop/yassine/Vectorization/data/PatentData/ReorganisedData/EP3498524A2/EP3498524A2_F0009.tif,B60L
EP3498525A1,A0001,/home/safe/Desktop/yassine/Vectorization/data/PatentData/ReorganisedData/EP3498525A1/EP3498525A1_A0001.tif,B60L
EP3498526A1,F0001,/home/safe/Desktop/yassine/Vectorization/data/PatentData/ReorganisedData/EP3498526A1/EP3498526A1_F0001.tif,B60N
EP3498527A1,F0001,/home/safe/Desktop/yassine/Vectorization/data/PatentData/ReorganisedData/EP3498527A1/EP3498527A1_F0001.tif,B60N
EP3498528A1,A0001,/home/safe/Desktop/yassine/Vectorization/data/PatentData/ReorganisedData/EP3498528A1/EP3498528A1_A0001.tif,B60N
EP3498529A1,A0001,/home/safe/Desktop/yassine/Vectorization/data/PatentData/ReorganisedData/EP3498529A1/EP3498529A1_A0001.tif,B60N
EP3498530A1,F0001,/home/safe/Desktop/yassine/Vectorization/data/PatentData/ReorganisedData/EP3498530A1/EP3498530A1_F0001.tif,B60N
EP3498531A1,A0001,/home/safe/Desktop/yassine/Vectorization/data/PatentData/ReorganisedData/EP3498531A1/EP3498531A1_A0001.tif,B60N
EP3498533A1,A0001,/home/safe/Desktop/yassine/Vectorization/data/PatentData/ReorganisedData/EP3498533A1/EP3498533A1_A0001.tif,B60P
EP3498534A1,A0001,/home/safe/Desktop/yassine/Vectorization/data/PatentData/ReorganisedData/EP3498534A1/EP3498534A1_A0001.tif,B60P
EP3498535A1,F0001,/home/safe/Desktop/yassine/Vectorization/data/PatentData/ReorganisedData/EP3498535A1/EP3498535A1_F0001.tif,B60Q
EP3498536A1,A0001,/home/safe/Desktop/yassine/Vectorization/data/PatentData/ReorganisedData/EP3498536A1/EP3498536A1_A0001.tif,B60R
EP3498537A1,A0001,/home/safe/Desktop/yassine/Vectorization/data/PatentData/ReorganisedData/EP3498537A1/EP3498537A1_A0001.tif,B60R
EP3498538A1,A0001,/home/safe/Desktop/yassine/Vectorization/data/PatentData/ReorganisedData/EP3498538A1/EP3498538A1_A0001.tif,B60R
EP3498539A1,F0001,/home/safe/Desktop/yassine/Vectorization/data/PatentData/ReorganisedData/EP3498539A1/EP3498539A1_F0001.tif,B60R
EP3498540A1,F0001,/home/safe/Desktop/yassine/Vectorization/data/PatentData/ReorganisedData/EP3498540A1/EP3498540A1_F0001.tif,B60R
EP3498541A1,A0001,/home/safe/Desktop/yassine/Vectorization/data/PatentData/ReorganisedData/EP3498541A1/EP3498541A1_A0001.tif,B60R
EP3498542A1,F0001,/home/safe/Desktop/yassine/Vectorization/data/PatentData/ReorganisedData/EP3498542A1/EP3498542A1_F0001.tif,B60R
EP3498543A1,A0001,/home/safe/Desktop/yassine/Vectorization/data/PatentData/ReorganisedData/EP3498543A1/EP3498543A1_A0001.tif,B60R
EP3498545A1,F0004,/home/safe/Desktop/yassine/Vectorization/data/PatentData/ReorganisedData/EP3498545A1/EP3498545A1_F0004.tif,B60R
EP3498547A1,F0001,/home/safe/Desktop/yassine/Vectorization/data/PatentData/ReorganisedData/EP3498547A1/EP3498547A1_F0001.tif,B60S
EP3498548A1,A0001,/home/safe/Desktop/yassine/Vectorization/data/PatentData/ReorganisedData/EP3498548A1/EP3498548A1_A0001.tif,B60S
EP3498549A1,A0001,/home/safe/Desktop/yassine/Vectorization/data/PatentData/ReorganisedData/EP3498549A1/EP3498549A1_A0001.tif,B60T
EP3498550A1,A0001,/home/safe/Desktop/yassine/Vectorization/data/PatentData/ReorganisedData/EP3498550A1/EP3498550A1_A0001.tif,B60T
EP3498551A1,A0001,/home/safe/Desktop/yassine/Vectorization/data/PatentData/ReorganisedData/EP3498551A1/EP3498551A1_A0001.tif,B60T
EP3498552A1,F0001,/home/safe/Desktop/yassine/Vectorization/data/PatentData/ReorganisedData/EP3498552A1/EP3498552A1_F0001.tif,B60T
EP3498553A1,F0001,/home/safe/Desktop/yassine/Vectorization/data/PatentData/ReorganisedData/EP3498553A1/EP3498553A1_F0001.tif,B60W
EP3498554A1,F0001,/home/safe/Desktop/yassine/Vectorization/data/PatentData/ReorganisedData/EP3498554A1/EP3498554A1_F0001.tif,B60W
EP3498555A1,F0019,/home/safe/Desktop/yassine/Vectorization/data/PatentData/ReorganisedData/EP3498555A1/EP3498555A1_F0019.tif,B60W
EP3498556A1,F0011,/home/safe/Desktop/yassine/Vectorization/data/PatentData/ReorganisedData/EP3498556A1/EP3498556A1_F0011.tif,B60W
EP3498557A1,A0001,/home/safe/Desktop/yassine/Vectorization/data/PatentData/ReorganisedData/EP3498557A1/EP3498557A1_A0001.tif,B60W
EP3498558A1,F0002,/home/safe/Desktop/yassine/Vectorization/data/PatentData/ReorganisedData/EP3498558A1/EP3498558A1_F0002.tif,B60W
EP3498559A1,A0001,/home/safe/Desktop/yassine/Vectorization/data/PatentData/ReorganisedData/EP3498559A1/EP3498559A1_A0001.tif,B60W
EP3498561A1,A0001,/home/safe/Desktop/yassine/Vectorization/data/PatentData/ReorganisedData/EP3498561A1/EP3498561A1_A0001.tif,B60W
EP3498562A1,F0002,/home/safe/Desktop/yassine/Vectorization/data/PatentData/ReorganisedData/EP3498562A1/EP3498562A1_F0002.tif,B60W
EP3498563A1,A0001,/home/safe/Desktop/yassine/Vectorization/data/PatentData/ReorganisedData/EP3498563A1/EP3498563A1_A0001.tif,B61D
EP3498564A1,F0002,/home/safe/Desktop/yassine/Vectorization/data/PatentData/ReorganisedData/EP3498564A1/EP3498564A1_F0002.tif,B61D
EP3498565A1,F0001,/home/safe/Desktop/yassine/Vectorization/data/PatentData/ReorganisedData/EP3498565A1/EP3498565A1_F0001.tif,B61D
EP3498566A1,A0001,/home/safe/Desktop/yassine/Vectorization/data/PatentData/ReorganisedData/EP3498566A1/EP3498566A1_A0001.tif,B61F
EP3498567A1,A0001,/home/safe/Desktop/yassine/Vectorization/data/PatentData/ReorganisedData/EP3498567A1/EP3498567A1_A0001.tif,B61F
EP3498568A1,F0001,/home/safe/Desktop/yassine/Vectorization/data/PatentData/ReorganisedData/EP3498568A1/EP3498568A1_F0001.tif,B61L
EP3498570A1,A0001,/home/safe/Desktop/yassine/Vectorization/data/PatentData/ReorganisedData/EP3498570A1/EP3498570A1_A0001.tif,B61L
EP3498571A1,F0001,/home/safe/Desktop/yassine/Vectorization/data/PatentData/ReorganisedData/EP3498571A1/EP3498571A1_F0001.tif,B62D
EP3498572A1,F0001,/home/safe/Desktop/yassine/Vectorization/data/PatentData/ReorganisedData/EP3498572A1/EP3498572A1_F0001.tif,B62D
EP3498573A1,F0001,/home/safe/Desktop/yassine/Vectorization/data/PatentData/ReorganisedData/EP3498573A1/EP3498573A1_F0001.tif,B62D
EP3498574A1,A0001,/home/safe/Desktop/yassine/Vectorization/data/PatentData/ReorganisedData/EP3498574A1/EP3498574A1_A0001.tif,B62D
EP3498575A1,A0001,/home/safe/Desktop/yassine/Vectorization/data/PatentData/ReorganisedData/EP3498575A1/EP3498575A1_A0001.tif,B62D
EP3498576A1,A0001,/home/safe/Desktop/yassine/Vectorization/data/PatentData/ReorganisedData/EP3498576A1/EP3498576A1_A0001.tif,B62D
EP3498577A1,F0001,/home/safe/Desktop/yassine/Vectorization/data/PatentData/ReorganisedData/EP3498577A1/EP3498577A1_F0001.tif,B62D
EP3498579A1,A0001,/home/safe/Desktop/yassine/Vectorization/data/PatentData/ReorganisedData/EP3498579A1/EP3498579A1_A0001.tif,B62J
EP3498580A1,A0001,/home/safe/Desktop/yassine/Vectorization/data/PatentData/ReorganisedData/EP3498580A1/EP3498580A1_A0001.tif,B62K
EP3498581A1,F0002,/home/safe/Desktop/yassine/Vectorization/data/PatentData/ReorganisedData/EP3498581A1/EP3498581A1_F0002.tif,B62K
EP3498582A1,A0001,/home/safe/Desktop/yassine/Vectorization/data/PatentData/ReorganisedData/EP3498582A1/EP3498582A1_A0001.tif,B62K
EP3498583A1,A0001,/home/safe/Desktop/yassine/Vectorization/data/PatentData/ReorganisedData/EP3498583A1/EP3498583A1_A0001.tif,B62M
EP3498585A1,A0001,/home/safe/Desktop/yassine/Vectorization/data/PatentData/ReorganisedData/EP3498585A1/EP3498585A1_A0001.tif,B63B
EP3498586A1,F0001,/home/safe/Desktop/yassine/Vectorization/data/PatentData/ReorganisedData/EP3498586A1/EP3498586A1_F0001.tif,B63B
EP3498587A1,A0001,/home/safe/Desktop/yassine/Vectorization/data/PatentData/ReorganisedData/EP3498587A1/EP3498587A1_A0001.tif,B63B
EP3498588A1,A0001,/home/safe/Desktop/yassine/Vectorization/data/PatentData/ReorganisedData/EP3498588A1/EP3498588A1_A0001.tif,B63C
EP3498589A1,F0001,/home/safe/Desktop/yassine/Vectorization/data/PatentData/ReorganisedData/EP3498589A1/EP3498589A1_F0001.tif,B63H
EP3498591A1,F0001,/home/safe/Desktop/yassine/Vectorization/data/PatentData/ReorganisedData/EP3498591A1/EP3498591A1_F0001.tif,B64C
EP3498592A1,F0002,/home/safe/Desktop/yassine/Vectorization/data/PatentData/ReorganisedData/EP3498592A1/EP3498592A1_F0002.tif,B64C
EP3498593A1,A0001,/home/safe/Desktop/yassine/Vectorization/data/PatentData/ReorganisedData/EP3498593A1/EP3498593A1_A0001.tif,B64C
EP3498594A1,A0001,/home/safe/Desktop/yassine/Vectorization/data/PatentData/ReorganisedData/EP3498594A1/EP3498594A1_A0001.tif,B64C
EP3498595A1,A0001,/home/safe/Desktop/yassine/Vectorization/data/PatentData/ReorganisedData/EP3498595A1/EP3498595A1_A0001.tif,B64C
EP3498596A1,A0001,/home/safe/Desktop/yassine/Vectorization/data/PatentData/ReorganisedData/EP3498596A1/EP3498596A1_A0001.tif,B64C
EP3498597A1,F0001,/home/safe/Desktop/yassine/Vectorization/data/PatentData/ReorganisedData/EP3498597A1/EP3498597A1_F0001.tif,B64C
EP3498598A1,A0001,/home/safe/Desktop/yassine/Vectorization/data/PatentData/ReorganisedData/EP3498598A1/EP3498598A1_A0001.tif,B64C
EP3498599A1,A0001,/home/safe/Desktop/yassine/Vectorization/data/PatentData/ReorganisedData/EP3498599A1/EP3498599A1_A0001.tif,B64C
EP3498600A1,A0001,/home/safe/Desktop/yassine/Vectorization/data/PatentData/ReorganisedData/EP3498600A1/EP3498600A1_A0001.tif,B64C
EP3498601A1,F0002,/home/safe/Desktop/yassine/Vectorization/data/PatentData/ReorganisedData/EP3498601A1/EP3498601A1_F0002.tif,B64C
EP3498602A1,F0001,/home/safe/Desktop/yassine/Vectorization/data/PatentData/ReorganisedData/EP3498602A1/EP3498602A1_F0001.tif,B64C
EP3498603A1,A0001,/home/safe/Desktop/yassine/Vectorization/data/PatentData/ReorganisedData/EP3498603A1/EP3498603A1_A0001.tif,B64C
EP3498604A1,A0001,/home/safe/Desktop/yassine/Vectorization/data/PatentData/ReorganisedData/EP3498604A1/EP3498604A1_A0001.tif,B64D
EP3498605A1,F0001,/home/safe/Desktop/yassine/Vectorization/data/PatentData/ReorganisedData/EP3498605A1/EP3498605A1_F0001.tif,B64D
EP3498606A1,F0005,/home/safe/Desktop/yassine/Vectorization/data/PatentData/ReorganisedData/EP3498606A1/EP3498606A1_F0005.tif,B64D
EP3498607A1,F0001,/home/safe/Desktop/yassine/Vectorization/data/PatentData/ReorganisedData/EP3498607A1/EP3498607A1_F0001.tif,B64D
EP3498608A1,A0001,/home/safe/Desktop/yassine/Vectorization/data/PatentData/ReorganisedData/EP3498608A1/EP3498608A1_A0001.tif,B64D
EP3498609A1,A0001,/home/safe/Desktop/yassine/Vectorization/data/PatentData/ReorganisedData/EP3498609A1/EP3498609A1_A0001.tif,B64D
EP3498610A1,A0001,/home/safe/Desktop/yassine/Vectorization/data/PatentData/ReorganisedData/EP3498610A1/EP3498610A1_A0001.tif,B64D
EP3498611A1,A0001,/home/safe/Desktop/yassine/Vectorization/data/PatentData/ReorganisedData/EP3498611A1/EP3498611A1_A0001.tif,B64D
EP3498612A2,F0001,/home/safe/Desktop/yassine/Vectorization/data/PatentData/ReorganisedData/EP3498612A2/EP3498612A2_F0001.tif,B64F
EP3498614A1,A0001,/home/safe/Desktop/yassine/Vectorization/data/PatentData/ReorganisedData/EP3498614A1/EP3498614A1_A0001.tif,B65B
EP3498615A1,F0001,/home/safe/Desktop/yassine/Vectorization/data/PatentData/ReorganisedData/EP3498615A1/EP3498615A1_F0001.tif,B65B
EP3498616A1,F0001,/home/safe/Desktop/yassine/Vectorization/data/PatentData/ReorganisedData/EP3498616A1/EP3498616A1_F0001.tif,B65B
EP3498617A1,F0001,/home/safe/Desktop/yassine/Vectorization/data/PatentData/ReorganisedData/EP3498617A1/EP3498617A1_F0001.tif,B65B
EP3498618A1,A0001,/home/safe/Desktop/yassine/Vectorization/data/PatentData/ReorganisedData/EP3498618A1/EP3498618A1_A0001.tif,B65D
EP3498619A1,A0001,/home/safe/Desktop/yassine/Vectorization/data/PatentData/ReorganisedData/EP3498619A1/EP3498619A1_A0001.tif,B65D
EP3498620A1,F0001,/home/safe/Desktop/yassine/Vectorization/data/PatentData/ReorganisedData/EP3498620A1/EP3498620A1_F0001.tif,B65D
EP3498621A1,F0001,/home/safe/Desktop/yassine/Vectorization/data/PatentData/ReorganisedData/EP3498621A1/EP3498621A1_F0001.tif,B65D
EP3498622A1,F0001,/home/safe/Desktop/yassine/Vectorization/data/PatentData/ReorganisedData/EP3498622A1/EP3498622A1_F0001.tif,B65D
EP3498624A1,A0001,/home/safe/Desktop/yassine/Vectorization/data/PatentData/ReorganisedData/EP3498624A1/EP3498624A1_A0001.tif,B65D
EP3498626A1,A0001,/home/safe/Desktop/yassine/Vectorization/data/PatentData/ReorganisedData/EP3498626A1/EP3498626A1_A0001.tif,B65D
EP3498627A1,F0002,/home/safe/Desktop/yassine/Vectorization/data/PatentData/ReorganisedData/EP3498627A1/EP3498627A1_F0002.tif,B65D
EP3498628A1,A0001,/home/safe/Desktop/yassine/Vectorization/data/PatentData/ReorganisedData/EP3498628A1/EP3498628A1_A0001.tif,B65D
EP3498629A2,F0001,/home/safe/Desktop/yassine/Vectorization/data/PatentData/ReorganisedData/EP3498629A2/EP3498629A2_F0001.tif,B65D
EP3498631A1,F0001,/home/safe/Desktop/yassine/Vectorization/data/PatentData/ReorganisedData/EP3498631A1/EP3498631A1_F0001.tif,B65D
EP3498632A1,A0001,/home/safe/Desktop/yassine/Vectorization/data/PatentData/ReorganisedData/EP3498632A1/EP3498632A1_A0001.tif,B65D
EP3498634A1,F0001,/home/safe/Desktop/yassine/Vectorization/data/PatentData/ReorganisedData/EP3498634A1/EP3498634A1_F0001.tif,B65D
EP3498635A1,A0001,/home/safe/Desktop/yassine/Vectorization/data/PatentData/ReorganisedData/EP3498635A1/EP3498635A1_A0001.tif,B65G
EP3498636A1,A0001,/home/safe/Desktop/yassine/Vectorization/data/PatentData/ReorganisedData/EP3498636A1/EP3498636A1_A0001.tif,B65G
EP3498637A1,A0001,/home/safe/Desktop/yassine/Vectorization/data/PatentData/ReorganisedData/EP3498637A1/EP3498637A1_A0001.tif,B65G
EP3498638A1,A0001,/home/safe/Desktop/yassine/Vectorization/data/PatentData/ReorganisedData/EP3498638A1/EP3498638A1_A0001.tif,B65G
EP3498639A1,A0001,/home/safe/Desktop/yassine/Vectorization/data/PatentData/ReorganisedData/EP3498639A1/EP3498639A1_A0001.tif,B65G
EP3498640A1,A0001,/home/safe/Desktop/yassine/Vectorization/data/PatentData/ReorganisedData/EP3498640A1/EP3498640A1_A0001.tif,B65H
EP3498641A1,A0002,/home/safe/Desktop/yassine/Vectorization/data/PatentData/ReorganisedData/EP3498641A1/EP3498641A1_A0002.tif,B65H
EP3498642A1,A0001,/home/safe/Desktop/yassine/Vectorization/data/PatentData/ReorganisedData/EP3498642A1/EP3498642A1_A0001.tif,B65H
EP3498643A1,A0001,/home/safe/Desktop/yassine/Vectorization/data/PatentData/ReorganisedData/EP3498643A1/EP3498643A1_A0001.tif,B65H
EP3498644A1,A0001,/home/safe/Desktop/yassine/Vectorization/data/PatentData/ReorganisedData/EP3498644A1/EP3498644A1_A0001.tif,B66B
EP3498646A2,F0001,/home/safe/Desktop/yassine/Vectorization/data/PatentData/ReorganisedData/EP3498646A2/EP3498646A2_F0001.tif,B66B
EP3498647A1,F0001,/home/safe/Desktop/yassine/Vectorization/data/PatentData/ReorganisedData/EP3498647A1/EP3498647A1_F0001.tif,B66B
EP3498648A2,A0001,/home/safe/Desktop/yassine/Vectorization/data/PatentData/ReorganisedData/EP3498648A2/EP3498648A2_A0001.tif,B66B
EP3498649A1,A0001,/home/safe/Desktop/yassine/Vectorization/data/PatentData/ReorganisedData/EP3498649A1/EP3498649A1_A0001.tif,B66B
EP3498650A2,F0001,/home/safe/Desktop/yassine/Vectorization/data/PatentData/ReorganisedData/EP3498650A2/EP3498650A2_F0001.tif,B66B
EP3498651A2,A0001,/home/safe/Desktop/yassine/Vectorization/data/PatentData/ReorganisedData/EP3498651A2/EP3498651A2_A0001.tif,B66B
EP3498652A1,F0001,/home/safe/Desktop/yassine/Vectorization/data/PatentData/ReorganisedData/EP3498652A1/EP3498652A1_F0001.tif,B66B
EP3498653A1,A0001,/home/safe/Desktop/yassine/Vectorization/data/PatentData/ReorganisedData/EP3498653A1/EP3498653A1_A0001.tif,B66C
EP3498654A1,A0001,/home/safe/Desktop/yassine/Vectorization/data/PatentData/ReorganisedData/EP3498654A1/EP3498654A1_A0001.tif,B66C
EP3498655A1,A0001,/home/safe/Desktop/yassine/Vectorization/data/PatentData/ReorganisedData/EP3498655A1/EP3498655A1_A0001.tif,B66C
EP3498657A1,F0007,/home/safe/Desktop/yassine/Vectorization/data/PatentData/ReorganisedData/EP3498657A1/EP3498657A1_F0007.tif,B67C
EP3498658A1,F0007,/home/safe/Desktop/yassine/Vectorization/data/PatentData/ReorganisedData/EP3498658A1/EP3498658A1_F0007.tif,B67C
EP3498659A1,F0001,/home/safe/Desktop/yassine/Vectorization/data/PatentData/ReorganisedData/EP3498659A1/EP3498659A1_F0001.tif,B67C
EP3498660A1,A0001,/home/safe/Desktop/yassine/Vectorization/data/PatentData/ReorganisedData/EP3498660A1/EP3498660A1_A0001.tif,B67D
EP3498661A1,F0001,/home/safe/Desktop/yassine/Vectorization/data/PatentData/ReorganisedData/EP3498661A1/EP3498661A1_F0001.tif,B81B
EP3498970A1,F0001,/home/safe/Desktop/yassine/Vectorization/data/PatentData/ReorganisedData/EP3498970A1/EP3498970A1_F0001.tif,F01D
EP3498971A1,A0001,/home/safe/Desktop/yassine/Vectorization/data/PatentData/ReorganisedData/EP3498971A1/EP3498971A1_A0001.tif,F01D
EP3498972A1,A0001,/home/safe/Desktop/yassine/Vectorization/data/PatentData/ReorganisedData/EP3498972A1/EP3498972A1_A0001.tif,F01D
EP3498973A1,A0001,/home/safe/Desktop/yassine/Vectorization/data/PatentData/ReorganisedData/EP3498973A1/EP3498973A1_A0001.tif,F01D
EP3498974A1,A0001,/home/safe/Desktop/yassine/Vectorization/data/PatentData/ReorganisedData/EP3498974A1/EP3498974A1_A0001.tif,F01D
EP3498975A1,F0001,/home/safe/Desktop/yassine/Vectorization/data/PatentData/ReorganisedData/EP3498975A1/EP3498975A1_F0001.tif,F01D
EP3498976A2,A0001,/home/safe/Desktop/yassine/Vectorization/data/PatentData/ReorganisedData/EP3498976A2/EP3498976A2_A0001.tif,F01D
EP3498976A3,A0001,/home/safe/Desktop/yassine/Vectorization/data/PatentData/ReorganisedData/EP3498976A3/EP3498976A3_A0001.tif,F01D
EP3498977A1,F0001,/home/safe/Desktop/yassine/Vectorization/data/PatentData/ReorganisedData/EP3498977A1/EP3498977A1_F0001.tif,F01D
EP3498978A1,F0001,/home/safe/Desktop/yassine/Vectorization/data/PatentData/ReorganisedData/EP3498978A1/EP3498978A1_F0001.tif,F01D
EP3498979A1,A0001,/home/safe/Desktop/yassine/Vectorization/data/PatentData/ReorganisedData/EP3498979A1/EP3498979A1_A0001.tif,F01D
EP3498980A1,A0001,/home/safe/Desktop/yassine/Vectorization/data/PatentData/ReorganisedData/EP3498980A1/EP3498980A1_A0001.tif,F01D
EP3498981A1,F0005,/home/safe/Desktop/yassine/Vectorization/data/PatentData/ReorganisedData/EP3498981A1/EP3498981A1_F0005.tif,F01D
EP3498982A1,A0001,/home/safe/Desktop/yassine/Vectorization/data/PatentData/ReorganisedData/EP3498982A1/EP3498982A1_A0001.tif,F01D
EP3498983A2,A0001,/home/safe/Desktop/yassine/Vectorization/data/PatentData/ReorganisedData/EP3498983A2/EP3498983A2_A0001.tif,F01D
EP3498984A1,A0001,/home/safe/Desktop/yassine/Vectorization/data/PatentData/ReorganisedData/EP3498984A1/EP3498984A1_A0001.tif,F01D
EP3498986A1,F0001,/home/safe/Desktop/yassine/Vectorization/data/PatentData/ReorganisedData/EP3498986A1/EP3498986A1_F0001.tif,F01D
EP3498987A1,F0001,/home/safe/Desktop/yassine/Vectorization/data/PatentData/ReorganisedData/EP3498987A1/EP3498987A1_F0001.tif,F01D
EP3498988A1,A0001,/home/safe/Desktop/yassine/Vectorization/data/PatentData/ReorganisedData/EP3498988A1/EP3498988A1_A0001.tif,F01D
EP3498989A1,F0004,/home/safe/Desktop/yassine/Vectorization/data/PatentData/ReorganisedData/EP3498989A1/EP3498989A1_F0004.tif,F01L
EP3498990A1,A0001,/home/safe/Desktop/yassine/Vectorization/data/PatentData/ReorganisedData/EP3498990A1/EP3498990A1_A0001.tif,F01M
EP3498991A1,F0003,/home/safe/Desktop/yassine/Vectorization/data/PatentData/ReorganisedData/EP3498991A1/EP3498991A1_F0003.tif,F01M
EP3498993A1,F0002,/home/safe/Desktop/yassine/Vectorization/data/PatentData/ReorganisedData/EP3498993A1/EP3498993A1_F0002.tif,F01N
EP3498994A1,F0001,/home/safe/Desktop/yassine/Vectorization/data/PatentData/ReorganisedData/EP3498994A1/EP3498994A1_F0001.tif,F01N
EP3498995A1,A0001,/home/safe/Desktop/yassine/Vectorization/data/PatentData/ReorganisedData/EP3498995A1/EP3498995A1_A0001.tif,F01N
EP3498996A1,F0001,/home/safe/Desktop/yassine/Vectorization/data/PatentData/ReorganisedData/EP3498996A1/EP3498996A1_F0001.tif,F01N
EP3498997A1,F0001,/home/safe/Desktop/yassine/Vectorization/data/PatentData/ReorganisedData/EP3498997A1/EP3498997A1_F0001.tif,F01N
EP3498998A1,A0001,/home/safe/Desktop/yassine/Vectorization/data/PatentData/ReorganisedData/EP3498998A1/EP3498998A1_A0001.tif,F01N
EP3498999A1,A0001,/home/safe/Desktop/yassine/Vectorization/data/PatentData/ReorganisedData/EP3498999A1/EP3498999A1_A0001.tif,F01N
EP3499000A1,F0001,/home/safe/Desktop/yassine/Vectorization/data/PatentData/ReorganisedData/EP3499000A1/EP3499000A1_F0001.tif,F01P
EP3499001A1,F0001,/home/safe/Desktop/yassine/Vectorization/data/PatentData/ReorganisedData/EP3499001A1/EP3499001A1_F0001.tif,F01P
EP3499002A1,F0001,/home/safe/Desktop/yassine/Vectorization/data/PatentData/ReorganisedData/EP3499002A1/EP3499002A1_F0001.tif,F01P
EP3499003A1,A0001,/home/safe/Desktop/yassine/Vectorization/data/PatentData/ReorganisedData/EP3499003A1/EP3499003A1_A0001.tif,F02B
EP3499004A1,A0001,/home/safe/Desktop/yassine/Vectorization/data/PatentData/ReorganisedData/EP3499004A1/EP3499004A1_A0001.tif,F02B
EP3499005A1,F0002,/home/safe/Desktop/yassine/Vectorization/data/PatentData/ReorganisedData/EP3499005A1/EP3499005A1_F0002.tif,F02C
EP3499006A1,F0002,/home/safe/Desktop/yassine/Vectorization/data/PatentData/ReorganisedData/EP3499006A1/EP3499006A1_F0002.tif,F02D
EP3499007A1,A0001,/home/safe/Desktop/yassine/Vectorization/data/PatentData/ReorganisedData/EP3499007A1/EP3499007A1_A0001.tif,F02D
EP3499008A1,F0002,/home/safe/Desktop/yassine/Vectorization/data/PatentData/ReorganisedData/EP3499008A1/EP3499008A1_F0002.tif,F02D
EP3499009A1,A0001,/home/safe/Desktop/yassine/Vectorization/data/PatentData/ReorganisedData/EP3499009A1/EP3499009A1_A0001.tif,F02D
EP3499010A1,F0001,/home/safe/Desktop/yassine/Vectorization/data/PatentData/ReorganisedData/EP3499010A1/EP3499010A1_F0001.tif,F02D
EP3499011A1,A0001,/home/safe/Desktop/yassine/Vectorization/data/PatentData/ReorganisedData/EP3499011A1/EP3499011A1_A0001.tif,F02D
EP3499012A1,F0011,/home/safe/Desktop/yassine/Vectorization/data/PatentData/ReorganisedData/EP3499012A1/EP3499012A1_F0011.tif,F02D
EP3499013A1,A0001,/home/safe/Desktop/yassine/Vectorization/data/PatentData/ReorganisedData/EP3499013A1/EP3499013A1_A0001.tif,F02K
EP3499014A1,A0001,/home/safe/Desktop/yassine/Vectorization/data/PatentData/ReorganisedData/EP3499014A1/EP3499014A1_A0001.tif,F02M
EP3499015A1,A0001,/home/safe/Desktop/yassine/Vectorization/data/PatentData/ReorganisedData/EP3499015A1/EP3499015A1_A0001.tif,F02M
EP3499016A1,A0001,/home/safe/Desktop/yassine/Vectorization/data/PatentData/ReorganisedData/EP3499016A1/EP3499016A1_A0001.tif,F02M
EP3499018A1,A0001,/home/safe/Desktop/yassine/Vectorization/data/PatentData/ReorganisedData/EP3499018A1/EP3499018A1_A0001.tif,F02M
EP3499019A1,A0001,/home/safe/Desktop/yassine/Vectorization/data/PatentData/ReorganisedData/EP3499019A1/EP3499019A1_A0001.tif,F02N
EP3499020A1,A0001,/home/safe/Desktop/yassine/Vectorization/data/PatentData/ReorganisedData/EP3499020A1/EP3499020A1_A0001.tif,F03D
EP3499021A1,A0001,/home/safe/Desktop/yassine/Vectorization/data/PatentData/ReorganisedData/EP3499021A1/EP3499021A1_A0001.tif,F03D
EP3499022A1,F0001,/home/safe/Desktop/yassine/Vectorization/data/PatentData/ReorganisedData/EP3499022A1/EP3499022A1_F0001.tif,F03D
EP3499023A1,F0001,/home/safe/Desktop/yassine/Vectorization/data/PatentData/ReorganisedData/EP3499023A1/EP3499023A1_F0001.tif,F03D
EP3499024A1,F0001,/home/safe/Desktop/yassine/Vectorization/data/PatentData/ReorganisedData/EP3499024A1/EP3499024A1_F0001.tif,F03D
EP3499025A1,A0001,/home/safe/Desktop/yassine/Vectorization/data/PatentData/ReorganisedData/EP3499025A1/EP3499025A1_A0001.tif,F03D
EP3499026A1,F0001,/home/safe/Desktop/yassine/Vectorization/data/PatentData/ReorganisedData/EP3499026A1/EP3499026A1_F0001.tif,F03D
EP3499027A1,A0001,/home/safe/Desktop/yassine/Vectorization/data/PatentData/ReorganisedData/EP3499027A1/EP3499027A1_A0001.tif,F03D
EP3499028A1,F0002,/home/safe/Desktop/yassine/Vectorization/data/PatentData/ReorganisedData/EP3499028A1/EP3499028A1_F0002.tif,F03D
EP3499029A1,A0001,/home/safe/Desktop/yassine/Vectorization/data/PatentData/ReorganisedData/EP3499029A1/EP3499029A1_A0001.tif,F03D
EP3499030A1,A0001,/home/safe/Desktop/yassine/Vectorization/data/PatentData/ReorganisedData/EP3499030A1/EP3499030A1_A0001.tif,F03D
EP3499031A1,F0002,/home/safe/Desktop/yassine/Vectorization/data/PatentData/ReorganisedData/EP3499031A1/EP3499031A1_F0002.tif,F03D
EP3499032A1,A0001,/home/safe/Desktop/yassine/Vectorization/data/PatentData/ReorganisedData/EP3499032A1/EP3499032A1_A0001.tif,F03G
EP3499033A1,A0001,/home/safe/Desktop/yassine/Vectorization/data/PatentData/ReorganisedData/EP3499033A1/EP3499033A1_A0001.tif,F04B
EP3499034A1,A0001,/home/safe/Desktop/yassine/Vectorization/data/PatentData/ReorganisedData/EP3499034A1/EP3499034A1_A0001.tif,F04B
EP3499035A1,F0001,/home/safe/Desktop/yassine/Vectorization/data/PatentData/ReorganisedData/EP3499035A1/EP3499035A1_F0001.tif,F04B
EP3499036A1,F0002,/home/safe/Desktop/yassine/Vectorization/data/PatentData/ReorganisedData/EP3499036A1/EP3499036A1_F0002.tif,F04B
EP3499037A1,F0002,/home/safe/Desktop/yassine/Vectorization/data/PatentData/ReorganisedData/EP3499037A1/EP3499037A1_F0002.tif,F04B
EP3499038A1,F0001,/home/safe/Desktop/yassine/Vectorization/data/PatentData/ReorganisedData/EP3499038A1/EP3499038A1_F0001.tif,F04C
EP3499039A1,F0001,/home/safe/Desktop/yassine/Vectorization/data/PatentData/ReorganisedData/EP3499039A1/EP3499039A1_F0001.tif,F04C
EP3499040A1,A0001,/home/safe/Desktop/yassine/Vectorization/data/PatentData/ReorganisedData/EP3499040A1/EP3499040A1_A0001.tif,F04C
EP3499041A1,F0001,/home/safe/Desktop/yassine/Vectorization/data/PatentData/ReorganisedData/EP3499041A1/EP3499041A1_F0001.tif,F04C
EP3499042A1,A0001,/home/safe/Desktop/yassine/Vectorization/data/PatentData/ReorganisedData/EP3499042A1/EP3499042A1_A0001.tif,F04C
EP3499043A1,F0001,/home/safe/Desktop/yassine/Vectorization/data/PatentData/ReorganisedData/EP3499043A1/EP3499043A1_F0001.tif,F04D
EP3499044A1,F0001,/home/safe/Desktop/yassine/Vectorization/data/PatentData/ReorganisedData/EP3499044A1/EP3499044A1_F0001.tif,F04D
EP3499045A1,A0001,/home/safe/Desktop/yassine/Vectorization/data/PatentData/ReorganisedData/EP3499045A1/EP3499045A1_A0001.tif,F04D
EP3499046A1,A0001,/home/safe/Desktop/yassine/Vectorization/data/PatentData/ReorganisedData/EP3499046A1/EP3499046A1_A0001.tif,F04D
EP3499047A1,A0001,/home/safe/Desktop/yassine/Vectorization/data/PatentData/ReorganisedData/EP3499047A1/EP3499047A1_A0001.tif,F04D
EP3499048A1,A0001,/home/safe/Desktop/yassine/Vectorization/data/PatentData/ReorganisedData/EP3499048A1/EP3499048A1_A0001.tif,F15B
EP3499049A1,F0001,/home/safe/Desktop/yassine/Vectorization/data/PatentData/ReorganisedData/EP3499049A1/EP3499049A1_F0001.tif,F15B
EP3499050A1,A0001,/home/safe/Desktop/yassine/Vectorization/data/PatentData/ReorganisedData/EP3499050A1/EP3499050A1_A0001.tif,F15D
EP3499051A1,A0001,/home/safe/Desktop/yassine/Vectorization/data/PatentData/ReorganisedData/EP3499051A1/EP3499051A1_A0001.tif,F16B
EP3499052A1,A0001,/home/safe/Desktop/yassine/Vectorization/data/PatentData/ReorganisedData/EP3499052A1/EP3499052A1_A0001.tif,F16B
EP3499053A1,F0002,/home/safe/Desktop/yassine/Vectorization/data/PatentData/ReorganisedData/EP3499053A1/EP3499053A1_F0002.tif,F16B
EP3499054A1,A0001,/home/safe/Desktop/yassine/Vectorization/data/PatentData/ReorganisedData/EP3499054A1/EP3499054A1_A0001.tif,F16B
EP3499055A1,A0001,/home/safe/Desktop/yassine/Vectorization/data/PatentData/ReorganisedData/EP3499055A1/EP3499055A1_A0001.tif,F16B
EP3499056A1,A0001,/home/safe/Desktop/yassine/Vectorization/data/PatentData/ReorganisedData/EP3499056A1/EP3499056A1_A0001.tif,F16B
EP3499057A1,F0001,/home/safe/Desktop/yassine/Vectorization/data/PatentData/ReorganisedData/EP3499057A1/EP3499057A1_F0001.tif,F16B
EP3499058A1,A0001,/home/safe/Desktop/yassine/Vectorization/data/PatentData/ReorganisedData/EP3499058A1/EP3499058A1_A0001.tif,F16B
EP3499059A1,A0001,/home/safe/Desktop/yassine/Vectorization/data/PatentData/ReorganisedData/EP3499059A1/EP3499059A1_A0001.tif,F16C
EP3499060A1,F0002,/home/safe/Desktop/yassine/Vectorization/data/PatentData/ReorganisedData/EP3499060A1/EP3499060A1_F0002.tif,F16C
EP3499061A1,A0001,/home/safe/Desktop/yassine/Vectorization/data/PatentData/ReorganisedData/EP3499061A1/EP3499061A1_A0001.tif,F16C
EP3499062A1,F0001,/home/safe/Desktop/yassine/Vectorization/data/PatentData/ReorganisedData/EP3499062A1/EP3499062A1_F0001.tif,F16C
EP3499063A1,A0001,/home/safe/Desktop/yassine/Vectorization/data/PatentData/ReorganisedData/EP3499063A1/EP3499063A1_A0001.tif,F16C
EP3499064A1,F0001,/home/safe/Desktop/yassine/Vectorization/data/PatentData/ReorganisedData/EP3499064A1/EP3499064A1_F0001.tif,F16C
EP3499065A1,F0001,/home/safe/Desktop/yassine/Vectorization/data/PatentData/ReorganisedData/EP3499065A1/EP3499065A1_F0001.tif,F16C
EP3499066A1,F0001,/home/safe/Desktop/yassine/Vectorization/data/PatentData/ReorganisedData/EP3499066A1/EP3499066A1_F0001.tif,F16C
EP3499067A1,F0002,/home/safe/Desktop/yassine/Vectorization/data/PatentData/ReorganisedData/EP3499067A1/EP3499067A1_F0002.tif,F16C
EP3499068A1,F0002,/home/safe/Desktop/yassine/Vectorization/data/PatentData/ReorganisedData/EP3499068A1/EP3499068A1_F0002.tif,F16C
EP3499069A1,A0001,/home/safe/Desktop/yassine/Vectorization/data/PatentData/ReorganisedData/EP3499069A1/EP3499069A1_A0001.tif,F16D
EP3499070A1,F0001,/home/safe/Desktop/yassine/Vectorization/data/PatentData/ReorganisedData/EP3499070A1/EP3499070A1_F0001.tif,F16D
EP3499071A1,F0002,/home/safe/Desktop/yassine/Vectorization/data/PatentData/ReorganisedData/EP3499071A1/EP3499071A1_F0002.tif,F16D
EP3499072A1,A0001,/home/safe/Desktop/yassine/Vectorization/data/PatentData/ReorganisedData/EP3499072A1/EP3499072A1_A0001.tif,F16D
EP3499073A1,A0001,/home/safe/Desktop/yassine/Vectorization/data/PatentData/ReorganisedData/EP3499073A1/EP3499073A1_A0001.tif,F16D
EP3499074A1,A0001,/home/safe/Desktop/yassine/Vectorization/data/PatentData/ReorganisedData/EP3499074A1/EP3499074A1_A0001.tif,F16D
EP3499075A1,F0002,/home/safe/Desktop/yassine/Vectorization/data/PatentData/ReorganisedData/EP3499075A1/EP3499075A1_F0002.tif,F16D
EP3499076A1,F0001,/home/safe/Desktop/yassine/Vectorization/data/PatentData/ReorganisedData/EP3499076A1/EP3499076A1_F0001.tif,F16F
EP3499077A1,A0001,/home/safe/Desktop/yassine/Vectorization/data/PatentData/ReorganisedData/EP3499077A1/EP3499077A1_A0001.tif,F16F
EP3499078A1,A0001,/home/safe/Desktop/yassine/Vectorization/data/PatentData/ReorganisedData/EP3499078A1/EP3499078A1_A0001.tif,F16F
EP3499079A1,A0001,/home/safe/Desktop/yassine/Vectorization/data/PatentData/ReorganisedData/EP3499079A1/EP3499079A1_A0001.tif,F16F
EP3499080A1,A0001,/home/safe/Desktop/yassine/Vectorization/data/PatentData/ReorganisedData/EP3499080A1/EP3499080A1_A0001.tif,F16F
EP3499081A1,A0001,/home/safe/Desktop/yassine/Vectorization/data/PatentData/ReorganisedData/EP3499081A1/EP3499081A1_A0001.tif,F16F
EP3499082A1,A0001,/home/safe/Desktop/yassine/Vectorization/data/PatentData/ReorganisedData/EP3499082A1/EP3499082A1_A0001.tif,F16F
EP3499083A1,A0001,/home/safe/Desktop/yassine/Vectorization/data/PatentData/ReorganisedData/EP3499083A1/EP3499083A1_A0001.tif,F16F
EP3499084A1,F0001,/home/safe/Desktop/yassine/Vectorization/data/PatentData/ReorganisedData/EP3499084A1/EP3499084A1_F0001.tif,F16F
EP3499085A1,A0001,/home/safe/Desktop/yassine/Vectorization/data/PatentData/ReorganisedData/EP3499085A1/EP3499085A1_A0001.tif,F16F
EP3499086A1,A0001,/home/safe/Desktop/yassine/Vectorization/data/PatentData/ReorganisedData/EP3499086A1/EP3499086A1_A0001.tif,F16H
EP3499087A1,A0001,/home/safe/Desktop/yassine/Vectorization/data/PatentData/ReorganisedData/EP3499087A1/EP3499087A1_A0001.tif,F16H
EP3499088A1,A0001,/home/safe/Desktop/yassine/Vectorization/data/PatentData/ReorganisedData/EP3499088A1/EP3499088A1_A0001.tif,F16H
EP3499089A1,A0001,/home/safe/Desktop/yassine/Vectorization/data/PatentData/ReorganisedData/EP3499089A1/EP3499089A1_A0001.tif,F16H
EP3499090A1,F0001,/home/safe/Desktop/yassine/Vectorization/data/PatentData/ReorganisedData/EP3499090A1/EP3499090A1_F0001.tif,F16H
EP3499091A1,A0001,/home/safe/Desktop/yassine/Vectorization/data/PatentData/ReorganisedData/EP3499091A1/EP3499091A1_A0001.tif,F16H
EP3499092A1,A0001,/home/safe/Desktop/yassine/Vectorization/data/PatentData/ReorganisedData/EP3499092A1/EP3499092A1_A0001.tif,F16H
EP3499093A1,F0004,/home/safe/Desktop/yassine/Vectorization/data/PatentData/ReorganisedData/EP3499093A1/EP3499093A1_F0004.tif,F16H
EP3499094A1,A0001,/home/safe/Desktop/yassine/Vectorization/data/PatentData/ReorganisedData/EP3499094A1/EP3499094A1_A0001.tif,F16H
EP3499095A1,F0001,/home/safe/Desktop/yassine/Vectorization/data/PatentData/ReorganisedData/EP3499095A1/EP3499095A1_F0001.tif,F16J
EP3499096A1,F0003,/home/safe/Desktop/yassine/Vectorization/data/PatentData/ReorganisedData/EP3499096A1/EP3499096A1_F0003.tif,F16J
EP3499097A1,A0001,/home/safe/Desktop/yassine/Vectorization/data/PatentData/ReorganisedData/EP3499097A1/EP3499097A1_A0001.tif,F16J
EP3499098A1,F0001,/home/safe/Desktop/yassine/Vectorization/data/PatentData/ReorganisedData/EP3499098A1/EP3499098A1_F0001.tif,F16J
EP3499099A1,A0001,/home/safe/Desktop/yassine/Vectorization/data/PatentData/ReorganisedData/EP3499099A1/EP3499099A1_A0001.tif,F16K
EP3499100A1,A0001,/home/safe/Desktop/yassine/Vectorization/data/PatentData/ReorganisedData/EP3499100A1/EP3499100A1_A0001.tif,F16K
EP3499101A1,A0001,/home/safe/Desktop/yassine/Vectorization/data/PatentData/ReorganisedData/EP3499101A1/EP3499101A1_A0001.tif,F16K
EP3499102A1,A0001,/home/safe/Desktop/yassine/Vectorization/data/PatentData/ReorganisedData/EP3499102A1/EP3499102A1_A0001.tif,F16K
EP3499103A1,A0001,/home/safe/Desktop/yassine/Vectorization/data/PatentData/ReorganisedData/EP3499103A1/EP3499103A1_A0001.tif,F16K
EP3499104A1,F0002,/home/safe/Desktop/yassine/Vectorization/data/PatentData/ReorganisedData/EP3499104A1/EP3499104A1_F0002.tif,F16K
EP3499105A1,A0001,/home/safe/Desktop/yassine/Vectorization/data/PatentData/ReorganisedData/EP3499105A1/EP3499105A1_A0001.tif,F16K
EP3499106A1,A0001,/home/safe/Desktop/yassine/Vectorization/data/PatentData/ReorganisedData/EP3499106A1/EP3499106A1_A0001.tif,F16L
EP3499107A1,F0005,/home/safe/Desktop/yassine/Vectorization/data/PatentData/ReorganisedData/EP3499107A1/EP3499107A1_F0005.tif,F16L
EP3499108A1,F0001,/home/safe/Desktop/yassine/Vectorization/data/PatentData/ReorganisedData/EP3499108A1/EP3499108A1_F0001.tif,F21K
EP3499109A1,A0001,/home/safe/Desktop/yassine/Vectorization/data/PatentData/ReorganisedData/EP3499109A1/EP3499109A1_A0001.tif,F21S
EP3499110A1,F0001,/home/safe/Desktop/yassine/Vectorization/data/PatentData/ReorganisedData/EP3499110A1/EP3499110A1_F0001.tif,F21S
EP3499111A1,A0001,/home/safe/Desktop/yassine/Vectorization/data/PatentData/ReorganisedData/EP3499111A1/EP3499111A1_A0001.tif,F21S
EP3499112A1,F0001,/home/safe/Desktop/yassine/Vectorization/data/PatentData/ReorganisedData/EP3499112A1/EP3499112A1_F0001.tif,F21S
EP3499113A1,F0002,/home/safe/Desktop/yassine/Vectorization/data/PatentData/ReorganisedData/EP3499113A1/EP3499113A1_F0002.tif,F21S
EP3499114A1,A0001,/home/safe/Desktop/yassine/Vectorization/data/PatentData/ReorganisedData/EP3499114A1/EP3499114A1_A0001.tif,F21S
EP3499115A1,F0002,/home/safe/Desktop/yassine/Vectorization/data/PatentData/ReorganisedData/EP3499115A1/EP3499115A1_F0002.tif,F21S
EP3499116A1,A0001,/home/safe/Desktop/yassine/Vectorization/data/PatentData/ReorganisedData/EP3499116A1/EP3499116A1_A0001.tif,F21S
EP3499117A1,A0001,/home/safe/Desktop/yassine/Vectorization/data/PatentData/ReorganisedData/EP3499117A1/EP3499117A1_A0001.tif,F21V
EP3499118A1,F0002,/home/safe/Desktop/yassine/Vectorization/data/PatentData/ReorganisedData/EP3499118A1/EP3499118A1_F0002.tif,F21V
EP3499119A1,A0001,/home/safe/Desktop/yassine/Vectorization/data/PatentData/ReorganisedData/EP3499119A1/EP3499119A1_A0001.tif,F21V
EP3499120A1,F0001,/home/safe/Desktop/yassine/Vectorization/data/PatentData/ReorganisedData/EP3499120A1/EP3499120A1_F0001.tif,F21V
EP3499121A1,A0001,/home/safe/Desktop/yassine/Vectorization/data/PatentData/ReorganisedData/EP3499121A1/EP3499121A1_A0001.tif,F22B
EP3499122A1,F0001,/home/safe/Desktop/yassine/Vectorization/data/PatentData/ReorganisedData/EP3499122A1/EP3499122A1_F0001.tif,F23H
EP3499123A1,F0002,/home/safe/Desktop/yassine/Vectorization/data/PatentData/ReorganisedData/EP3499123A1/EP3499123A1_F0002.tif,F23J
EP3499124A1,A0001,/home/safe/Desktop/yassine/Vectorization/data/PatentData/ReorganisedData/EP3499124A1/EP3499124A1_A0001.tif,F23N
EP3499125A1,A0001,/home/safe/Desktop/yassine/Vectorization/data/PatentData/ReorganisedData/EP3499125A1/EP3499125A1_A0001.tif,F23R
EP3499126A1,A0001,/home/safe/Desktop/yassine/Vectorization/data/PatentData/ReorganisedData/EP3499126A1/EP3499126A1_A0001.tif,F23R
EP3499127A1,F0001,/home/safe/Desktop/yassine/Vectorization/data/PatentData/ReorganisedData/EP3499127A1/EP3499127A1_F0001.tif,F23R
EP3499128A1,F0001,/home/safe/Desktop/yassine/Vectorization/data/PatentData/ReorganisedData/EP3499128A1/EP3499128A1_F0001.tif,F23R
EP3499129A2,A0001,/home/safe/Desktop/yassine/Vectorization/data/PatentData/ReorganisedData/EP3499129A2/EP3499129A2_A0001.tif,F24C
EP3499130A1,A0001,/home/safe/Desktop/yassine/Vectorization/data/PatentData/ReorganisedData/EP3499130A1/EP3499130A1_A0001.tif,F24C
EP3499131A1,A0001,/home/safe/Desktop/yassine/Vectorization/data/PatentData/ReorganisedData/EP3499131A1/EP3499131A1_A0001.tif,F24C
EP3499132A1,A0001,/home/safe/Desktop/yassine/Vectorization/data/PatentData/ReorganisedData/EP3499132A1/EP3499132A1_A0001.tif,F24C
EP3499133A1,A0001,/home/safe/Desktop/yassine/Vectorization/data/PatentData/ReorganisedData/EP3499133A1/EP3499133A1_A0001.tif,F24C
EP3499135A1,A0001,/home/safe/Desktop/yassine/Vectorization/data/PatentData/ReorganisedData/EP3499135A1/EP3499135A1_A0001.tif,F24D
EP3499136A1,A0001,/home/safe/Desktop/yassine/Vectorization/data/PatentData/ReorganisedData/EP3499136A1/EP3499136A1_A0001.tif,F24D
EP3499137A1,A0001,/home/safe/Desktop/yassine/Vectorization/data/PatentData/ReorganisedData/EP3499137A1/EP3499137A1_A0001.tif,F24D
EP3499138A1,A0001,/home/safe/Desktop/yassine/Vectorization/data/PatentData/ReorganisedData/EP3499138A1/EP3499138A1_A0001.tif,F24F
EP3499140A1,A0001,/home/safe/Desktop/yassine/Vectorization/data/PatentData/ReorganisedData/EP3499140A1/EP3499140A1_A0001.tif,F24F
EP3499141A1,A0002,/home/safe/Desktop/yassine/Vectorization/data/PatentData/ReorganisedData/EP3499141A1/EP3499141A1_A0002.tif,F24F
EP3499142A1,A0001,/home/safe/Desktop/yassine/Vectorization/data/PatentData/ReorganisedData/EP3499142A1/EP3499142A1_A0001.tif,F24F
EP3499143A1,A0001,/home/safe/Desktop/yassine/Vectorization/data/PatentData/ReorganisedData/EP3499143A1/EP3499143A1_A0001.tif,F24F
EP3499144A1,F0002,/home/safe/Desktop/yassine/Vectorization/data/PatentData/ReorganisedData/EP3499144A1/EP3499144A1_F0002.tif,F24F
EP3499145A1,A0001,/home/safe/Desktop/yassine/Vectorization/data/PatentData/ReorganisedData/EP3499145A1/EP3499145A1_A0001.tif,F24F
EP3499146A1,F0002,/home/safe/Desktop/yassine/Vectorization/data/PatentData/ReorganisedData/EP3499146A1/EP3499146A1_F0002.tif,F24H
EP3499147A1,F0001,/home/safe/Desktop/yassine/Vectorization/data/PatentData/ReorganisedData/EP3499147A1/EP3499147A1_F0001.tif,F25B
EP3499148A1,F0001,/home/safe/Desktop/yassine/Vectorization/data/PatentData/ReorganisedData/EP3499148A1/EP3499148A1_F0001.tif,F25B
EP3499149A1,F0001,/home/safe/Desktop/yassine/Vectorization/data/PatentData/ReorganisedData/EP3499149A1/EP3499149A1_F0001.tif,F25B
EP3499150A1,F0004,/home/safe/Desktop/yassine/Vectorization/data/PatentData/ReorganisedData/EP3499150A1/EP3499150A1_F0004.tif,F25B
EP3499151A1,A0001,/home/safe/Desktop/yassine/Vectorization/data/PatentData/ReorganisedData/EP3499151A1/EP3499151A1_A0001.tif,F25B
EP3499152A1,A0001,/home/safe/Desktop/yassine/Vectorization/data/PatentData/ReorganisedData/EP3499152A1/EP3499152A1_A0001.tif,F25B
EP3499153A1,A0001,/home/safe/Desktop/yassine/Vectorization/data/PatentData/ReorganisedData/EP3499153A1/EP3499153A1_A0001.tif,F25B
EP3499154A1,A0001,/home/safe/Desktop/yassine/Vectorization/data/PatentData/ReorganisedData/EP3499154A1/EP3499154A1_A0001.tif,F25C
EP3499155A1,F0001,/home/safe/Desktop/yassine/Vectorization/data/PatentData/ReorganisedData/EP3499155A1/EP3499155A1_F0001.tif,F25D
EP3499156A1,A0001,/home/safe/Desktop/yassine/Vectorization/data/PatentData/ReorganisedData/EP3499156A1/EP3499156A1_A0001.tif,F25D
EP3499157A1,A0001,/home/safe/Desktop/yassine/Vectorization/data/PatentData/ReorganisedData/EP3499157A1/EP3499157A1_A0001.tif,F25D
EP3499158A1,A0001,/home/safe/Desktop/yassine/Vectorization/data/PatentData/ReorganisedData/EP3499158A1/EP3499158A1_A0001.tif,F25D
EP3499159A1,A0001,/home/safe/Desktop/yassine/Vectorization/data/PatentData/ReorganisedData/EP3499159A1/EP3499159A1_A0001.tif,F25J
EP3499160A1,F0009,/home/safe/Desktop/yassine/Vectorization/data/PatentData/ReorganisedData/EP3499160A1/EP3499160A1_F0009.tif,F26B
EP3499161A1,A0001,/home/safe/Desktop/yassine/Vectorization/data/PatentData/ReorganisedData/EP3499161A1/EP3499161A1_A0001.tif,F27B
EP3499162A1,F0001,/home/safe/Desktop/yassine/Vectorization/data/PatentData/ReorganisedData/EP3499162A1/EP3499162A1_F0001.tif,F27B
EP3499165A1,F0002,/home/safe/Desktop/yassine/Vectorization/data/PatentData/ReorganisedData/EP3499165A1/EP3499165A1_F0002.tif,F28D
EP3499166A1,A0001,/home/safe/Desktop/yassine/Vectorization/data/PatentData/ReorganisedData/EP3499166A1/EP3499166A1_A0001.tif,F28D
EP3499167A1,A0001,/home/safe/Desktop/yassine/Vectorization/data/PatentData/ReorganisedData/EP3499167A1/EP3499167A1_A0001.tif,F28F
EP3499168A1,A0001,/home/safe/Desktop/yassine/Vectorization/data/PatentData/ReorganisedData/EP3499168A1/EP3499168A1_A0001.tif,F28F
EP3499169A1,F0003,/home/safe/Desktop/yassine/Vectorization/data/PatentData/ReorganisedData/EP3499169A1/EP3499169A1_F0003.tif,F28F
EP3499170A1,A0001,/home/safe/Desktop/yassine/Vectorization/data/PatentData/ReorganisedData/EP3499170A1/EP3499170A1_A0001.tif,F28F
EP3499171A1,F0002,/home/safe/Desktop/yassine/Vectorization/data/PatentData/ReorganisedData/EP3499171A1/EP3499171A1_F0002.tif,F28F
EP3499174A1,F0003,/home/safe/Desktop/yassine/Vectorization/data/PatentData/ReorganisedData/EP3499174A1/EP3499174A1_F0003.tif,F41H
EP3499175A1,F0001,/home/safe/Desktop/yassine/Vectorization/data/PatentData/ReorganisedData/EP3499175A1/EP3499175A1_F0001.tif,F41H
EP3500756A1,WO2018033347A1_F0001,/home/safe/Desktop/yassine/Vectorization/data/PatentData/ReorganisedData/EP3500756A1/WO2018033347A1_F0001.tif,F04B
EP3500805A1,WO2018039254A1_F0001,/home/safe/Desktop/yassine/Vectorization/data/PatentData/ReorganisedData/EP3500805A1/WO2018039254A1_F0001.tif,F25B
EP3501616A1,F0001,/home/safe/Desktop/yassine/Vectorization/data/PatentData/ReorganisedData/EP3501616A1/EP3501616A1_F0001.tif,B01D
EP3501617A1,F0001,/home/safe/Desktop/yassine/Vectorization/data/PatentData/ReorganisedData/EP3501617A1/EP3501617A1_F0001.tif,B01D
EP3501618A1,A0001,/home/safe/Desktop/yassine/Vectorization/data/PatentData/ReorganisedData/EP3501618A1/EP3501618A1_A0001.tif,B01D
EP3501619A1,A0001,/home/safe/Desktop/yassine/Vectorization/data/PatentData/ReorganisedData/EP3501619A1/EP3501619A1_A0001.tif,B01D
EP3501620A1,A0001,/home/safe/Desktop/yassine/Vectorization/data/PatentData/ReorganisedData/EP3501620A1/EP3501620A1_A0001.tif,B01D
EP3501621A1,A0001,/home/safe/Desktop/yassine/Vectorization/data/PatentData/ReorganisedData/EP3501621A1/EP3501621A1_A0001.tif,B01D
EP3501622A1,A0001,/home/safe/Desktop/yassine/Vectorization/data/PatentData/ReorganisedData/EP3501622A1/EP3501622A1_A0001.tif,B01D
EP3501623A1,F0003,/home/safe/Desktop/yassine/Vectorization/data/PatentData/ReorganisedData/EP3501623A1/EP3501623A1_F0003.tif,B01D
EP3501624A1,A0001,/home/safe/Desktop/yassine/Vectorization/data/PatentData/ReorganisedData/EP3501624A1/EP3501624A1_A0001.tif,B01D
EP3501625A1,A0001,/home/safe/Desktop/yassine/Vectorization/data/PatentData/ReorganisedData/EP3501625A1/EP3501625A1_A0001.tif,B01D
EP3501626A1,A0001,/home/safe/Desktop/yassine/Vectorization/data/PatentData/ReorganisedData/EP3501626A1/EP3501626A1_A0001.tif,B01D
EP3501627A1,F0001,/home/safe/Desktop/yassine/Vectorization/data/PatentData/ReorganisedData/EP3501627A1/EP3501627A1_F0001.tif,B01D
EP3501628A1,A0001,/home/safe/Desktop/yassine/Vectorization/data/PatentData/ReorganisedData/EP3501628A1/EP3501628A1_A0001.tif,B01D
EP3501630A1,F0001,/home/safe/Desktop/yassine/Vectorization/data/PatentData/ReorganisedData/EP3501630A1/EP3501630A1_F0001.tif,B01F
EP3501631A1,F0001,/home/safe/Desktop/yassine/Vectorization/data/PatentData/ReorganisedData/EP3501631A1/EP3501631A1_F0001.tif,B01J
EP3501632A1,A0001,/home/safe/Desktop/yassine/Vectorization/data/PatentData/ReorganisedData/EP3501632A1/EP3501632A1_A0001.tif,B01J
EP3501633A1,F0003,/home/safe/Desktop/yassine/Vectorization/data/PatentData/ReorganisedData/EP3501633A1/EP3501633A1_F0003.tif,B01J
EP3501637A1,A0001,/home/safe/Desktop/yassine/Vectorization/data/PatentData/ReorganisedData/EP3501637A1/EP3501637A1_A0001.tif,B01J
EP3501639A1,F0003,/home/safe/Desktop/yassine/Vectorization/data/PatentData/ReorganisedData/EP3501639A1/EP3501639A1_F0003.tif,B01J
EP3501644A1,F0003,/home/safe/Desktop/yassine/Vectorization/data/PatentData/ReorganisedData/EP3501644A1/EP3501644A1_F0003.tif,B01J
EP3501645A2,A0001,/home/safe/Desktop/yassine/Vectorization/data/PatentData/ReorganisedData/EP3501645A2/EP3501645A2_A0001.tif,B01J
EP3501646A1,F0001,/home/safe/Desktop/yassine/Vectorization/data/PatentData/ReorganisedData/EP3501646A1/EP3501646A1_F0001.tif,B01J
EP3501648A1,F0001,/home/safe/Desktop/yassine/Vectorization/data/PatentData/ReorganisedData/EP3501648A1/EP3501648A1_F0001.tif,B01J
EP3501649A1,A0001,/home/safe/Desktop/yassine/Vectorization/data/PatentData/ReorganisedData/EP3501649A1/EP3501649A1_A0001.tif,B01J
EP3501650A1,A0001,/home/safe/Desktop/yassine/Vectorization/data/PatentData/ReorganisedData/EP3501650A1/EP3501650A1_A0001.tif,B01J
EP3501651A1,A0001,/home/safe/Desktop/yassine/Vectorization/data/PatentData/ReorganisedData/EP3501651A1/EP3501651A1_A0001.tif,B01L
EP3501652A1,A0001,/home/safe/Desktop/yassine/Vectorization/data/PatentData/ReorganisedData/EP3501652A1/EP3501652A1_A0001.tif,B01L
EP3501653A1,F0005,/home/safe/Desktop/yassine/Vectorization/data/PatentData/ReorganisedData/EP3501653A1/EP3501653A1_F0005.tif,B01L
EP3501654A1,A0001,/home/safe/Desktop/yassine/Vectorization/data/PatentData/ReorganisedData/EP3501654A1/EP3501654A1_A0001.tif,B01L
EP3501656A1,F0001,/home/safe/Desktop/yassine/Vectorization/data/PatentData/ReorganisedData/EP3501656A1/EP3501656A1_F0001.tif,B01L
EP3501657A1,A0001,/home/safe/Desktop/yassine/Vectorization/data/PatentData/ReorganisedData/EP3501657A1/EP3501657A1_A0001.tif,B01L
EP3501658A2,F0001,/home/safe/Desktop/yassine/Vectorization/data/PatentData/ReorganisedData/EP3501658A2/EP3501658A2_F0001.tif,B03C
EP3501659A1,A0001,/home/safe/Desktop/yassine/Vectorization/data/PatentData/ReorganisedData/EP3501659A1/EP3501659A1_A0001.tif,B04B
EP3501660A1,A0001,/home/safe/Desktop/yassine/Vectorization/data/PatentData/ReorganisedData/EP3501660A1/EP3501660A1_A0001.tif,B04B
EP3501661A1,A0001,/home/safe/Desktop/yassine/Vectorization/data/PatentData/ReorganisedData/EP3501661A1/EP3501661A1_A0001.tif,B04B
EP3501662A1,A0001,/home/safe/Desktop/yassine/Vectorization/data/PatentData/ReorganisedData/EP3501662A1/EP3501662A1_A0001.tif,B04B
EP3501663A1,A0001,/home/safe/Desktop/yassine/Vectorization/data/PatentData/ReorganisedData/EP3501663A1/EP3501663A1_A0001.tif,B05B
EP3501664A1,A0001,/home/safe/Desktop/yassine/Vectorization/data/PatentData/ReorganisedData/EP3501664A1/EP3501664A1_A0001.tif,B05B
EP3501665A1,A0001,/home/safe/Desktop/yassine/Vectorization/data/PatentData/ReorganisedData/EP3501665A1/EP3501665A1_A0001.tif,B05C
EP3501666A1,F0004,/home/safe/Desktop/yassine/Vectorization/data/PatentData/ReorganisedData/EP3501666A1/EP3501666A1_F0004.tif,B05C
EP3501667A1,F0004,/home/safe/Desktop/yassine/Vectorization/data/PatentData/ReorganisedData/EP3501667A1/EP3501667A1_F0004.tif,B05C
EP3501668A1,F0004,/home/safe/Desktop/yassine/Vectorization/data/PatentData/ReorganisedData/EP3501668A1/EP3501668A1_F0004.tif,B05C
EP3501669A1,F0004,/home/safe/Desktop/yassine/Vectorization/data/PatentData/ReorganisedData/EP3501669A1/EP3501669A1_F0004.tif,B05C
EP3501670A1,A0001,/home/safe/Desktop/yassine/Vectorization/data/PatentData/ReorganisedData/EP3501670A1/EP3501670A1_A0001.tif,B05C
EP3501671A1,F0001,/home/safe/Desktop/yassine/Vectorization/data/PatentData/ReorganisedData/EP3501671A1/EP3501671A1_F0001.tif,B07C
EP3501672A1,A0001,/home/safe/Desktop/yassine/Vectorization/data/PatentData/ReorganisedData/EP3501672A1/EP3501672A1_A0001.tif,B07C
EP3501673A1,F0002,/home/safe/Desktop/yassine/Vectorization/data/PatentData/ReorganisedData/EP3501673A1/EP3501673A1_F0002.tif,B08B
EP3501674A1,A0001,/home/safe/Desktop/yassine/Vectorization/data/PatentData/ReorganisedData/EP3501674A1/EP3501674A1_A0001.tif,B08B
EP3501675A1,A0001,/home/safe/Desktop/yassine/Vectorization/data/PatentData/ReorganisedData/EP3501675A1/EP3501675A1_A0001.tif,B08B
EP3501676A1,F0001,/home/safe/Desktop/yassine/Vectorization/data/PatentData/ReorganisedData/EP3501676A1/EP3501676A1_F0001.tif,B08B
EP3501677A1,F0001,/home/safe/Desktop/yassine/Vectorization/data/PatentData/ReorganisedData/EP3501677A1/EP3501677A1_F0001.tif,B08B
EP3501679A1,F0002,/home/safe/Desktop/yassine/Vectorization/data/PatentData/ReorganisedData/EP3501679A1/EP3501679A1_F0002.tif,B09C
EP3501680A1,A0001,/home/safe/Desktop/yassine/Vectorization/data/PatentData/ReorganisedData/EP3501680A1/EP3501680A1_A0001.tif,B21B
EP3501681A1,A0001,/home/safe/Desktop/yassine/Vectorization/data/PatentData/ReorganisedData/EP3501681A1/EP3501681A1_A0001.tif,B21D
EP3501682A1,F0001,/home/safe/Desktop/yassine/Vectorization/data/PatentData/ReorganisedData/EP3501682A1/EP3501682A1_F0001.tif,B21D
EP3501683A1,A0001,/home/safe/Desktop/yassine/Vectorization/data/PatentData/ReorganisedData/EP3501683A1/EP3501683A1_A0001.tif,B21D
EP3501684A1,A0001,/home/safe/Desktop/yassine/Vectorization/data/PatentData/ReorganisedData/EP3501684A1/EP3501684A1_A0001.tif,B21D
EP3501685A1,F0002,/home/safe/Desktop/yassine/Vectorization/data/PatentData/ReorganisedData/EP3501685A1/EP3501685A1_F0002.tif,B21F
EP3501686A1,A0001,/home/safe/Desktop/yassine/Vectorization/data/PatentData/ReorganisedData/EP3501686A1/EP3501686A1_A0001.tif,B21G
EP3501687A1,F0001,/home/safe/Desktop/yassine/Vectorization/data/PatentData/ReorganisedData/EP3501687A1/EP3501687A1_F0001.tif,B21G
EP3501688A1,A0001,/home/safe/Desktop/yassine/Vectorization/data/PatentData/ReorganisedData/EP3501688A1/EP3501688A1_A0001.tif,B21H
EP3501689A1,A0001,/home/safe/Desktop/yassine/Vectorization/data/PatentData/ReorganisedData/EP3501689A1/EP3501689A1_A0001.tif,B21J
EP3501691A1,F0001,/home/safe/Desktop/yassine/Vectorization/data/PatentData/ReorganisedData/EP3501691A1/EP3501691A1_F0001.tif,B22D
EP3501692A1,F0001,/home/safe/Desktop/yassine/Vectorization/data/PatentData/ReorganisedData/EP3501692A1/EP3501692A1_F0001.tif,B22F
EP3501693A1,A0001,/home/safe/Desktop/yassine/Vectorization/data/PatentData/ReorganisedData/EP3501693A1/EP3501693A1_A0001.tif,B22F
EP3501694A1,A0001,/home/safe/Desktop/yassine/Vectorization/data/PatentData/ReorganisedData/EP3501694A1/EP3501694A1_A0001.tif,B22F
EP3501695A1,F0001,/home/safe/Desktop/yassine/Vectorization/data/PatentData/ReorganisedData/EP3501695A1/EP3501695A1_F0001.tif,B22F
EP3501696A1,A0001,/home/safe/Desktop/yassine/Vectorization/data/PatentData/ReorganisedData/EP3501696A1/EP3501696A1_A0001.tif,B22F
EP3501697A1,F0001,/home/safe/Desktop/yassine/Vectorization/data/PatentData/ReorganisedData/EP3501697A1/EP3501697A1_F0001.tif,B22F
EP3501698A1,F0001,/home/safe/Desktop/yassine/Vectorization/data/PatentData/ReorganisedData/EP3501698A1/EP3501698A1_F0001.tif,B22F
EP3501699A1,F0002,/home/safe/Desktop/yassine/Vectorization/data/PatentData/ReorganisedData/EP3501699A1/EP3501699A1_F0002.tif,B22F
EP3501700A1,F0001,/home/safe/Desktop/yassine/Vectorization/data/PatentData/ReorganisedData/EP3501700A1/EP3501700A1_F0001.tif,B23B
EP3501701A1,A0001,/home/safe/Desktop/yassine/Vectorization/data/PatentData/ReorganisedData/EP3501701A1/EP3501701A1_A0001.tif,B23B
EP3501702A1,A0001,/home/safe/Desktop/yassine/Vectorization/data/PatentData/ReorganisedData/EP3501702A1/EP3501702A1_A0001.tif,B23B
EP3501703A1,A0001,/home/safe/Desktop/yassine/Vectorization/data/PatentData/ReorganisedData/EP3501703A1/EP3501703A1_A0001.tif,B23B
EP3501704A1,F0002,/home/safe/Desktop/yassine/Vectorization/data/PatentData/ReorganisedData/EP3501704A1/EP3501704A1_F0002.tif,B23B
EP3501705A1,A0001,/home/safe/Desktop/yassine/Vectorization/data/PatentData/ReorganisedData/EP3501705A1/EP3501705A1_A0001.tif,B23B
EP3501706A1,A0001,/home/safe/Desktop/yassine/Vectorization/data/PatentData/ReorganisedData/EP3501706A1/EP3501706A1_A0001.tif,B23B
EP3501707A1,A0001,/home/safe/Desktop/yassine/Vectorization/data/PatentData/ReorganisedData/EP3501707A1/EP3501707A1_A0001.tif,B23B
EP3501708A1,F0002,/home/safe/Desktop/yassine/Vectorization/data/PatentData/ReorganisedData/EP3501708A1/EP3501708A1_F0002.tif,B23B
EP3501709A1,A0001,/home/safe/Desktop/yassine/Vectorization/data/PatentData/ReorganisedData/EP3501709A1/EP3501709A1_A0001.tif,B23B
EP3501710A1,A0001,/home/safe/Desktop/yassine/Vectorization/data/PatentData/ReorganisedData/EP3501710A1/EP3501710A1_A0001.tif,B23B
EP3501711A1,A0001,/home/safe/Desktop/yassine/Vectorization/data/PatentData/ReorganisedData/EP3501711A1/EP3501711A1_A0001.tif,B23B
EP3501712A1,A0001,/home/safe/Desktop/yassine/Vectorization/data/PatentData/ReorganisedData/EP3501712A1/EP3501712A1_A0001.tif,B23B
EP3501713A1,A0001,/home/safe/Desktop/yassine/Vectorization/data/PatentData/ReorganisedData/EP3501713A1/EP3501713A1_A0001.tif,B23B
EP3501714A1,F0002,/home/safe/Desktop/yassine/Vectorization/data/PatentData/ReorganisedData/EP3501714A1/EP3501714A1_F0002.tif,B23B
EP3501715A1,F0002,/home/safe/Desktop/yassine/Vectorization/data/PatentData/ReorganisedData/EP3501715A1/EP3501715A1_F0002.tif,B23B
EP3501716A1,A0001,/home/safe/Desktop/yassine/Vectorization/data/PatentData/ReorganisedData/EP3501716A1/EP3501716A1_A0001.tif,B23K
EP3501717A1,F0003,/home/safe/Desktop/yassine/Vectorization/data/PatentData/ReorganisedData/EP3501717A1/EP3501717A1_F0003.tif,B23K
EP3501718A1,A0001,/home/safe/Desktop/yassine/Vectorization/data/PatentData/ReorganisedData/EP3501718A1/EP3501718A1_A0001.tif,B23K
EP3501719A1,A0001,/home/safe/Desktop/yassine/Vectorization/data/PatentData/ReorganisedData/EP3501719A1/EP3501719A1_A0001.tif,B23K
EP3501720A1,F0001,/home/safe/Desktop/yassine/Vectorization/data/PatentData/ReorganisedData/EP3501720A1/EP3501720A1_F0001.tif,B23K
EP3501721A1,A0001,/home/safe/Desktop/yassine/Vectorization/data/PatentData/ReorganisedData/EP3501721A1/EP3501721A1_A0001.tif,B23K
EP3501722A1,F0001,/home/safe/Desktop/yassine/Vectorization/data/PatentData/ReorganisedData/EP3501722A1/EP3501722A1_F0001.tif,B23K
EP3501723A1,F0001,/home/safe/Desktop/yassine/Vectorization/data/PatentData/ReorganisedData/EP3501723A1/EP3501723A1_F0001.tif,B23K
EP3501724A1,A0001,/home/safe/Desktop/yassine/Vectorization/data/PatentData/ReorganisedData/EP3501724A1/EP3501724A1_A0001.tif,B23K
EP3501725A1,F0002,/home/safe/Desktop/yassine/Vectorization/data/PatentData/ReorganisedData/EP3501725A1/EP3501725A1_F0002.tif,B23K
EP3501726A1,A0001,/home/safe/Desktop/yassine/Vectorization/data/PatentData/ReorganisedData/EP3501726A1/EP3501726A1_A0001.tif,B23K
EP3501727A1,F0001,/home/safe/Desktop/yassine/Vectorization/data/PatentData/ReorganisedData/EP3501727A1/EP3501727A1_F0001.tif,B23K
EP3501728A1,F0004,/home/safe/Desktop/yassine/Vectorization/data/PatentData/ReorganisedData/EP3501728A1/EP3501728A1_F0004.tif,B23Q
EP3501729A1,A0001,/home/safe/Desktop/yassine/Vectorization/data/PatentData/ReorganisedData/EP3501729A1/EP3501729A1_A0001.tif,B23Q
EP3501730A1,A0001,/home/safe/Desktop/yassine/Vectorization/data/PatentData/ReorganisedData/EP3501730A1/EP3501730A1_A0001.tif,B23Q
EP3501731A1,A0001,/home/safe/Desktop/yassine/Vectorization/data/PatentData/ReorganisedData/EP3501731A1/EP3501731A1_A0001.tif,B24B
EP3501732A1,F0002,/home/safe/Desktop/yassine/Vectorization/data/PatentData/ReorganisedData/EP3501732A1/EP3501732A1_F0002.tif,B24B
EP3501733A1,A0001,/home/safe/Desktop/yassine/Vectorization/data/PatentData/ReorganisedData/EP3501733A1/EP3501733A1_A0001.tif,B24B
EP3501734A1,A0001,/home/safe/Desktop/yassine/Vectorization/data/PatentData/ReorganisedData/EP3501734A1/EP3501734A1_A0001.tif,B24C
EP3501735A1,A0001,/home/safe/Desktop/yassine/Vectorization/data/PatentData/ReorganisedData/EP3501735A1/EP3501735A1_A0001.tif,B24D
EP3501736A1,F0002,/home/safe/Desktop/yassine/Vectorization/data/PatentData/ReorganisedData/EP3501736A1/EP3501736A1_F0002.tif,B25B
EP3501737A1,A0001,/home/safe/Desktop/yassine/Vectorization/data/PatentData/ReorganisedData/EP3501737A1/EP3501737A1_A0001.tif,B25B
EP3501739A1,A0001,/home/safe/Desktop/yassine/Vectorization/data/PatentData/ReorganisedData/EP3501739A1/EP3501739A1_A0001.tif,B25B
EP3501740A1,A0001,/home/safe/Desktop/yassine/Vectorization/data/PatentData/ReorganisedData/EP3501740A1/EP3501740A1_A0001.tif,B25B
EP3501741A1,A0001,/home/safe/Desktop/yassine/Vectorization/data/PatentData/ReorganisedData/EP3501741A1/EP3501741A1_A0001.tif,B25B
EP3501742A1,F0001,/home/safe/Desktop/yassine/Vectorization/data/PatentData/ReorganisedData/EP3501742A1/EP3501742A1_F0001.tif,B25B
EP3501743A1,A0001,/home/safe/Desktop/yassine/Vectorization/data/PatentData/ReorganisedData/EP3501743A1/EP3501743A1_A0001.tif,B25B
EP3501744A1,A0001,/home/safe/Desktop/yassine/Vectorization/data/PatentData/ReorganisedData/EP3501744A1/EP3501744A1_A0001.tif,B25B
EP3501745A1,F0001,/home/safe/Desktop/yassine/Vectorization/data/PatentData/ReorganisedData/EP3501745A1/EP3501745A1_F0001.tif,B25B
EP3501746A1,A0001,/home/safe/Desktop/yassine/Vectorization/data/PatentData/ReorganisedData/EP3501746A1/EP3501746A1_A0001.tif,B25C
EP3501747A1,F0001,/home/safe/Desktop/yassine/Vectorization/data/PatentData/ReorganisedData/EP3501747A1/EP3501747A1_F0001.tif,B25C
EP3501748A1,F0002,/home/safe/Desktop/yassine/Vectorization/data/PatentData/ReorganisedData/EP3501748A1/EP3501748A1_F0002.tif,B25C
EP3501749A1,F0001,/home/safe/Desktop/yassine/Vectorization/data/PatentData/ReorganisedData/EP3501749A1/EP3501749A1_F0001.tif,B25C
EP3501750A1,A0001,/home/safe/Desktop/yassine/Vectorization/data/PatentData/ReorganisedData/EP3501750A1/EP3501750A1_A0001.tif,B25D
EP3501751A1,A0001,/home/safe/Desktop/yassine/Vectorization/data/PatentData/ReorganisedData/EP3501751A1/EP3501751A1_A0001.tif,B25F
EP3501752A1,A0001,/home/safe/Desktop/yassine/Vectorization/data/PatentData/ReorganisedData/EP3501752A1/EP3501752A1_A0001.tif,B25F
EP3501753A1,A0001,/home/safe/Desktop/yassine/Vectorization/data/PatentData/ReorganisedData/EP3501753A1/EP3501753A1_A0001.tif,B25F
EP3501754A1,A0001,/home/safe/Desktop/yassine/Vectorization/data/PatentData/ReorganisedData/EP3501754A1/EP3501754A1_A0001.tif,B25F
EP3501755A1,F0002,/home/safe/Desktop/yassine/Vectorization/data/PatentData/ReorganisedData/EP3501755A1/EP3501755A1_F0002.tif,B25F
EP3501757A1,F0002,/home/safe/Desktop/yassine/Vectorization/data/PatentData/ReorganisedData/EP3501757A1/EP3501757A1_F0002.tif,B25H
EP3501758A1,A0001,/home/safe/Desktop/yassine/Vectorization/data/PatentData/ReorganisedData/EP3501758A1/EP3501758A1_A0001.tif,B25J
EP3501759A1,F0001,/home/safe/Desktop/yassine/Vectorization/data/PatentData/ReorganisedData/EP3501759A1/EP3501759A1_F0001.tif,B25J
EP3501760A1,F0001,/home/safe/Desktop/yassine/Vectorization/data/PatentData/ReorganisedData/EP3501760A1/EP3501760A1_F0001.tif,B25J
EP3501761A1,F0001,/home/safe/Desktop/yassine/Vectorization/data/PatentData/ReorganisedData/EP3501761A1/EP3501761A1_F0001.tif,B25J
EP3501762A1,F0006,/home/safe/Desktop/yassine/Vectorization/data/PatentData/ReorganisedData/EP3501762A1/EP3501762A1_F0006.tif,B25J
EP3501764A1,A0001,/home/safe/Desktop/yassine/Vectorization/data/PatentData/ReorganisedData/EP3501764A1/EP3501764A1_A0001.tif,B26D
EP3501765A1,F0001,/home/safe/Desktop/yassine/Vectorization/data/PatentData/ReorganisedData/EP3501765A1/EP3501765A1_F0001.tif,B26D
EP3501766A1,A0001,/home/safe/Desktop/yassine/Vectorization/data/PatentData/ReorganisedData/EP3501766A1/EP3501766A1_A0001.tif,B27B
EP3501767A1,F0004,/home/safe/Desktop/yassine/Vectorization/data/PatentData/ReorganisedData/EP3501767A1/EP3501767A1_F0004.tif,B27D
EP3501768A1,F0001,/home/safe/Desktop/yassine/Vectorization/data/PatentData/ReorganisedData/EP3501768A1/EP3501768A1_F0001.tif,B27N
EP3501769A1,F0003,/home/safe/Desktop/yassine/Vectorization/data/PatentData/ReorganisedData/EP3501769A1/EP3501769A1_F0003.tif,B28B
EP3501770A1,A0001,/home/safe/Desktop/yassine/Vectorization/data/PatentData/ReorganisedData/EP3501770A1/EP3501770A1_A0001.tif,B28D
EP3501771A1,A0001,/home/safe/Desktop/yassine/Vectorization/data/PatentData/ReorganisedData/EP3501771A1/EP3501771A1_A0001.tif,B28D
EP3501772A1,A0001,/home/safe/Desktop/yassine/Vectorization/data/PatentData/ReorganisedData/EP3501772A1/EP3501772A1_A0001.tif,B29B
EP3501773A1,A0001,/home/safe/Desktop/yassine/Vectorization/data/PatentData/ReorganisedData/EP3501773A1/EP3501773A1_A0001.tif,B29B
EP3501774A1,A0001,/home/safe/Desktop/yassine/Vectorization/data/PatentData/ReorganisedData/EP3501774A1/EP3501774A1_A0001.tif,B29B
EP3501776A2,A0001,/home/safe/Desktop/yassine/Vectorization/data/PatentData/ReorganisedData/EP3501776A2/EP3501776A2_A0001.tif,B29C
EP3501777A2,A0001,/home/safe/Desktop/yassine/Vectorization/data/PatentData/ReorganisedData/EP3501777A2/EP3501777A2_A0001.tif,B29C
EP3501778A1,A0001,/home/safe/Desktop/yassine/Vectorization/data/PatentData/ReorganisedData/EP3501778A1/EP3501778A1_A0001.tif,B29C
EP3501779A1,A0001,/home/safe/Desktop/yassine/Vectorization/data/PatentData/ReorganisedData/EP3501779A1/EP3501779A1_A0001.tif,B29C
EP3501780A1,F0001,/home/safe/Desktop/yassine/Vectorization/data/PatentData/ReorganisedData/EP3501780A1/EP3501780A1_F0001.tif,B29C
EP3501781A1,A0001,/home/safe/Desktop/yassine/Vectorization/data/PatentData/ReorganisedData/EP3501781A1/EP3501781A1_A0001.tif,B29C
EP3501782A1,F0001,/home/safe/Desktop/yassine/Vectorization/data/PatentData/ReorganisedData/EP3501782A1/EP3501782A1_F0001.tif,B29C
EP3501783A1,F0001,/home/safe/Desktop/yassine/Vectorization/data/PatentData/ReorganisedData/EP3501783A1/EP3501783A1_F0001.tif,B29C
EP3501784A1,A0001,/home/safe/Desktop/yassine/Vectorization/data/PatentData/ReorganisedData/EP3501784A1/EP3501784A1_A0001.tif,B29C
EP3501785A1,F0002,/home/safe/Desktop/yassine/Vectorization/data/PatentData/ReorganisedData/EP3501785A1/EP3501785A1_F0002.tif,B29C
EP3501787A1,F0001,/home/safe/Desktop/yassine/Vectorization/data/PatentData/ReorganisedData/EP3501787A1/EP3501787A1_F0001.tif,B29C
EP3501788A1,F0001,/home/safe/Desktop/yassine/Vectorization/data/PatentData/ReorganisedData/EP3501788A1/EP3501788A1_F0001.tif,B29C
EP3501789A1,F0001,/home/safe/Desktop/yassine/Vectorization/data/PatentData/ReorganisedData/EP3501789A1/EP3501789A1_F0001.tif,B29C
EP3501790A1,A0001,/home/safe/Desktop/yassine/Vectorization/data/PatentData/ReorganisedData/EP3501790A1/EP3501790A1_A0001.tif,B29C
EP3501791A1,A0001,/home/safe/Desktop/yassine/Vectorization/data/PatentData/ReorganisedData/EP3501791A1/EP3501791A1_A0001.tif,B29C
EP3501792A1,A0001,/home/safe/Desktop/yassine/Vectorization/data/PatentData/ReorganisedData/EP3501792A1/EP3501792A1_A0001.tif,B29C
EP3501793A1,A0001,/home/safe/Desktop/yassine/Vectorization/data/PatentData/ReorganisedData/EP3501793A1/EP3501793A1_A0001.tif,B29C
EP3501794A1,F0001,/home/safe/Desktop/yassine/Vectorization/data/PatentData/ReorganisedData/EP3501794A1/EP3501794A1_F0001.tif,B29C
EP3501795A1,A0001,/home/safe/Desktop/yassine/Vectorization/data/PatentData/ReorganisedData/EP3501795A1/EP3501795A1_A0001.tif,B29C
EP3501796A1,A0001,/home/safe/Desktop/yassine/Vectorization/data/PatentData/ReorganisedData/EP3501796A1/EP3501796A1_A0001.tif,B29C
EP3501797A1,A0001,/home/safe/Desktop/yassine/Vectorization/data/PatentData/ReorganisedData/EP3501797A1/EP3501797A1_A0001.tif,B29C
EP3501798A1,A0001,/home/safe/Desktop/yassine/Vectorization/data/PatentData/ReorganisedData/EP3501798A1/EP3501798A1_A0001.tif,B29C
EP3501799A1,A0001,/home/safe/Desktop/yassine/Vectorization/data/PatentData/ReorganisedData/EP3501799A1/EP3501799A1_A0001.tif,B29C
EP3501800A1,A0001,/home/safe/Desktop/yassine/Vectorization/data/PatentData/ReorganisedData/EP3501800A1/EP3501800A1_A0001.tif,B29C
EP3501801A1,F0001,/home/safe/Desktop/yassine/Vectorization/data/PatentData/ReorganisedData/EP3501801A1/EP3501801A1_F0001.tif,B29C
EP3501802A1,F0003,/home/safe/Desktop/yassine/Vectorization/data/PatentData/ReorganisedData/EP3501802A1/EP3501802A1_F0003.tif,B29C
EP3501803A1,A0001,/home/safe/Desktop/yassine/Vectorization/data/PatentData/ReorganisedData/EP3501803A1/EP3501803A1_A0001.tif,B29C
EP3501804A1,A0001,/home/safe/Desktop/yassine/Vectorization/data/PatentData/ReorganisedData/EP3501804A1/EP3501804A1_A0001.tif,B29C
EP3501805A1,A0001,/home/safe/Desktop/yassine/Vectorization/data/PatentData/ReorganisedData/EP3501805A1/EP3501805A1_A0001.tif,B29C
EP3501806A1,A0001,/home/safe/Desktop/yassine/Vectorization/data/PatentData/ReorganisedData/EP3501806A1/EP3501806A1_A0001.tif,B29C
EP3501807A1,F0001,/home/safe/Desktop/yassine/Vectorization/data/PatentData/ReorganisedData/EP3501807A1/EP3501807A1_F0001.tif,B29D
EP3501808A1,A0001,/home/safe/Desktop/yassine/Vectorization/data/PatentData/ReorganisedData/EP3501808A1/EP3501808A1_A0001.tif,B29D
EP3501809A1,A0001,/home/safe/Desktop/yassine/Vectorization/data/PatentData/ReorganisedData/EP3501809A1/EP3501809A1_A0001.tif,B29D
EP3501810A1,A0001,/home/safe/Desktop/yassine/Vectorization/data/PatentData/ReorganisedData/EP3501810A1/EP3501810A1_A0001.tif,B29D
EP3501811A1,A0001,/home/safe/Desktop/yassine/Vectorization/data/PatentData/ReorganisedData/EP3501811A1/EP3501811A1_A0001.tif,B30B
EP3501812A1,F0001,/home/safe/Desktop/yassine/Vectorization/data/PatentData/ReorganisedData/EP3501812A1/EP3501812A1_F0001.tif,B30B
EP3501813A2,A0001,/home/safe/Desktop/yassine/Vectorization/data/PatentData/ReorganisedData/EP3501813A2/EP3501813A2_A0001.tif,B31B
EP3501814A1,A0001,/home/safe/Desktop/yassine/Vectorization/data/PatentData/ReorganisedData/EP3501814A1/EP3501814A1_A0001.tif,B32B
EP3501815A1,A0001,/home/safe/Desktop/yassine/Vectorization/data/PatentData/ReorganisedData/EP3501815A1/EP3501815A1_A0001.tif,B32B
EP3501816A1,F0001,/home/safe/Desktop/yassine/Vectorization/data/PatentData/ReorganisedData/EP3501816A1/EP3501816A1_F0001.tif,B32B
EP3501821A1,A0001,/home/safe/Desktop/yassine/Vectorization/data/PatentData/ReorganisedData/EP3501821A1/EP3501821A1_A0001.tif,B32B
EP3501824A1,F0002,/home/safe/Desktop/yassine/Vectorization/data/PatentData/ReorganisedData/EP3501824A1/EP3501824A1_F0002.tif,B32B
EP3501827A2,F0001,/home/safe/Desktop/yassine/Vectorization/data/PatentData/ReorganisedData/EP3501827A2/EP3501827A2_F0001.tif,B41F
EP3501828A1,F0003,/home/safe/Desktop/yassine/Vectorization/data/PatentData/ReorganisedData/EP3501828A1/EP3501828A1_F0003.tif,B41F
EP3501829A1,F0003,/home/safe/Desktop/yassine/Vectorization/data/PatentData/ReorganisedData/EP3501829A1/EP3501829A1_F0003.tif,B41F
EP3501830A2,A0001,/home/safe/Desktop/yassine/Vectorization/data/PatentData/ReorganisedData/EP3501830A2/EP3501830A2_A0001.tif,B41F
EP3501832A1,F0001,/home/safe/Desktop/yassine/Vectorization/data/PatentData/ReorganisedData/EP3501832A1/EP3501832A1_F0001.tif,B41J
EP3501833A1,A0001,/home/safe/Desktop/yassine/Vectorization/data/PatentData/ReorganisedData/EP3501833A1/EP3501833A1_A0001.tif,B41J
EP3501834A1,A0001,/home/safe/Desktop/yassine/Vectorization/data/PatentData/ReorganisedData/EP3501834A1/EP3501834A1_A0001.tif,B41J
EP3501835A1,F0001,/home/safe/Desktop/yassine/Vectorization/data/PatentData/ReorganisedData/EP3501835A1/EP3501835A1_F0001.tif,B41J
EP3501836A1,A0001,/home/safe/Desktop/yassine/Vectorization/data/PatentData/ReorganisedData/EP3501836A1/EP3501836A1_A0001.tif,B41J
EP3501837A1,F0007,/home/safe/Desktop/yassine/Vectorization/data/PatentData/ReorganisedData/EP3501837A1/EP3501837A1_F0007.tif,B41M
EP3501838A1,F0001,/home/safe/Desktop/yassine/Vectorization/data/PatentData/ReorganisedData/EP3501838A1/EP3501838A1_F0001.tif,B42C
EP3501839A1,F0001,/home/safe/Desktop/yassine/Vectorization/data/PatentData/ReorganisedData/EP3501839A1/EP3501839A1_F0001.tif,B42D
EP3501840A1,A0001,/home/safe/Desktop/yassine/Vectorization/data/PatentData/ReorganisedData/EP3501840A1/EP3501840A1_A0001.tif,B42D
EP3501841A1,A0001,/home/safe/Desktop/yassine/Vectorization/data/PatentData/ReorganisedData/EP3501841A1/EP3501841A1_A0001.tif,B42D
EP3501842A1,F0001,/home/safe/Desktop/yassine/Vectorization/data/PatentData/ReorganisedData/EP3501842A1/EP3501842A1_F0001.tif,B43K
EP3501843A1,F0001,/home/safe/Desktop/yassine/Vectorization/data/PatentData/ReorganisedData/EP3501843A1/EP3501843A1_F0001.tif,B60B
EP3501847A1,A0001,/home/safe/Desktop/yassine/Vectorization/data/PatentData/ReorganisedData/EP3501847A1/EP3501847A1_A0001.tif,B60C
EP3501848A1,A0001,/home/safe/Desktop/yassine/Vectorization/data/PatentData/ReorganisedData/EP3501848A1/EP3501848A1_A0001.tif,B60C
EP3501849A1,F0003,/home/safe/Desktop/yassine/Vectorization/data/PatentData/ReorganisedData/EP3501849A1/EP3501849A1_F0003.tif,B60C
EP3501850A1,A0001,/home/safe/Desktop/yassine/Vectorization/data/PatentData/ReorganisedData/EP3501850A1/EP3501850A1_A0001.tif,B60C
EP3501851A1,F0001,/home/safe/Desktop/yassine/Vectorization/data/PatentData/ReorganisedData/EP3501851A1/EP3501851A1_F0001.tif,B60C
EP3501852A1,F0001,/home/safe/Desktop/yassine/Vectorization/data/PatentData/ReorganisedData/EP3501852A1/EP3501852A1_F0001.tif,B60C
EP3501853A1,F0001,/home/safe/Desktop/yassine/Vectorization/data/PatentData/ReorganisedData/EP3501853A1/EP3501853A1_F0001.tif,B60C
EP3501854A1,F0001,/home/safe/Desktop/yassine/Vectorization/data/PatentData/ReorganisedData/EP3501854A1/EP3501854A1_F0001.tif,B60C
EP3501855A1,F0001,/home/safe/Desktop/yassine/Vectorization/data/PatentData/ReorganisedData/EP3501855A1/EP3501855A1_F0001.tif,B60C
EP3501856A1,F0001,/home/safe/Desktop/yassine/Vectorization/data/PatentData/ReorganisedData/EP3501856A1/EP3501856A1_F0001.tif,B60C
EP3501857A1,A0001,/home/safe/Desktop/yassine/Vectorization/data/PatentData/ReorganisedData/EP3501857A1/EP3501857A1_A0001.tif,B60C
EP3501858A1,A0001,/home/safe/Desktop/yassine/Vectorization/data/PatentData/ReorganisedData/EP3501858A1/EP3501858A1_A0001.tif,B60C
EP3501859A1,A0001,/home/safe/Desktop/yassine/Vectorization/data/PatentData/ReorganisedData/EP3501859A1/EP3501859A1_A0001.tif,B60C
EP3501860A1,F0001,/home/safe/Desktop/yassine/Vectorization/data/PatentData/ReorganisedData/EP3501860A1/EP3501860A1_F0001.tif,B60C
EP3501861A1,F0002,/home/safe/Desktop/yassine/Vectorization/data/PatentData/ReorganisedData/EP3501861A1/EP3501861A1_F0002.tif,B60C
EP3501862A1,A0001,/home/safe/Desktop/yassine/Vectorization/data/PatentData/ReorganisedData/EP3501862A1/EP3501862A1_A0001.tif,B60C
EP3501863A1,F0003,/home/safe/Desktop/yassine/Vectorization/data/PatentData/ReorganisedData/EP3501863A1/EP3501863A1_F0003.tif,B60D
EP3501864A1,A0001,/home/safe/Desktop/yassine/Vectorization/data/PatentData/ReorganisedData/EP3501864A1/EP3501864A1_A0001.tif,B60G
EP3501867A1,F0001,/home/safe/Desktop/yassine/Vectorization/data/PatentData/ReorganisedData/EP3501867A1/EP3501867A1_F0001.tif,B60K
EP3501868A1,F0002,/home/safe/Desktop/yassine/Vectorization/data/PatentData/ReorganisedData/EP3501868A1/EP3501868A1_F0002.tif,B60K
EP3501869A1,F0002,/home/safe/Desktop/yassine/Vectorization/data/PatentData/ReorganisedData/EP3501869A1/EP3501869A1_F0002.tif,B60K
EP3501870A1,A0001,/home/safe/Desktop/yassine/Vectorization/data/PatentData/ReorganisedData/EP3501870A1/EP3501870A1_A0001.tif,B60K
EP3501871A1,A0001,/home/safe/Desktop/yassine/Vectorization/data/PatentData/ReorganisedData/EP3501871A1/EP3501871A1_A0001.tif,B60K
EP3501872A1,A0001,/home/safe/Desktop/yassine/Vectorization/data/PatentData/ReorganisedData/EP3501872A1/EP3501872A1_A0001.tif,B60K
EP3501873A1,A0001,/home/safe/Desktop/yassine/Vectorization/data/PatentData/ReorganisedData/EP3501873A1/EP3501873A1_A0001.tif,B60K
EP3501874A1,A0001,/home/safe/Desktop/yassine/Vectorization/data/PatentData/ReorganisedData/EP3501874A1/EP3501874A1_A0001.tif,B60K
EP3501875A1,F0006,/home/safe/Desktop/yassine/Vectorization/data/PatentData/ReorganisedData/EP3501875A1/EP3501875A1_F0006.tif,B60L
EP3501876A1,F0002,/home/safe/Desktop/yassine/Vectorization/data/PatentData/ReorganisedData/EP3501876A1/EP3501876A1_F0002.tif,B60L
EP3501877A1,A0001,/home/safe/Desktop/yassine/Vectorization/data/PatentData/ReorganisedData/EP3501877A1/EP3501877A1_A0001.tif,B60L
EP3501878A1,A0001,/home/safe/Desktop/yassine/Vectorization/data/PatentData/ReorganisedData/EP3501878A1/EP3501878A1_A0001.tif,B60L
EP3501880A1,F0001,/home/safe/Desktop/yassine/Vectorization/data/PatentData/ReorganisedData/EP3501880A1/EP3501880A1_F0001.tif,B60L
EP3501881A1,F0002,/home/safe/Desktop/yassine/Vectorization/data/PatentData/ReorganisedData/EP3501881A1/EP3501881A1_F0002.tif,B60L
EP3501882A1,A0001,/home/safe/Desktop/yassine/Vectorization/data/PatentData/ReorganisedData/EP3501882A1/EP3501882A1_A0001.tif,B60L
EP3501883A1,A0001,/home/safe/Desktop/yassine/Vectorization/data/PatentData/ReorganisedData/EP3501883A1/EP3501883A1_A0001.tif,B60L
EP3501885A1,A0001,/home/safe/Desktop/yassine/Vectorization/data/PatentData/ReorganisedData/EP3501885A1/EP3501885A1_A0001.tif,B60L
EP3501886A1,A0001,/home/safe/Desktop/yassine/Vectorization/data/PatentData/ReorganisedData/EP3501886A1/EP3501886A1_A0001.tif,B60N
EP3501887A1,F0003,/home/safe/Desktop/yassine/Vectorization/data/PatentData/ReorganisedData/EP3501887A1/EP3501887A1_F0003.tif,B60N
EP3501888A1,A0001,/home/safe/Desktop/yassine/Vectorization/data/PatentData/ReorganisedData/EP3501888A1/EP3501888A1_A0001.tif,B60N
EP3501889A1,F0001,/home/safe/Desktop/yassine/Vectorization/data/PatentData/ReorganisedData/EP3501889A1/EP3501889A1_F0001.tif,B60N
EP3501890A1,F0004,/home/safe/Desktop/yassine/Vectorization/data/PatentData/ReorganisedData/EP3501890A1/EP3501890A1_F0004.tif,B60N
EP3501891A1,A0001,/home/safe/Desktop/yassine/Vectorization/data/PatentData/ReorganisedData/EP3501891A1/EP3501891A1_A0001.tif,B60P
EP3501892A1,A0001,/home/safe/Desktop/yassine/Vectorization/data/PatentData/ReorganisedData/EP3501892A1/EP3501892A1_A0001.tif,B60P
EP3501893A1,A0001,/home/safe/Desktop/yassine/Vectorization/data/PatentData/ReorganisedData/EP3501893A1/EP3501893A1_A0001.tif,B60Q
EP3501894A1,A0001,/home/safe/Desktop/yassine/Vectorization/data/PatentData/ReorganisedData/EP3501894A1/EP3501894A1_A0001.tif,B60Q
EP3501895A1,A0001,/home/safe/Desktop/yassine/Vectorization/data/PatentData/ReorganisedData/EP3501895A1/EP3501895A1_A0001.tif,B60Q
EP3501896A1,F0002,/home/safe/Desktop/yassine/Vectorization/data/PatentData/ReorganisedData/EP3501896A1/EP3501896A1_F0002.tif,B60Q
EP3501897A1,A0001,/home/safe/Desktop/yassine/Vectorization/data/PatentData/ReorganisedData/EP3501897A1/EP3501897A1_A0001.tif,B60R
EP3501898A1,A0001,/home/safe/Desktop/yassine/Vectorization/data/PatentData/ReorganisedData/EP3501898A1/EP3501898A1_A0001.tif,B60R
EP3501899A1,F0002,/home/safe/Desktop/yassine/Vectorization/data/PatentData/ReorganisedData/EP3501899A1/EP3501899A1_F0002.tif,B60R
EP3501900A1,A0001,/home/safe/Desktop/yassine/Vectorization/data/PatentData/ReorganisedData/EP3501900A1/EP3501900A1_A0001.tif,B60R
EP3501901A1,A0001,/home/safe/Desktop/yassine/Vectorization/data/PatentData/ReorganisedData/EP3501901A1/EP3501901A1_A0001.tif,B60R
EP3501902A1,F0001,/home/safe/Desktop/yassine/Vectorization/data/PatentData/ReorganisedData/EP3501902A1/EP3501902A1_F0001.tif,B60R
EP3501903A1,A0001,/home/safe/Desktop/yassine/Vectorization/data/PatentData/ReorganisedData/EP3501903A1/EP3501903A1_A0001.tif,B60R
EP3501904A1,F0003,/home/safe/Desktop/yassine/Vectorization/data/PatentData/ReorganisedData/EP3501904A1/EP3501904A1_F0003.tif,B60R
EP3501905A1,A0001,/home/safe/Desktop/yassine/Vectorization/data/PatentData/ReorganisedData/EP3501905A1/EP3501905A1_A0001.tif,B60R
EP3501906A1,A0001,/home/safe/Desktop/yassine/Vectorization/data/PatentData/ReorganisedData/EP3501906A1/EP3501906A1_A0001.tif,B60R
EP3501907A1,A0001,/home/safe/Desktop/yassine/Vectorization/data/PatentData/ReorganisedData/EP3501907A1/EP3501907A1_A0001.tif,B60R
EP3501908A1,A0001,/home/safe/Desktop/yassine/Vectorization/data/PatentData/ReorganisedData/EP3501908A1/EP3501908A1_A0001.tif,B60R
EP3501909A1,A0001,/home/safe/Desktop/yassine/Vectorization/data/PatentData/ReorganisedData/EP3501909A1/EP3501909A1_A0001.tif,B60R
EP3501910A1,A0001,/home/safe/Desktop/yassine/Vectorization/data/PatentData/ReorganisedData/EP3501910A1/EP3501910A1_A0001.tif,B60R
EP3501911A1,F0003,/home/safe/Desktop/yassine/Vectorization/data/PatentData/ReorganisedData/EP3501911A1/EP3501911A1_F0003.tif,B60R
EP3501912A1,A0001,/home/safe/Desktop/yassine/Vectorization/data/PatentData/ReorganisedData/EP3501912A1/EP3501912A1_A0001.tif,B60R
EP3501913A1,A0001,/home/safe/Desktop/yassine/Vectorization/data/PatentData/ReorganisedData/EP3501913A1/EP3501913A1_A0001.tif,B60R
EP3501914A1,F0001,/home/safe/Desktop/yassine/Vectorization/data/PatentData/ReorganisedData/EP3501914A1/EP3501914A1_F0001.tif,B60R
EP3501915A1,A0001,/home/safe/Desktop/yassine/Vectorization/data/PatentData/ReorganisedData/EP3501915A1/EP3501915A1_A0001.tif,B60R
EP3501916A1,A0001,/home/safe/Desktop/yassine/Vectorization/data/PatentData/ReorganisedData/EP3501916A1/EP3501916A1_A0001.tif,B60R
EP3501917A1,A0001,/home/safe/Desktop/yassine/Vectorization/data/PatentData/ReorganisedData/EP3501917A1/EP3501917A1_A0001.tif,B60S
EP3501918A1,A0001,/home/safe/Desktop/yassine/Vectorization/data/PatentData/ReorganisedData/EP3501918A1/EP3501918A1_A0001.tif,B60S
EP3501919A1,F0002,/home/safe/Desktop/yassine/Vectorization/data/PatentData/ReorganisedData/EP3501919A1/EP3501919A1_F0002.tif,B60S
EP3501920A1,A0001,/home/safe/Desktop/yassine/Vectorization/data/PatentData/ReorganisedData/EP3501920A1/EP3501920A1_A0001.tif,B60S
EP3501921A1,A0001,/home/safe/Desktop/yassine/Vectorization/data/PatentData/ReorganisedData/EP3501921A1/EP3501921A1_A0001.tif,B60S
EP3501922A1,F0001,/home/safe/Desktop/yassine/Vectorization/data/PatentData/ReorganisedData/EP3501922A1/EP3501922A1_F0001.tif,B60T
EP3501923A1,A0001,/home/safe/Desktop/yassine/Vectorization/data/PatentData/ReorganisedData/EP3501923A1/EP3501923A1_A0001.tif,B60T
EP3501924A1,F0001,/home/safe/Desktop/yassine/Vectorization/data/PatentData/ReorganisedData/EP3501924A1/EP3501924A1_F0001.tif,B60T
EP3501925A1,A0001,/home/safe/Desktop/yassine/Vectorization/data/PatentData/ReorganisedData/EP3501925A1/EP3501925A1_A0001.tif,B60T
EP3501926A1,A0001,/home/safe/Desktop/yassine/Vectorization/data/PatentData/ReorganisedData/EP3501926A1/EP3501926A1_A0001.tif,B60T
EP3501927A1,F0001,/home/safe/Desktop/yassine/Vectorization/data/PatentData/ReorganisedData/EP3501927A1/EP3501927A1_F0001.tif,B60T
EP3501928A1,F0003,/home/safe/Desktop/yassine/Vectorization/data/PatentData/ReorganisedData/EP3501928A1/EP3501928A1_F0003.tif,B60W
EP3501929A1,F0001,/home/safe/Desktop/yassine/Vectorization/data/PatentData/ReorganisedData/EP3501929A1/EP3501929A1_F0001.tif,B60W
EP3501930A1,F0001,/home/safe/Desktop/yassine/Vectorization/data/PatentData/ReorganisedData/EP3501930A1/EP3501930A1_F0001.tif,B60W
EP3501931A1,F0007,/home/safe/Desktop/yassine/Vectorization/data/PatentData/ReorganisedData/EP3501931A1/EP3501931A1_F0007.tif,B60W
EP3501933A1,F0002,/home/safe/Desktop/yassine/Vectorization/data/PatentData/ReorganisedData/EP3501933A1/EP3501933A1_F0002.tif,B61B
EP3501934A1,A0001,/home/safe/Desktop/yassine/Vectorization/data/PatentData/ReorganisedData/EP3501934A1/EP3501934A1_A0001.tif,B61C
EP3501937A1,F0005,/home/safe/Desktop/yassine/Vectorization/data/PatentData/ReorganisedData/EP3501937A1/EP3501937A1_F0005.tif,B61G
EP3501938A1,F0005,/home/safe/Desktop/yassine/Vectorization/data/PatentData/ReorganisedData/EP3501938A1/EP3501938A1_F0005.tif,B61G
EP3501939A1,F0002,/home/safe/Desktop/yassine/Vectorization/data/PatentData/ReorganisedData/EP3501939A1/EP3501939A1_F0002.tif,B61L
EP3501940A1,F0001,/home/safe/Desktop/yassine/Vectorization/data/PatentData/ReorganisedData/EP3501940A1/EP3501940A1_F0001.tif,B61L
EP3501941A1,A0001,/home/safe/Desktop/yassine/Vectorization/data/PatentData/ReorganisedData/EP3501941A1/EP3501941A1_A0001.tif,B62B
EP3501942A1,A0001,/home/safe/Desktop/yassine/Vectorization/data/PatentData/ReorganisedData/EP3501942A1/EP3501942A1_A0001.tif,B62D
EP3501943A1,F0001,/home/safe/Desktop/yassine/Vectorization/data/PatentData/ReorganisedData/EP3501943A1/EP3501943A1_F0001.tif,B62D
EP3501944A1,A0001,/home/safe/Desktop/yassine/Vectorization/data/PatentData/ReorganisedData/EP3501944A1/EP3501944A1_A0001.tif,B62D
EP3501945A1,F0007,/home/safe/Desktop/yassine/Vectorization/data/PatentData/ReorganisedData/EP3501945A1/EP3501945A1_F0007.tif,B62D
EP3501946A1,F0001,/home/safe/Desktop/yassine/Vectorization/data/PatentData/ReorganisedData/EP3501946A1/EP3501946A1_F0001.tif,B62D
EP3501947A1,F0001,/home/safe/Desktop/yassine/Vectorization/data/PatentData/ReorganisedData/EP3501947A1/EP3501947A1_F0001.tif,B62D
EP3501948A1,A0001,/home/safe/Desktop/yassine/Vectorization/data/PatentData/ReorganisedData/EP3501948A1/EP3501948A1_A0001.tif,B62D
EP3501949A1,F0006,/home/safe/Desktop/yassine/Vectorization/data/PatentData/ReorganisedData/EP3501949A1/EP3501949A1_F0006.tif,B62D
EP3501950A1,F0001,/home/safe/Desktop/yassine/Vectorization/data/PatentData/ReorganisedData/EP3501950A1/EP3501950A1_F0001.tif,B62D
EP3501951A1,F0001,/home/safe/Desktop/yassine/Vectorization/data/PatentData/ReorganisedData/EP3501951A1/EP3501951A1_F0001.tif,B62D
EP3501952A1,A0001,/home/safe/Desktop/yassine/Vectorization/data/PatentData/ReorganisedData/EP3501952A1/EP3501952A1_A0001.tif,B62D
EP3501953A1,A0001,/home/safe/Desktop/yassine/Vectorization/data/PatentData/ReorganisedData/EP3501953A1/EP3501953A1_A0001.tif,B62D
EP3501954A1,F0001,/home/safe/Desktop/yassine/Vectorization/data/PatentData/ReorganisedData/EP3501954A1/EP3501954A1_F0001.tif,B62D
EP3501955A1,A0001,/home/safe/Desktop/yassine/Vectorization/data/PatentData/ReorganisedData/EP3501955A1/EP3501955A1_A0001.tif,B62D
EP3501956A1,A0001,/home/safe/Desktop/yassine/Vectorization/data/PatentData/ReorganisedData/EP3501956A1/EP3501956A1_A0001.tif,B62D
EP3501957A1,F0001,/home/safe/Desktop/yassine/Vectorization/data/PatentData/ReorganisedData/EP3501957A1/EP3501957A1_F0001.tif,B62J
EP3501958A1,A0001,/home/safe/Desktop/yassine/Vectorization/data/PatentData/ReorganisedData/EP3501958A1/EP3501958A1_A0001.tif,B62K
EP3501959A1,A0001,/home/safe/Desktop/yassine/Vectorization/data/PatentData/ReorganisedData/EP3501959A1/EP3501959A1_A0001.tif,B62K
EP3501960A1,F0001,/home/safe/Desktop/yassine/Vectorization/data/PatentData/ReorganisedData/EP3501960A1/EP3501960A1_F0001.tif,B62M
EP3501961A1,A0001,/home/safe/Desktop/yassine/Vectorization/data/PatentData/ReorganisedData/EP3501961A1/EP3501961A1_A0001.tif,B62M
EP3501962A2,A0001,/home/safe/Desktop/yassine/Vectorization/data/PatentData/ReorganisedData/EP3501962A2/EP3501962A2_A0001.tif,B62M
EP3501963A1,A0001,/home/safe/Desktop/yassine/Vectorization/data/PatentData/ReorganisedData/EP3501963A1/EP3501963A1_A0001.tif,B62M
EP3501964A1,A0001,/home/safe/Desktop/yassine/Vectorization/data/PatentData/ReorganisedData/EP3501964A1/EP3501964A1_A0001.tif,B62M
EP3501965A1,A0001,/home/safe/Desktop/yassine/Vectorization/data/PatentData/ReorganisedData/EP3501965A1/EP3501965A1_A0001.tif,B63B
EP3501966A1,F0001,/home/safe/Desktop/yassine/Vectorization/data/PatentData/ReorganisedData/EP3501966A1/EP3501966A1_F0001.tif,B63B
EP3501967A1,A0001,/home/safe/Desktop/yassine/Vectorization/data/PatentData/ReorganisedData/EP3501967A1/EP3501967A1_A0001.tif,B63G
EP3501969A1,A0001,/home/safe/Desktop/yassine/Vectorization/data/PatentData/ReorganisedData/EP3501969A1/EP3501969A1_A0001.tif,B64C
EP3501970A1,F0001,/home/safe/Desktop/yassine/Vectorization/data/PatentData/ReorganisedData/EP3501970A1/EP3501970A1_F0001.tif,B64C
EP3501972A1,F0003,/home/safe/Desktop/yassine/Vectorization/data/PatentData/ReorganisedData/EP3501972A1/EP3501972A1_F0003.tif,B64C
EP3501973A1,F0001,/home/safe/Desktop/yassine/Vectorization/data/PatentData/ReorganisedData/EP3501973A1/EP3501973A1_F0001.tif,B64C
EP3501974A1,A0001,/home/safe/Desktop/yassine/Vectorization/data/PatentData/ReorganisedData/EP3501974A1/EP3501974A1_A0001.tif,B64C
EP3501975A1,A0001,/home/safe/Desktop/yassine/Vectorization/data/PatentData/ReorganisedData/EP3501975A1/EP3501975A1_A0001.tif,B64C
EP3501976A1,A0001,/home/safe/Desktop/yassine/Vectorization/data/PatentData/ReorganisedData/EP3501976A1/EP3501976A1_A0001.tif,B64C
EP3501977A1,F0002,/home/safe/Desktop/yassine/Vectorization/data/PatentData/ReorganisedData/EP3501977A1/EP3501977A1_F0002.tif,B64C
EP3501978A1,A0001,/home/safe/Desktop/yassine/Vectorization/data/PatentData/ReorganisedData/EP3501978A1/EP3501978A1_A0001.tif,B64C
EP3501979A1,F0002,/home/safe/Desktop/yassine/Vectorization/data/PatentData/ReorganisedData/EP3501979A1/EP3501979A1_F0002.tif,B64C
EP3501980A1,F0001,/home/safe/Desktop/yassine/Vectorization/data/PatentData/ReorganisedData/EP3501980A1/EP3501980A1_F0001.tif,B64C
EP3501981A1,A0001,/home/safe/Desktop/yassine/Vectorization/data/PatentData/ReorganisedData/EP3501981A1/EP3501981A1_A0001.tif,B64C
EP3501982A1,F0002,/home/safe/Desktop/yassine/Vectorization/data/PatentData/ReorganisedData/EP3501982A1/EP3501982A1_F0002.tif,B64C
EP3501983A1,F0001,/home/safe/Desktop/yassine/Vectorization/data/PatentData/ReorganisedData/EP3501983A1/EP3501983A1_F0001.tif,B64C
EP3501984A1,A0001,/home/safe/Desktop/yassine/Vectorization/data/PatentData/ReorganisedData/EP3501984A1/EP3501984A1_A0001.tif,B64C
EP3501985A1,A0001,/home/safe/Desktop/yassine/Vectorization/data/PatentData/ReorganisedData/EP3501985A1/EP3501985A1_A0001.tif,B64D
EP3501986A1,F0003,/home/safe/Desktop/yassine/Vectorization/data/PatentData/ReorganisedData/EP3501986A1/EP3501986A1_F0003.tif,B64D
EP3501987A1,A0001,/home/safe/Desktop/yassine/Vectorization/data/PatentData/ReorganisedData/EP3501987A1/EP3501987A1_A0001.tif,B64D
EP3501988A1,F0003,/home/safe/Desktop/yassine/Vectorization/data/PatentData/ReorganisedData/EP3501988A1/EP3501988A1_F0003.tif,B64D
EP3501989A1,A0001,/home/safe/Desktop/yassine/Vectorization/data/PatentData/ReorganisedData/EP3501989A1/EP3501989A1_A0001.tif,B64D
EP3501990A1,F0001,/home/safe/Desktop/yassine/Vectorization/data/PatentData/ReorganisedData/EP3501990A1/EP3501990A1_F0001.tif,B64D
EP3501991A1,A0001,/home/safe/Desktop/yassine/Vectorization/data/PatentData/ReorganisedData/EP3501991A1/EP3501991A1_A0001.tif,B64D
EP3501992A1,F0001,/home/safe/Desktop/yassine/Vectorization/data/PatentData/ReorganisedData/EP3501992A1/EP3501992A1_F0001.tif,B64D
EP3501993A1,A0001,/home/safe/Desktop/yassine/Vectorization/data/PatentData/ReorganisedData/EP3501993A1/EP3501993A1_A0001.tif,B64D
EP3501994A1,F0001,/home/safe/Desktop/yassine/Vectorization/data/PatentData/ReorganisedData/EP3501994A1/EP3501994A1_F0001.tif,B64F
EP3501995A1,A0001,/home/safe/Desktop/yassine/Vectorization/data/PatentData/ReorganisedData/EP3501995A1/EP3501995A1_A0001.tif,B65B
EP3501996A1,F0002,/home/safe/Desktop/yassine/Vectorization/data/PatentData/ReorganisedData/EP3501996A1/EP3501996A1_F0002.tif,B65B
EP3501997A1,F0001,/home/safe/Desktop/yassine/Vectorization/data/PatentData/ReorganisedData/EP3501997A1/EP3501997A1_F0001.tif,B65B
EP3501998A1,F0001,/home/safe/Desktop/yassine/Vectorization/data/PatentData/ReorganisedData/EP3501998A1/EP3501998A1_F0001.tif,B65D
EP3501999A2,A0001,/home/safe/Desktop/yassine/Vectorization/data/PatentData/ReorganisedData/EP3501999A2/EP3501999A2_A0001.tif,B65D
EP3502000A1,A0001,/home/safe/Desktop/yassine/Vectorization/data/PatentData/ReorganisedData/EP3502000A1/EP3502000A1_A0001.tif,B65D
EP3502001A1,A0001,/home/safe/Desktop/yassine/Vectorization/data/PatentData/ReorganisedData/EP3502001A1/EP3502001A1_A0001.tif,B65D
EP3502002A1,F0001,/home/safe/Desktop/yassine/Vectorization/data/PatentData/ReorganisedData/EP3502002A1/EP3502002A1_F0001.tif,B65D
EP3502003A1,A0001,/home/safe/Desktop/yassine/Vectorization/data/PatentData/ReorganisedData/EP3502003A1/EP3502003A1_A0001.tif,B65D
EP3502004A1,A0001,/home/safe/Desktop/yassine/Vectorization/data/PatentData/ReorganisedData/EP3502004A1/EP3502004A1_A0001.tif,B65D
EP3502005A1,A0001,/home/safe/Desktop/yassine/Vectorization/data/PatentData/ReorganisedData/EP3502005A1/EP3502005A1_A0001.tif,B65D
EP3502006A1,F0001,/home/safe/Desktop/yassine/Vectorization/data/PatentData/ReorganisedData/EP3502006A1/EP3502006A1_F0001.tif,B65D
EP3502007A1,F0002,/home/safe/Desktop/yassine/Vectorization/data/PatentData/ReorganisedData/EP3502007A1/EP3502007A1_F0002.tif,B65D
EP3502008A1,A0001,/home/safe/Desktop/yassine/Vectorization/data/PatentData/ReorganisedData/EP3502008A1/EP3502008A1_A0001.tif,B65D
EP3502009A1,A0001,/home/safe/Desktop/yassine/Vectorization/data/PatentData/ReorganisedData/EP3502009A1/EP3502009A1_A0001.tif,B65D
EP3502010A1,A0001,/home/safe/Desktop/yassine/Vectorization/data/PatentData/ReorganisedData/EP3502010A1/EP3502010A1_A0001.tif,B65D
EP3502011A1,A0001,/home/safe/Desktop/yassine/Vectorization/data/PatentData/ReorganisedData/EP3502011A1/EP3502011A1_A0001.tif,B65G
EP3502012A1,F0001,/home/safe/Desktop/yassine/Vectorization/data/PatentData/ReorganisedData/EP3502012A1/EP3502012A1_F0001.tif,B65G
EP3502013A1,A0001,/home/safe/Desktop/yassine/Vectorization/data/PatentData/ReorganisedData/EP3502013A1/EP3502013A1_A0001.tif,B65G
EP3502014A1,F0001,/home/safe/Desktop/yassine/Vectorization/data/PatentData/ReorganisedData/EP3502014A1/EP3502014A1_F0001.tif,B65G
EP3502015A1,F0001,/home/safe/Desktop/yassine/Vectorization/data/PatentData/ReorganisedData/EP3502015A1/EP3502015A1_F0001.tif,B65G
EP3502016A1,A0001,/home/safe/Desktop/yassine/Vectorization/data/PatentData/ReorganisedData/EP3502016A1/EP3502016A1_A0001.tif,B65G
EP3502017A1,A0001,/home/safe/Desktop/yassine/Vectorization/data/PatentData/ReorganisedData/EP3502017A1/EP3502017A1_A0001.tif,B65G
EP3502018A1,F0002,/home/safe/Desktop/yassine/Vectorization/data/PatentData/ReorganisedData/EP3502018A1/EP3502018A1_F0002.tif,B65G
EP3502019A1,A0001,/home/safe/Desktop/yassine/Vectorization/data/PatentData/ReorganisedData/EP3502019A1/EP3502019A1_A0001.tif,B65G
EP3502020A1,A0001,/home/safe/Desktop/yassine/Vectorization/data/PatentData/ReorganisedData/EP3502020A1/EP3502020A1_A0001.tif,B65G
EP3502021A1,A0001,/home/safe/Desktop/yassine/Vectorization/data/PatentData/ReorganisedData/EP3502021A1/EP3502021A1_A0001.tif,B65H
EP3502022A1,A0001,/home/safe/Desktop/yassine/Vectorization/data/PatentData/ReorganisedData/EP3502022A1/EP3502022A1_A0001.tif,B65H
EP3502023A1,A0001,/home/safe/Desktop/yassine/Vectorization/data/PatentData/ReorganisedData/EP3502023A1/EP3502023A1_A0001.tif,B65H
EP3502024A1,F0001,/home/safe/Desktop/yassine/Vectorization/data/PatentData/ReorganisedData/EP3502024A1/EP3502024A1_F0001.tif,B65H
EP3502025A1,A0001,/home/safe/Desktop/yassine/Vectorization/data/PatentData/ReorganisedData/EP3502025A1/EP3502025A1_A0001.tif,B65H
EP3502026A1,F0001,/home/safe/Desktop/yassine/Vectorization/data/PatentData/ReorganisedData/EP3502026A1/EP3502026A1_F0001.tif,B65H
EP3502027A1,A0001,/home/safe/Desktop/yassine/Vectorization/data/PatentData/ReorganisedData/EP3502027A1/EP3502027A1_A0001.tif,B66B
EP3502028A1,A0001,/home/safe/Desktop/yassine/Vectorization/data/PatentData/ReorganisedData/EP3502028A1/EP3502028A1_A0001.tif,B66B
EP3502030A1,F0004,/home/safe/Desktop/yassine/Vectorization/data/PatentData/ReorganisedData/EP3502030A1/EP3502030A1_F0004.tif,B66B
EP3502031A1,A0001,/home/safe/Desktop/yassine/Vectorization/data/PatentData/ReorganisedData/EP3502031A1/EP3502031A1_A0001.tif,B66B
EP3502032A1,A0001,/home/safe/Desktop/yassine/Vectorization/data/PatentData/ReorganisedData/EP3502032A1/EP3502032A1_A0001.tif,B66B
EP3502033A1,A0001,/home/safe/Desktop/yassine/Vectorization/data/PatentData/ReorganisedData/EP3502033A1/EP3502033A1_A0001.tif,B66B
EP3502034A1,A0001,/home/safe/Desktop/yassine/Vectorization/data/PatentData/ReorganisedData/EP3502034A1/EP3502034A1_A0001.tif,B66B
EP3502035A1,A0001,/home/safe/Desktop/yassine/Vectorization/data/PatentData/ReorganisedData/EP3502035A1/EP3502035A1_A0001.tif,B66C
EP3502036A1,F0001,/home/safe/Desktop/yassine/Vectorization/data/PatentData/ReorganisedData/EP3502036A1/EP3502036A1_F0001.tif,B66C
EP3502037A1,F0004,/home/safe/Desktop/yassine/Vectorization/data/PatentData/ReorganisedData/EP3502037A1/EP3502037A1_F0004.tif,B66D
EP3502038A1,A0001,/home/safe/Desktop/yassine/Vectorization/data/PatentData/ReorganisedData/EP3502038A1/EP3502038A1_A0001.tif,B66F
EP3502039A1,A0001,/home/safe/Desktop/yassine/Vectorization/data/PatentData/ReorganisedData/EP3502039A1/EP3502039A1_A0001.tif,B66F
EP3502040A1,F0003,/home/safe/Desktop/yassine/Vectorization/data/PatentData/ReorganisedData/EP3502040A1/EP3502040A1_F0003.tif,B66F
EP3502041A1,F0001,/home/safe/Desktop/yassine/Vectorization/data/PatentData/ReorganisedData/EP3502041A1/EP3502041A1_F0001.tif,B66F
EP3502042A1,F0001,/home/safe/Desktop/yassine/Vectorization/data/PatentData/ReorganisedData/EP3502042A1/EP3502042A1_F0001.tif,B66F
EP3502043A1,F0001,/home/safe/Desktop/yassine/Vectorization/data/PatentData/ReorganisedData/EP3502043A1/EP3502043A1_F0001.tif,B66F
EP3502045A1,A0001,/home/safe/Desktop/yassine/Vectorization/data/PatentData/ReorganisedData/EP3502045A1/EP3502045A1_A0001.tif,B81C
EP3502047A1,F0002,/home/safe/Desktop/yassine/Vectorization/data/PatentData/ReorganisedData/EP3502047A1/EP3502047A1_F0002.tif,B82Y
EP3502048A1,A0001,/home/safe/Desktop/yassine/Vectorization/data/PatentData/ReorganisedData/EP3502048A1/EP3502048A1_A0001.tif,B82Y
EP3502049A1,A0001,/home/safe/Desktop/yassine/Vectorization/data/PatentData/ReorganisedData/EP3502049A1/EP3502049A1_A0001.tif,B82Y
EP3502415A1,A0001,/home/safe/Desktop/yassine/Vectorization/data/PatentData/ReorganisedData/EP3502415A1/EP3502415A1_A0001.tif,F01D
EP3502416A1,F0001,/home/safe/Desktop/yassine/Vectorization/data/PatentData/ReorganisedData/EP3502416A1/EP3502416A1_F0001.tif,F01D
EP3502417A1,A0001,/home/safe/Desktop/yassine/Vectorization/data/PatentData/ReorganisedData/EP3502417A1/EP3502417A1_A0001.tif,F01D
EP3502418A1,A0001,/home/safe/Desktop/yassine/Vectorization/data/PatentData/ReorganisedData/EP3502418A1/EP3502418A1_A0001.tif,F01D
EP3502419A1,A0001,/home/safe/Desktop/yassine/Vectorization/data/PatentData/ReorganisedData/EP3502419A1/EP3502419A1_A0001.tif,F01D
EP3502420A1,A0001,/home/safe/Desktop/yassine/Vectorization/data/PatentData/ReorganisedData/EP3502420A1/EP3502420A1_A0001.tif,F01D
EP3502421A1,F0001,/home/safe/Desktop/yassine/Vectorization/data/PatentData/ReorganisedData/EP3502421A1/EP3502421A1_F0001.tif,F01D
EP3502422A1,F0001,/home/safe/Desktop/yassine/Vectorization/data/PatentData/ReorganisedData/EP3502422A1/EP3502422A1_F0001.tif,F01D
EP3502423A1,F0001,/home/safe/Desktop/yassine/Vectorization/data/PatentData/ReorganisedData/EP3502423A1/EP3502423A1_F0001.tif,F01D
EP3502424A1,A0001,/home/safe/Desktop/yassine/Vectorization/data/PatentData/ReorganisedData/EP3502424A1/EP3502424A1_A0001.tif,F01D
EP3502425A1,A0001,/home/safe/Desktop/yassine/Vectorization/data/PatentData/ReorganisedData/EP3502425A1/EP3502425A1_A0001.tif,F01D
EP3502426A1,A0001,/home/safe/Desktop/yassine/Vectorization/data/PatentData/ReorganisedData/EP3502426A1/EP3502426A1_A0001.tif,F01D
EP3502427A1,F0001,/home/safe/Desktop/yassine/Vectorization/data/PatentData/ReorganisedData/EP3502427A1/EP3502427A1_F0001.tif,F01M
EP3502428A1,F0001,/home/safe/Desktop/yassine/Vectorization/data/PatentData/ReorganisedData/EP3502428A1/EP3502428A1_F0001.tif,F01N
EP3502429A1,F0001,/home/safe/Desktop/yassine/Vectorization/data/PatentData/ReorganisedData/EP3502429A1/EP3502429A1_F0001.tif,F01N
EP3502430A1,A0001,/home/safe/Desktop/yassine/Vectorization/data/PatentData/ReorganisedData/EP3502430A1/EP3502430A1_A0001.tif,F01N
EP3502431A1,A0001,/home/safe/Desktop/yassine/Vectorization/data/PatentData/ReorganisedData/EP3502431A1/EP3502431A1_A0001.tif,F01N
EP3502432A1,A0001,/home/safe/Desktop/yassine/Vectorization/data/PatentData/ReorganisedData/EP3502432A1/EP3502432A1_A0001.tif,F01N
EP3502433A1,A0001,/home/safe/Desktop/yassine/Vectorization/data/PatentData/ReorganisedData/EP3502433A1/EP3502433A1_A0001.tif,F02B
EP3502434A1,A0001,/home/safe/Desktop/yassine/Vectorization/data/PatentData/ReorganisedData/EP3502434A1/EP3502434A1_A0001.tif,F02B
EP3502436A1,A0001,/home/safe/Desktop/yassine/Vectorization/data/PatentData/ReorganisedData/EP3502436A1/EP3502436A1_A0001.tif,F02B
EP3502437A1,A0001,/home/safe/Desktop/yassine/Vectorization/data/PatentData/ReorganisedData/EP3502437A1/EP3502437A1_A0001.tif,F02C
EP3502438A1,A0001,/home/safe/Desktop/yassine/Vectorization/data/PatentData/ReorganisedData/EP3502438A1/EP3502438A1_A0001.tif,F02C
EP3502439A1,A0001,/home/safe/Desktop/yassine/Vectorization/data/PatentData/ReorganisedData/EP3502439A1/EP3502439A1_A0001.tif,F02C
EP3502440A1,F0001,/home/safe/Desktop/yassine/Vectorization/data/PatentData/ReorganisedData/EP3502440A1/EP3502440A1_F0001.tif,F02C
EP3502441A1,F0001,/home/safe/Desktop/yassine/Vectorization/data/PatentData/ReorganisedData/EP3502441A1/EP3502441A1_F0001.tif,F02C
EP3502442A1,A0001,/home/safe/Desktop/yassine/Vectorization/data/PatentData/ReorganisedData/EP3502442A1/EP3502442A1_A0001.tif,F02C
EP3502443A1,A0001,/home/safe/Desktop/yassine/Vectorization/data/PatentData/ReorganisedData/EP3502443A1/EP3502443A1_A0001.tif,F02C
EP3502444A1,F0002,/home/safe/Desktop/yassine/Vectorization/data/PatentData/ReorganisedData/EP3502444A1/EP3502444A1_F0002.tif,F02C
EP3502445A1,F0001,/home/safe/Desktop/yassine/Vectorization/data/PatentData/ReorganisedData/EP3502445A1/EP3502445A1_F0001.tif,F02D
EP3502446A1,F0003,/home/safe/Desktop/yassine/Vectorization/data/PatentData/ReorganisedData/EP3502446A1/EP3502446A1_F0003.tif,F02D
EP3502447A1,F0002,/home/safe/Desktop/yassine/Vectorization/data/PatentData/ReorganisedData/EP3502447A1/EP3502447A1_F0002.tif,F02D
EP3502448A1,F0002,/home/safe/Desktop/yassine/Vectorization/data/PatentData/ReorganisedData/EP3502448A1/EP3502448A1_F0002.tif,F02D
EP3502449A1,F0002,/home/safe/Desktop/yassine/Vectorization/data/PatentData/ReorganisedData/EP3502449A1/EP3502449A1_F0002.tif,F02F
EP3502450A1,A0001,/home/safe/Desktop/yassine/Vectorization/data/PatentData/ReorganisedData/EP3502450A1/EP3502450A1_A0001.tif,F02F
EP3502451A1,F0044,/home/safe/Desktop/yassine/Vectorization/data/PatentData/ReorganisedData/EP3502451A1/EP3502451A1_F0044.tif,F02F
EP3502452A1,F0001,/home/safe/Desktop/yassine/Vectorization/data/PatentData/ReorganisedData/EP3502452A1/EP3502452A1_F0001.tif,F02F
EP3502453A1,F0001,/home/safe/Desktop/yassine/Vectorization/data/PatentData/ReorganisedData/EP3502453A1/EP3502453A1_F0001.tif,F02F
EP3502454A1,A0001,/home/safe/Desktop/yassine/Vectorization/data/PatentData/ReorganisedData/EP3502454A1/EP3502454A1_A0001.tif,F02K
EP3502455A1,F0001,/home/safe/Desktop/yassine/Vectorization/data/PatentData/ReorganisedData/EP3502455A1/EP3502455A1_F0001.tif,F02K
EP3502456A1,A0001,/home/safe/Desktop/yassine/Vectorization/data/PatentData/ReorganisedData/EP3502456A1/EP3502456A1_A0001.tif,F02K
EP3502457A1,F0003,/home/safe/Desktop/yassine/Vectorization/data/PatentData/ReorganisedData/EP3502457A1/EP3502457A1_F0003.tif,F02M
EP3502458A1,A0001,/home/safe/Desktop/yassine/Vectorization/data/PatentData/ReorganisedData/EP3502458A1/EP3502458A1_A0001.tif,F02M
EP3502459A1,A0001,/home/safe/Desktop/yassine/Vectorization/data/PatentData/ReorganisedData/EP3502459A1/EP3502459A1_A0001.tif,F02M
EP3502460A1,F0002,/home/safe/Desktop/yassine/Vectorization/data/PatentData/ReorganisedData/EP3502460A1/EP3502460A1_F0002.tif,F02M
EP3502461A1,A0001,/home/safe/Desktop/yassine/Vectorization/data/PatentData/ReorganisedData/EP3502461A1/EP3502461A1_A0001.tif,F02M
EP3502462A1,A0001,/home/safe/Desktop/yassine/Vectorization/data/PatentData/ReorganisedData/EP3502462A1/EP3502462A1_A0001.tif,F03B
EP3502463A1,F0001,/home/safe/Desktop/yassine/Vectorization/data/PatentData/ReorganisedData/EP3502463A1/EP3502463A1_F0001.tif,F03D
EP3502464A1,A0001,/home/safe/Desktop/yassine/Vectorization/data/PatentData/ReorganisedData/EP3502464A1/EP3502464A1_A0001.tif,F03D
EP3502465A1,A0001,/home/safe/Desktop/yassine/Vectorization/data/PatentData/ReorganisedData/EP3502465A1/EP3502465A1_A0001.tif,F03D
EP3502466A1,F0001,/home/safe/Desktop/yassine/Vectorization/data/PatentData/ReorganisedData/EP3502466A1/EP3502466A1_F0001.tif,F03D
EP3502467A1,A0001,/home/safe/Desktop/yassine/Vectorization/data/PatentData/ReorganisedData/EP3502467A1/EP3502467A1_A0001.tif,F03D
EP3502468A1,A0001,/home/safe/Desktop/yassine/Vectorization/data/PatentData/ReorganisedData/EP3502468A1/EP3502468A1_A0001.tif,F03D
EP3502469A1,F0001,/home/safe/Desktop/yassine/Vectorization/data/PatentData/ReorganisedData/EP3502469A1/EP3502469A1_F0001.tif,F04B
EP3502470A1,A0001,/home/safe/Desktop/yassine/Vectorization/data/PatentData/ReorganisedData/EP3502470A1/EP3502470A1_A0001.tif,F04B
EP3502471A1,F0001,/home/safe/Desktop/yassine/Vectorization/data/PatentData/ReorganisedData/EP3502471A1/EP3502471A1_F0001.tif,F04B
EP3502472A1,F0002,/home/safe/Desktop/yassine/Vectorization/data/PatentData/ReorganisedData/EP3502472A1/EP3502472A1_F0002.tif,F04B
EP3502473A1,A0001,/home/safe/Desktop/yassine/Vectorization/data/PatentData/ReorganisedData/EP3502473A1/EP3502473A1_A0001.tif,F04B
EP3502474A1,A0001,/home/safe/Desktop/yassine/Vectorization/data/PatentData/ReorganisedData/EP3502474A1/EP3502474A1_A0001.tif,F04B
EP3502475A2,A0001,/home/safe/Desktop/yassine/Vectorization/data/PatentData/ReorganisedData/EP3502475A2/EP3502475A2_A0001.tif,F04B
EP3502476A1,A0001,/home/safe/Desktop/yassine/Vectorization/data/PatentData/ReorganisedData/EP3502476A1/EP3502476A1_A0001.tif,F04C
EP3502477A1,F0001,/home/safe/Desktop/yassine/Vectorization/data/PatentData/ReorganisedData/EP3502477A1/EP3502477A1_F0001.tif,F04C
EP3502478A1,A0001,/home/safe/Desktop/yassine/Vectorization/data/PatentData/ReorganisedData/EP3502478A1/EP3502478A1_A0001.tif,F04C
EP3502480A1,F0001,/home/safe/Desktop/yassine/Vectorization/data/PatentData/ReorganisedData/EP3502480A1/EP3502480A1_F0001.tif,F04D
EP3502481A1,F0001,/home/safe/Desktop/yassine/Vectorization/data/PatentData/ReorganisedData/EP3502481A1/EP3502481A1_F0001.tif,F04D
EP3502482A1,A0004,/home/safe/Desktop/yassine/Vectorization/data/PatentData/ReorganisedData/EP3502482A1/EP3502482A1_A0004.tif,F04D
EP3502483A1,A0001,/home/safe/Desktop/yassine/Vectorization/data/PatentData/ReorganisedData/EP3502483A1/EP3502483A1_A0001.tif,F04D
EP3502484A1,A0001,/home/safe/Desktop/yassine/Vectorization/data/PatentData/ReorganisedData/EP3502484A1/EP3502484A1_A0001.tif,F04D
EP3502485A1,A0001,/home/safe/Desktop/yassine/Vectorization/data/PatentData/ReorganisedData/EP3502485A1/EP3502485A1_A0001.tif,F04D
EP3502486A1,F0001,/home/safe/Desktop/yassine/Vectorization/data/PatentData/ReorganisedData/EP3502486A1/EP3502486A1_F0001.tif,F15B
EP3502487A1,A0001,/home/safe/Desktop/yassine/Vectorization/data/PatentData/ReorganisedData/EP3502487A1/EP3502487A1_A0001.tif,F15B
EP3502488A1,F0001,/home/safe/Desktop/yassine/Vectorization/data/PatentData/ReorganisedData/EP3502488A1/EP3502488A1_F0001.tif,F15B
EP3502489A1,A0001,/home/safe/Desktop/yassine/Vectorization/data/PatentData/ReorganisedData/EP3502489A1/EP3502489A1_A0001.tif,F16B
EP3502490A1,A0001,/home/safe/Desktop/yassine/Vectorization/data/PatentData/ReorganisedData/EP3502490A1/EP3502490A1_A0001.tif,F16B
EP3502491A1,A0001,/home/safe/Desktop/yassine/Vectorization/data/PatentData/ReorganisedData/EP3502491A1/EP3502491A1_A0001.tif,F16B
EP3502492A1,F0002,/home/safe/Desktop/yassine/Vectorization/data/PatentData/ReorganisedData/EP3502492A1/EP3502492A1_F0002.tif,F16B
EP3502493A1,A0001,/home/safe/Desktop/yassine/Vectorization/data/PatentData/ReorganisedData/EP3502493A1/EP3502493A1_A0001.tif,F16C
EP3502494A1,A0001,/home/safe/Desktop/yassine/Vectorization/data/PatentData/ReorganisedData/EP3502494A1/EP3502494A1_A0001.tif,F16C
EP3502495A1,A0001,/home/safe/Desktop/yassine/Vectorization/data/PatentData/ReorganisedData/EP3502495A1/EP3502495A1_A0001.tif,F16C
EP3502496A1,A0003,/home/safe/Desktop/yassine/Vectorization/data/PatentData/ReorganisedData/EP3502496A1/EP3502496A1_A0003.tif,F16C
EP3502497A1,F0001,/home/safe/Desktop/yassine/Vectorization/data/PatentData/ReorganisedData/EP3502497A1/EP3502497A1_F0001.tif,F16C
EP3502498A1,F0001,/home/safe/Desktop/yassine/Vectorization/data/PatentData/ReorganisedData/EP3502498A1/EP3502498A1_F0001.tif,F16C
EP3502499A1,A0001,/home/safe/Desktop/yassine/Vectorization/data/PatentData/ReorganisedData/EP3502499A1/EP3502499A1_A0001.tif,F16C
EP3502500A1,F0001,/home/safe/Desktop/yassine/Vectorization/data/PatentData/ReorganisedData/EP3502500A1/EP3502500A1_F0001.tif,F16C
EP3502501A1,A0001,/home/safe/Desktop/yassine/Vectorization/data/PatentData/ReorganisedData/EP3502501A1/EP3502501A1_A0001.tif,F16C
EP3502502A1,A0001,/home/safe/Desktop/yassine/Vectorization/data/PatentData/ReorganisedData/EP3502502A1/EP3502502A1_A0001.tif,F16D
EP3502503A1,A0001,/home/safe/Desktop/yassine/Vectorization/data/PatentData/ReorganisedData/EP3502503A1/EP3502503A1_A0001.tif,F16D
EP3502504A1,A0001,/home/safe/Desktop/yassine/Vectorization/data/PatentData/ReorganisedData/EP3502504A1/EP3502504A1_A0001.tif,F16D
EP3502505A1,F0001,/home/safe/Desktop/yassine/Vectorization/data/PatentData/ReorganisedData/EP3502505A1/EP3502505A1_F0001.tif,F16D
EP3502507A1,A0001,/home/safe/Desktop/yassine/Vectorization/data/PatentData/ReorganisedData/EP3502507A1/EP3502507A1_A0001.tif,F16D
EP3502508A1,A0001,/home/safe/Desktop/yassine/Vectorization/data/PatentData/ReorganisedData/EP3502508A1/EP3502508A1_A0001.tif,F16D
EP3502509A1,A0001,/home/safe/Desktop/yassine/Vectorization/data/PatentData/ReorganisedData/EP3502509A1/EP3502509A1_A0001.tif,F16G
EP3502511A1,F0002,/home/safe/Desktop/yassine/Vectorization/data/PatentData/ReorganisedData/EP3502511A1/EP3502511A1_F0002.tif,F16H
EP3502512A1,F0002,/home/safe/Desktop/yassine/Vectorization/data/PatentData/ReorganisedData/EP3502512A1/EP3502512A1_F0002.tif,F16H
EP3502513A1,A0001,/home/safe/Desktop/yassine/Vectorization/data/PatentData/ReorganisedData/EP3502513A1/EP3502513A1_A0001.tif,F16H
EP3502514A1,F0001,/home/safe/Desktop/yassine/Vectorization/data/PatentData/ReorganisedData/EP3502514A1/EP3502514A1_F0001.tif,F16H
EP3502515A1,F0002,/home/safe/Desktop/yassine/Vectorization/data/PatentData/ReorganisedData/EP3502515A1/EP3502515A1_F0002.tif,F16H
EP3502516A1,A0001,/home/safe/Desktop/yassine/Vectorization/data/PatentData/ReorganisedData/EP3502516A1/EP3502516A1_A0001.tif,F16H
EP3502517A1,A0001,/home/safe/Desktop/yassine/Vectorization/data/PatentData/ReorganisedData/EP3502517A1/EP3502517A1_A0001.tif,F16H
EP3502518A1,A0001,/home/safe/Desktop/yassine/Vectorization/data/PatentData/ReorganisedData/EP3502518A1/EP3502518A1_A0001.tif,F16H
EP3502519A1,A0001,/home/safe/Desktop/yassine/Vectorization/data/PatentData/ReorganisedData/EP3502519A1/EP3502519A1_A0001.tif,F16H
EP3502520A1,A0001,/home/safe/Desktop/yassine/Vectorization/data/PatentData/ReorganisedData/EP3502520A1/EP3502520A1_A0001.tif,F16H
EP3502521A1,A0001,/home/safe/Desktop/yassine/Vectorization/data/PatentData/ReorganisedData/EP3502521A1/EP3502521A1_A0001.tif,F16J
EP3502522A1,F0001,/home/safe/Desktop/yassine/Vectorization/data/PatentData/ReorganisedData/EP3502522A1/EP3502522A1_F0001.tif,F16J
EP3502523A1,A0001,/home/safe/Desktop/yassine/Vectorization/data/PatentData/ReorganisedData/EP3502523A1/EP3502523A1_A0001.tif,F16J
EP3502524A1,A0001,/home/safe/Desktop/yassine/Vectorization/data/PatentData/ReorganisedData/EP3502524A1/EP3502524A1_A0001.tif,F16J
EP3502530A1,A0001,/home/safe/Desktop/yassine/Vectorization/data/PatentData/ReorganisedData/EP3502530A1/EP3502530A1_A0001.tif,F16K
EP3502531A1,A0001,/home/safe/Desktop/yassine/Vectorization/data/PatentData/ReorganisedData/EP3502531A1/EP3502531A1_A0001.tif,F16K
EP3502532A1,A0001,/home/safe/Desktop/yassine/Vectorization/data/PatentData/ReorganisedData/EP3502532A1/EP3502532A1_A0001.tif,F16K
EP3502533A1,A0001,/home/safe/Desktop/yassine/Vectorization/data/PatentData/ReorganisedData/EP3502533A1/EP3502533A1_A0001.tif,F16L
EP3502534A1,A0001,/home/safe/Desktop/yassine/Vectorization/data/PatentData/ReorganisedData/EP3502534A1/EP3502534A1_A0001.tif,F16L
EP3502535A1,A0001,/home/safe/Desktop/yassine/Vectorization/data/PatentData/ReorganisedData/EP3502535A1/EP3502535A1_A0001.tif,F16L
EP3502537A1,A0001,/home/safe/Desktop/yassine/Vectorization/data/PatentData/ReorganisedData/EP3502537A1/EP3502537A1_A0001.tif,F16L
EP3502538A1,A0001,/home/safe/Desktop/yassine/Vectorization/data/PatentData/ReorganisedData/EP3502538A1/EP3502538A1_A0001.tif,F16P
EP3502539A1,A0001,/home/safe/Desktop/yassine/Vectorization/data/PatentData/ReorganisedData/EP3502539A1/EP3502539A1_A0001.tif,F16P
EP3502540A1,F0001,/home/safe/Desktop/yassine/Vectorization/data/PatentData/ReorganisedData/EP3502540A1/EP3502540A1_F0001.tif,F17C
EP3502541A1,A0001,/home/safe/Desktop/yassine/Vectorization/data/PatentData/ReorganisedData/EP3502541A1/EP3502541A1_A0001.tif,F17C
EP3502542A1,A0001,/home/safe/Desktop/yassine/Vectorization/data/PatentData/ReorganisedData/EP3502542A1/EP3502542A1_A0001.tif,F21K
EP3502543A1,A0001,/home/safe/Desktop/yassine/Vectorization/data/PatentData/ReorganisedData/EP3502543A1/EP3502543A1_A0001.tif,F21K
EP3502545A1,A0001,/home/safe/Desktop/yassine/Vectorization/data/PatentData/ReorganisedData/EP3502545A1/EP3502545A1_A0001.tif,F21S
EP3502546A1,F0002,/home/safe/Desktop/yassine/Vectorization/data/PatentData/ReorganisedData/EP3502546A1/EP3502546A1_F0002.tif,F21S
EP3502547A1,F0002,/home/safe/Desktop/yassine/Vectorization/data/PatentData/ReorganisedData/EP3502547A1/EP3502547A1_F0002.tif,F21S
EP3502548A1,A0001,/home/safe/Desktop/yassine/Vectorization/data/PatentData/ReorganisedData/EP3502548A1/EP3502548A1_A0001.tif,F21S
EP3502549A1,A0001,/home/safe/Desktop/yassine/Vectorization/data/PatentData/ReorganisedData/EP3502549A1/EP3502549A1_A0001.tif,F21S
EP3502550A1,A0001,/home/safe/Desktop/yassine/Vectorization/data/PatentData/ReorganisedData/EP3502550A1/EP3502550A1_A0001.tif,F21S
EP3502551A1,A0001,/home/safe/Desktop/yassine/Vectorization/data/PatentData/ReorganisedData/EP3502551A1/EP3502551A1_A0001.tif,F21S
EP3502552A1,A0001,/home/safe/Desktop/yassine/Vectorization/data/PatentData/ReorganisedData/EP3502552A1/EP3502552A1_A0001.tif,F21S
EP3502553A1,A0001,/home/safe/Desktop/yassine/Vectorization/data/PatentData/ReorganisedData/EP3502553A1/EP3502553A1_A0001.tif,F21S
EP3502554A1,A0001,/home/safe/Desktop/yassine/Vectorization/data/PatentData/ReorganisedData/EP3502554A1/EP3502554A1_A0001.tif,F21S
EP3502555A1,A0001,/home/safe/Desktop/yassine/Vectorization/data/PatentData/ReorganisedData/EP3502555A1/EP3502555A1_A0001.tif,F21S
EP3502556A1,A0001,/home/safe/Desktop/yassine/Vectorization/data/PatentData/ReorganisedData/EP3502556A1/EP3502556A1_A0001.tif,F21S
EP3502557A1,A0001,/home/safe/Desktop/yassine/Vectorization/data/PatentData/ReorganisedData/EP3502557A1/EP3502557A1_A0001.tif,F21V
EP3502558A1,A0001,/home/safe/Desktop/yassine/Vectorization/data/PatentData/ReorganisedData/EP3502558A1/EP3502558A1_A0001.tif,F22G
EP3502559A1,A0001,/home/safe/Desktop/yassine/Vectorization/data/PatentData/ReorganisedData/EP3502559A1/EP3502559A1_A0001.tif,F23C
EP3502560A1,F0001,/home/safe/Desktop/yassine/Vectorization/data/PatentData/ReorganisedData/EP3502560A1/EP3502560A1_F0001.tif,F23G
EP3502561A1,A0001,/home/safe/Desktop/yassine/Vectorization/data/PatentData/ReorganisedData/EP3502561A1/EP3502561A1_A0001.tif,F23R
EP3502562A1,F0001,/home/safe/Desktop/yassine/Vectorization/data/PatentData/ReorganisedData/EP3502562A1/EP3502562A1_F0001.tif,F23R
EP3502563A2,F0001,/home/safe/Desktop/yassine/Vectorization/data/PatentData/ReorganisedData/EP3502563A2/EP3502563A2_F0001.tif,F23R
EP3502564A1,F0001,/home/safe/Desktop/yassine/Vectorization/data/PatentData/ReorganisedData/EP3502564A1/EP3502564A1_F0001.tif,F23R
EP3502565A1,F0001,/home/safe/Desktop/yassine/Vectorization/data/PatentData/ReorganisedData/EP3502565A1/EP3502565A1_F0001.tif,F23R
EP3502566A1,F0001,/home/safe/Desktop/yassine/Vectorization/data/PatentData/ReorganisedData/EP3502566A1/EP3502566A1_F0001.tif,F23R
EP3502568A1,F0001,/home/safe/Desktop/yassine/Vectorization/data/PatentData/ReorganisedData/EP3502568A1/EP3502568A1_F0001.tif,F24C
EP3502569A1,A0001,/home/safe/Desktop/yassine/Vectorization/data/PatentData/ReorganisedData/EP3502569A1/EP3502569A1_A0001.tif,F24C
EP3502570A1,F0003,/home/safe/Desktop/yassine/Vectorization/data/PatentData/ReorganisedData/EP3502570A1/EP3502570A1_F0003.tif,F24C
EP3502571A1,A0001,/home/safe/Desktop/yassine/Vectorization/data/PatentData/ReorganisedData/EP3502571A1/EP3502571A1_A0001.tif,F24C
EP3502572A1,F0001,/home/safe/Desktop/yassine/Vectorization/data/PatentData/ReorganisedData/EP3502572A1/EP3502572A1_F0001.tif,F24C
EP3502573A1,F0001,/home/safe/Desktop/yassine/Vectorization/data/PatentData/ReorganisedData/EP3502573A1/EP3502573A1_F0001.tif,F24C
EP3502575A1,F0001,/home/safe/Desktop/yassine/Vectorization/data/PatentData/ReorganisedData/EP3502575A1/EP3502575A1_F0001.tif,F24D
EP3502576A1,A0001,/home/safe/Desktop/yassine/Vectorization/data/PatentData/ReorganisedData/EP3502576A1/EP3502576A1_A0001.tif,F24F
EP3502578A1,F0002,/home/safe/Desktop/yassine/Vectorization/data/PatentData/ReorganisedData/EP3502578A1/EP3502578A1_F0002.tif,F24F
EP3502579A1,F0008,/home/safe/Desktop/yassine/Vectorization/data/PatentData/ReorganisedData/EP3502579A1/EP3502579A1_F0008.tif,F24F
EP3502580A1,F0001,/home/safe/Desktop/yassine/Vectorization/data/PatentData/ReorganisedData/EP3502580A1/EP3502580A1_F0001.tif,F24F
EP3502581A1,A0001,/home/safe/Desktop/yassine/Vectorization/data/PatentData/ReorganisedData/EP3502581A1/EP3502581A1_A0001.tif,F24F
EP3502582A1,F0001,/home/safe/Desktop/yassine/Vectorization/data/PatentData/ReorganisedData/EP3502582A1/EP3502582A1_F0001.tif,F24F
EP3502583A1,A0001,/home/safe/Desktop/yassine/Vectorization/data/PatentData/ReorganisedData/EP3502583A1/EP3502583A1_A0001.tif,F24H
EP3502584A1,F0001,/home/safe/Desktop/yassine/Vectorization/data/PatentData/ReorganisedData/EP3502584A1/EP3502584A1_F0001.tif,F24T
EP3502585A1,A0001,/home/safe/Desktop/yassine/Vectorization/data/PatentData/ReorganisedData/EP3502585A1/EP3502585A1_A0001.tif,F25B
EP3502586A1,A0001,/home/safe/Desktop/yassine/Vectorization/data/PatentData/ReorganisedData/EP3502586A1/EP3502586A1_A0001.tif,F25B
EP3502588A1,F0007,/home/safe/Desktop/yassine/Vectorization/data/PatentData/ReorganisedData/EP3502588A1/EP3502588A1_F0007.tif,F25B
EP3502589A1,F0004,/home/safe/Desktop/yassine/Vectorization/data/PatentData/ReorganisedData/EP3502589A1/EP3502589A1_F0004.tif,F25B
EP3502590A1,F0001,/home/safe/Desktop/yassine/Vectorization/data/PatentData/ReorganisedData/EP3502590A1/EP3502590A1_F0001.tif,F25B
EP3502591A1,A0001,/home/safe/Desktop/yassine/Vectorization/data/PatentData/ReorganisedData/EP3502591A1/EP3502591A1_A0001.tif,F25B
EP3502592A1,F0001,/home/safe/Desktop/yassine/Vectorization/data/PatentData/ReorganisedData/EP3502592A1/EP3502592A1_F0001.tif,F25B
EP3502593A1,A0001,/home/safe/Desktop/yassine/Vectorization/data/PatentData/ReorganisedData/EP3502593A1/EP3502593A1_A0001.tif,F25B
EP3502594A1,A0001,/home/safe/Desktop/yassine/Vectorization/data/PatentData/ReorganisedData/EP3502594A1/EP3502594A1_A0001.tif,F25D
EP3502595A1,A0001,/home/safe/Desktop/yassine/Vectorization/data/PatentData/ReorganisedData/EP3502595A1/EP3502595A1_A0001.tif,F25D
EP3502596A1,F0001,/home/safe/Desktop/yassine/Vectorization/data/PatentData/ReorganisedData/EP3502596A1/EP3502596A1_F0001.tif,F25D
EP3502597A1,A0001,/home/safe/Desktop/yassine/Vectorization/data/PatentData/ReorganisedData/EP3502597A1/EP3502597A1_A0001.tif,F25D
EP3502598A1,F0001,/home/safe/Desktop/yassine/Vectorization/data/PatentData/ReorganisedData/EP3502598A1/EP3502598A1_F0001.tif,F25D
EP3502599A1,F0001,/home/safe/Desktop/yassine/Vectorization/data/PatentData/ReorganisedData/EP3502599A1/EP3502599A1_F0001.tif,F25D
EP3502600A1,F0001,/home/safe/Desktop/yassine/Vectorization/data/PatentData/ReorganisedData/EP3502600A1/EP3502600A1_F0001.tif,F25D
EP3502601A1,A0001,/home/safe/Desktop/yassine/Vectorization/data/PatentData/ReorganisedData/EP3502601A1/EP3502601A1_A0001.tif,F25D
EP3502602A1,F0001,/home/safe/Desktop/yassine/Vectorization/data/PatentData/ReorganisedData/EP3502602A1/EP3502602A1_F0001.tif,F25D
EP3502603A1,F0001,/home/safe/Desktop/yassine/Vectorization/data/PatentData/ReorganisedData/EP3502603A1/EP3502603A1_F0001.tif,F25D
EP3502604A1,F0001,/home/safe/Desktop/yassine/Vectorization/data/PatentData/ReorganisedData/EP3502604A1/EP3502604A1_F0001.tif,F26B
EP3502605A1,F0002,/home/safe/Desktop/yassine/Vectorization/data/PatentData/ReorganisedData/EP3502605A1/EP3502605A1_F0002.tif,F27B
EP3502606A1,F0001,/home/safe/Desktop/yassine/Vectorization/data/PatentData/ReorganisedData/EP3502606A1/EP3502606A1_F0001.tif,F28D
EP3502607A1,A0001,/home/safe/Desktop/yassine/Vectorization/data/PatentData/ReorganisedData/EP3502607A1/EP3502607A1_A0001.tif,F28F
EP3502608A1,F0001,/home/safe/Desktop/yassine/Vectorization/data/PatentData/ReorganisedData/EP3502608A1/EP3502608A1_F0001.tif,F28F
EP3502609A1,F0001,/home/safe/Desktop/yassine/Vectorization/data/PatentData/ReorganisedData/EP3502609A1/EP3502609A1_F0001.tif,F28F
EP3502610A1,A0001,/home/safe/Desktop/yassine/Vectorization/data/PatentData/ReorganisedData/EP3502610A1/EP3502610A1_A0001.tif,F42B
