patent_id,sketch_id,input_path
EP1513674B2,F0001,/home/safe/Desktop/yassine/Vectorization/data/PatentData/ReorganisedData/EP1513674B2/EP1513674B2_F0001.tif
EP1533495B1,F0001,/home/safe/Desktop/yassine/Vectorization/data/PatentData/ReorganisedData/EP1533495B1/EP1533495B1_F0001.tif
EP1566534B1,F0001,/home/safe/Desktop/yassine/Vectorization/data/PatentData/ReorganisedData/EP1566534B1/EP1566534B1_F0001.tif
EP1577523B1,F0001,/home/safe/Desktop/yassine/Vectorization/data/PatentData/ReorganisedData/EP1577523B1/EP1577523B1_F0001.tif
EP1610011B1,F0001,/home/safe/Desktop/yassine/Vectorization/data/PatentData/ReorganisedData/EP1610011B1/EP1610011B1_F0001.tif
EP1679458B1,F0001,/home/safe/Desktop/yassine/Vectorization/data/PatentData/ReorganisedData/EP1679458B1/EP1679458B1_F0001.tif
EP1707345B1,F0001,/home/safe/Desktop/yassine/Vectorization/data/PatentData/ReorganisedData/EP1707345B1/EP1707345B1_F0001.tif
EP1719948B1,F0002,/home/safe/Desktop/yassine/Vectorization/data/PatentData/ReorganisedData/EP1719948B1/EP1719948B1_F0002.tif
EP1748173B1,F0001,/home/safe/Desktop/yassine/Vectorization/data/PatentData/ReorganisedData/EP1748173B1/EP1748173B1_F0001.tif
EP1786646B1,F0001,/home/safe/Desktop/yassine/Vectorization/data/PatentData/ReorganisedData/EP1786646B1/EP1786646B1_F0001.tif
EP1800724B1,F0001,/home/safe/Desktop/yassine/Vectorization/data/PatentData/ReorganisedData/EP1800724B1/EP1800724B1_F0001.tif
EP1802892B1,F0002,/home/safe/Desktop/yassine/Vectorization/data/PatentData/ReorganisedData/EP1802892B1/EP1802892B1_F0002.tif
EP1819442B1,F0001,/home/safe/Desktop/yassine/Vectorization/data/PatentData/ReorganisedData/EP1819442B1/EP1819442B1_F0001.tif
EP1827932B1,F0003,/home/safe/Desktop/yassine/Vectorization/data/PatentData/ReorganisedData/EP1827932B1/EP1827932B1_F0003.tif
EP1849520B1,F0001,/home/safe/Desktop/yassine/Vectorization/data/PatentData/ReorganisedData/EP1849520B1/EP1849520B1_F0001.tif
EP1850193B1,F0001,/home/safe/Desktop/yassine/Vectorization/data/PatentData/ReorganisedData/EP1850193B1/EP1850193B1_F0001.tif
EP1869391B1,F0001,/home/safe/Desktop/yassine/Vectorization/data/PatentData/ReorganisedData/EP1869391B1/EP1869391B1_F0001.tif
EP1870598B1,F0001,/home/safe/Desktop/yassine/Vectorization/data/PatentData/ReorganisedData/EP1870598B1/EP1870598B1_F0001.tif
EP1875113B1,F0001,/home/safe/Desktop/yassine/Vectorization/data/PatentData/ReorganisedData/EP1875113B1/EP1875113B1_F0001.tif
EP1876009B1,F0001,/home/safe/Desktop/yassine/Vectorization/data/PatentData/ReorganisedData/EP1876009B1/EP1876009B1_F0001.tif
EP1914413B1,F0001,/home/safe/Desktop/yassine/Vectorization/data/PatentData/ReorganisedData/EP1914413B1/EP1914413B1_F0001.tif
EP1943437B1,F0002,/home/safe/Desktop/yassine/Vectorization/data/PatentData/ReorganisedData/EP1943437B1/EP1943437B1_F0002.tif
EP1980713B1,F0001,/home/safe/Desktop/yassine/Vectorization/data/PatentData/ReorganisedData/EP1980713B1/EP1980713B1_F0001.tif
EP1985807B1,F0002,/home/safe/Desktop/yassine/Vectorization/data/PatentData/ReorganisedData/EP1985807B1/EP1985807B1_F0002.tif
EP1990253B1,F0001,/home/safe/Desktop/yassine/Vectorization/data/PatentData/ReorganisedData/EP1990253B1/EP1990253B1_F0001.tif
EP1998181B1,F0001,/home/safe/Desktop/yassine/Vectorization/data/PatentData/ReorganisedData/EP1998181B1/EP1998181B1_F0001.tif
EP2000273B1,F0002,/home/safe/Desktop/yassine/Vectorization/data/PatentData/ReorganisedData/EP2000273B1/EP2000273B1_F0002.tif
EP2013481B1,F0001,/home/safe/Desktop/yassine/Vectorization/data/PatentData/ReorganisedData/EP2013481B1/EP2013481B1_F0001.tif
EP2015921B1,F0001,/home/safe/Desktop/yassine/Vectorization/data/PatentData/ReorganisedData/EP2015921B1/EP2015921B1_F0001.tif
EP2016281B1,F0001,/home/safe/Desktop/yassine/Vectorization/data/PatentData/ReorganisedData/EP2016281B1/EP2016281B1_F0001.tif
EP2023062B1,F0001,/home/safe/Desktop/yassine/Vectorization/data/PatentData/ReorganisedData/EP2023062B1/EP2023062B1_F0001.tif
EP2032264B2,F0001,/home/safe/Desktop/yassine/Vectorization/data/PatentData/ReorganisedData/EP2032264B2/EP2032264B2_F0001.tif
EP2045530B1,F0001,/home/safe/Desktop/yassine/Vectorization/data/PatentData/ReorganisedData/EP2045530B1/EP2045530B1_F0001.tif
EP2052853B1,F0001,/home/safe/Desktop/yassine/Vectorization/data/PatentData/ReorganisedData/EP2052853B1/EP2052853B1_F0001.tif
EP2062648B1,F0001,/home/safe/Desktop/yassine/Vectorization/data/PatentData/ReorganisedData/EP2062648B1/EP2062648B1_F0001.tif
EP2080966B1,F0002,/home/safe/Desktop/yassine/Vectorization/data/PatentData/ReorganisedData/EP2080966B1/EP2080966B1_F0002.tif
EP2095342B1,F0004,/home/safe/Desktop/yassine/Vectorization/data/PatentData/ReorganisedData/EP2095342B1/EP2095342B1_F0004.tif
EP2107004B2,F0001,/home/safe/Desktop/yassine/Vectorization/data/PatentData/ReorganisedData/EP2107004B2/EP2107004B2_F0001.tif
EP2125440B1,F0001,/home/safe/Desktop/yassine/Vectorization/data/PatentData/ReorganisedData/EP2125440B1/EP2125440B1_F0001.tif
EP2125441B1,F0001,/home/safe/Desktop/yassine/Vectorization/data/PatentData/ReorganisedData/EP2125441B1/EP2125441B1_F0001.tif
EP2126492B1,F0003,/home/safe/Desktop/yassine/Vectorization/data/PatentData/ReorganisedData/EP2126492B1/EP2126492B1_F0003.tif
EP2142400B1,F0001,/home/safe/Desktop/yassine/Vectorization/data/PatentData/ReorganisedData/EP2142400B1/EP2142400B1_F0001.tif
EP2150488B1,F0001,/home/safe/Desktop/yassine/Vectorization/data/PatentData/ReorganisedData/EP2150488B1/EP2150488B1_F0001.tif
EP2154382B1,F0002,/home/safe/Desktop/yassine/Vectorization/data/PatentData/ReorganisedData/EP2154382B1/EP2154382B1_F0002.tif
EP2155485B1,F0001,/home/safe/Desktop/yassine/Vectorization/data/PatentData/ReorganisedData/EP2155485B1/EP2155485B1_F0001.tif
EP2165963B1,F0001,/home/safe/Desktop/yassine/Vectorization/data/PatentData/ReorganisedData/EP2165963B1/EP2165963B1_F0001.tif
EP2166249B1,F0001,/home/safe/Desktop/yassine/Vectorization/data/PatentData/ReorganisedData/EP2166249B1/EP2166249B1_F0001.tif
EP2172647B1,F0002,/home/safe/Desktop/yassine/Vectorization/data/PatentData/ReorganisedData/EP2172647B1/EP2172647B1_F0002.tif
EP2173500B1,F0001,/home/safe/Desktop/yassine/Vectorization/data/PatentData/ReorganisedData/EP2173500B1/EP2173500B1_F0001.tif
EP2202419B1,F0001,/home/safe/Desktop/yassine/Vectorization/data/PatentData/ReorganisedData/EP2202419B1/EP2202419B1_F0001.tif
EP2203210B1,F0001,/home/safe/Desktop/yassine/Vectorization/data/PatentData/ReorganisedData/EP2203210B1/EP2203210B1_F0001.tif
EP2229241B1,F0001,/home/safe/Desktop/yassine/Vectorization/data/PatentData/ReorganisedData/EP2229241B1/EP2229241B1_F0001.tif
EP2256398B1,F0002,/home/safe/Desktop/yassine/Vectorization/data/PatentData/ReorganisedData/EP2256398B1/EP2256398B1_F0002.tif
EP2263807B1,F0004,/home/safe/Desktop/yassine/Vectorization/data/PatentData/ReorganisedData/EP2263807B1/EP2263807B1_F0004.tif
EP2283293B1,F0001,/home/safe/Desktop/yassine/Vectorization/data/PatentData/ReorganisedData/EP2283293B1/EP2283293B1_F0001.tif
EP2295922B1,F0001,/home/safe/Desktop/yassine/Vectorization/data/PatentData/ReorganisedData/EP2295922B1/EP2295922B1_F0001.tif
EP2298502B1,F0003,/home/safe/Desktop/yassine/Vectorization/data/PatentData/ReorganisedData/EP2298502B1/EP2298502B1_F0003.tif
EP2299095B1,F0001,/home/safe/Desktop/yassine/Vectorization/data/PatentData/ReorganisedData/EP2299095B1/EP2299095B1_F0001.tif
EP2303471B1,F0001,/home/safe/Desktop/yassine/Vectorization/data/PatentData/ReorganisedData/EP2303471B1/EP2303471B1_F0001.tif
EP2315995B1,F0002,/home/safe/Desktop/yassine/Vectorization/data/PatentData/ReorganisedData/EP2315995B1/EP2315995B1_F0002.tif
EP2318773B1,F0001,/home/safe/Desktop/yassine/Vectorization/data/PatentData/ReorganisedData/EP2318773B1/EP2318773B1_F0001.tif
EP2326901B1,F0001,/home/safe/Desktop/yassine/Vectorization/data/PatentData/ReorganisedData/EP2326901B1/EP2326901B1_F0001.tif
EP2335844B1,F0001,/home/safe/Desktop/yassine/Vectorization/data/PatentData/ReorganisedData/EP2335844B1/EP2335844B1_F0001.tif
EP2336030B1,F0001,/home/safe/Desktop/yassine/Vectorization/data/PatentData/ReorganisedData/EP2336030B1/EP2336030B1_F0001.tif
EP2341975B1,F0001,/home/safe/Desktop/yassine/Vectorization/data/PatentData/ReorganisedData/EP2341975B1/EP2341975B1_F0001.tif
EP2347176B1,F0001,/home/safe/Desktop/yassine/Vectorization/data/PatentData/ReorganisedData/EP2347176B1/EP2347176B1_F0001.tif
EP2349903B1,F0001,/home/safe/Desktop/yassine/Vectorization/data/PatentData/ReorganisedData/EP2349903B1/EP2349903B1_F0001.tif
EP2356359B1,F0001,/home/safe/Desktop/yassine/Vectorization/data/PatentData/ReorganisedData/EP2356359B1/EP2356359B1_F0001.tif
EP2358459B1,F0001,/home/safe/Desktop/yassine/Vectorization/data/PatentData/ReorganisedData/EP2358459B1/EP2358459B1_F0001.tif
EP2365258B1,F0002,/home/safe/Desktop/yassine/Vectorization/data/PatentData/ReorganisedData/EP2365258B1/EP2365258B1_F0002.tif
EP2375003B1,F0002,/home/safe/Desktop/yassine/Vectorization/data/PatentData/ReorganisedData/EP2375003B1/EP2375003B1_F0002.tif
EP2375142B1,F0001,/home/safe/Desktop/yassine/Vectorization/data/PatentData/ReorganisedData/EP2375142B1/EP2375142B1_F0001.tif
EP2378209B1,F0001,/home/safe/Desktop/yassine/Vectorization/data/PatentData/ReorganisedData/EP2378209B1/EP2378209B1_F0001.tif
EP2383037B1,F0002,/home/safe/Desktop/yassine/Vectorization/data/PatentData/ReorganisedData/EP2383037B1/EP2383037B1_F0002.tif
EP2383441B1,F0001,/home/safe/Desktop/yassine/Vectorization/data/PatentData/ReorganisedData/EP2383441B1/EP2383441B1_F0001.tif
EP2388142B2,F0001,/home/safe/Desktop/yassine/Vectorization/data/PatentData/ReorganisedData/EP2388142B2/EP2388142B2_F0001.tif
EP2391454B1,F0002,/home/safe/Desktop/yassine/Vectorization/data/PatentData/ReorganisedData/EP2391454B1/EP2391454B1_F0002.tif
EP2395222B1,F0001,/home/safe/Desktop/yassine/Vectorization/data/PatentData/ReorganisedData/EP2395222B1/EP2395222B1_F0001.tif
EP2398607B1,F0005,/home/safe/Desktop/yassine/Vectorization/data/PatentData/ReorganisedData/EP2398607B1/EP2398607B1_F0005.tif
EP2401117B1,F0001,/home/safe/Desktop/yassine/Vectorization/data/PatentData/ReorganisedData/EP2401117B1/EP2401117B1_F0001.tif
EP2402669B1,F0002,/home/safe/Desktop/yassine/Vectorization/data/PatentData/ReorganisedData/EP2402669B1/EP2402669B1_F0002.tif
EP2417360B1,F0001,/home/safe/Desktop/yassine/Vectorization/data/PatentData/ReorganisedData/EP2417360B1/EP2417360B1_F0001.tif
EP2417881B1,F0001,/home/safe/Desktop/yassine/Vectorization/data/PatentData/ReorganisedData/EP2417881B1/EP2417881B1_F0001.tif
EP2418147B1,F0003,/home/safe/Desktop/yassine/Vectorization/data/PatentData/ReorganisedData/EP2418147B1/EP2418147B1_F0003.tif
EP2419361B1,F0001,/home/safe/Desktop/yassine/Vectorization/data/PatentData/ReorganisedData/EP2419361B1/EP2419361B1_F0001.tif
EP2419692B1,F0001,/home/safe/Desktop/yassine/Vectorization/data/PatentData/ReorganisedData/EP2419692B1/EP2419692B1_F0001.tif
EP2420653B1,F0001,/home/safe/Desktop/yassine/Vectorization/data/PatentData/ReorganisedData/EP2420653B1/EP2420653B1_F0001.tif
EP2422135B1,F0001,/home/safe/Desktop/yassine/Vectorization/data/PatentData/ReorganisedData/EP2422135B1/EP2422135B1_F0001.tif
EP2424670B1,F0001,/home/safe/Desktop/yassine/Vectorization/data/PatentData/ReorganisedData/EP2424670B1/EP2424670B1_F0001.tif
EP2426430B1,F0001,/home/safe/Desktop/yassine/Vectorization/data/PatentData/ReorganisedData/EP2426430B1/EP2426430B1_F0001.tif
EP2430303B1,F0002,/home/safe/Desktop/yassine/Vectorization/data/PatentData/ReorganisedData/EP2430303B1/EP2430303B1_F0002.tif
EP2435260B1,F0001,/home/safe/Desktop/yassine/Vectorization/data/PatentData/ReorganisedData/EP2435260B1/EP2435260B1_F0001.tif
EP2439138B1,F0003,/home/safe/Desktop/yassine/Vectorization/data/PatentData/ReorganisedData/EP2439138B1/EP2439138B1_F0003.tif
EP2451576B1,F0001,/home/safe/Desktop/yassine/Vectorization/data/PatentData/ReorganisedData/EP2451576B1/EP2451576B1_F0001.tif
EP2453150B2,F0001,/home/safe/Desktop/yassine/Vectorization/data/PatentData/ReorganisedData/EP2453150B2/EP2453150B2_F0001.tif
EP2454492B1,F0001,/home/safe/Desktop/yassine/Vectorization/data/PatentData/ReorganisedData/EP2454492B1/EP2454492B1_F0001.tif
EP2454524B1,F0002,/home/safe/Desktop/yassine/Vectorization/data/PatentData/ReorganisedData/EP2454524B1/EP2454524B1_F0002.tif
EP2455176B1,F0001,/home/safe/Desktop/yassine/Vectorization/data/PatentData/ReorganisedData/EP2455176B1/EP2455176B1_F0001.tif
EP2461035B1,F0002,/home/safe/Desktop/yassine/Vectorization/data/PatentData/ReorganisedData/EP2461035B1/EP2461035B1_F0002.tif
EP2463135B1,F0005,/home/safe/Desktop/yassine/Vectorization/data/PatentData/ReorganisedData/EP2463135B1/EP2463135B1_F0005.tif
EP2474381B1,F0001,/home/safe/Desktop/yassine/Vectorization/data/PatentData/ReorganisedData/EP2474381B1/EP2474381B1_F0001.tif
EP2479496B1,F0001,/home/safe/Desktop/yassine/Vectorization/data/PatentData/ReorganisedData/EP2479496B1/EP2479496B1_F0001.tif
EP2489554B1,F0001,/home/safe/Desktop/yassine/Vectorization/data/PatentData/ReorganisedData/EP2489554B1/EP2489554B1_F0001.tif
EP2489896B1,F0002,/home/safe/Desktop/yassine/Vectorization/data/PatentData/ReorganisedData/EP2489896B1/EP2489896B1_F0002.tif
EP2493754B1,F0001,/home/safe/Desktop/yassine/Vectorization/data/PatentData/ReorganisedData/EP2493754B1/EP2493754B1_F0001.tif
EP2495453B1,F0001,/home/safe/Desktop/yassine/Vectorization/data/PatentData/ReorganisedData/EP2495453B1/EP2495453B1_F0001.tif
EP2496339B1,F0003,/home/safe/Desktop/yassine/Vectorization/data/PatentData/ReorganisedData/EP2496339B1/EP2496339B1_F0003.tif
EP2500523B1,F0001,/home/safe/Desktop/yassine/Vectorization/data/PatentData/ReorganisedData/EP2500523B1/EP2500523B1_F0001.tif
EP2512906B1,F0001,/home/safe/Desktop/yassine/Vectorization/data/PatentData/ReorganisedData/EP2512906B1/EP2512906B1_F0001.tif
EP2514550B1,F0001,/home/safe/Desktop/yassine/Vectorization/data/PatentData/ReorganisedData/EP2514550B1/EP2514550B1_F0001.tif
EP2516833B1,F0001,/home/safe/Desktop/yassine/Vectorization/data/PatentData/ReorganisedData/EP2516833B1/EP2516833B1_F0001.tif
EP2517857B1,F0001,/home/safe/Desktop/yassine/Vectorization/data/PatentData/ReorganisedData/EP2517857B1/EP2517857B1_F0001.tif
EP2518408B1,F0001,/home/safe/Desktop/yassine/Vectorization/data/PatentData/ReorganisedData/EP2518408B1/EP2518408B1_F0001.tif
EP2519434B1,F0001,/home/safe/Desktop/yassine/Vectorization/data/PatentData/ReorganisedData/EP2519434B1/EP2519434B1_F0001.tif
EP2522816B1,F0004,/home/safe/Desktop/yassine/Vectorization/data/PatentData/ReorganisedData/EP2522816B1/EP2522816B1_F0004.tif
EP2527082B1,F0002,/home/safe/Desktop/yassine/Vectorization/data/PatentData/ReorganisedData/EP2527082B1/EP2527082B1_F0002.tif
EP2527131B1,F0001,/home/safe/Desktop/yassine/Vectorization/data/PatentData/ReorganisedData/EP2527131B1/EP2527131B1_F0001.tif
EP2527197B1,F0001,/home/safe/Desktop/yassine/Vectorization/data/PatentData/ReorganisedData/EP2527197B1/EP2527197B1_F0001.tif
EP2528694B1,F0001,/home/safe/Desktop/yassine/Vectorization/data/PatentData/ReorganisedData/EP2528694B1/EP2528694B1_F0001.tif
EP2537626B1,F0002,/home/safe/Desktop/yassine/Vectorization/data/PatentData/ReorganisedData/EP2537626B1/EP2537626B1_F0002.tif
EP2539591B1,F0001,/home/safe/Desktop/yassine/Vectorization/data/PatentData/ReorganisedData/EP2539591B1/EP2539591B1_F0001.tif
EP2543863B1,F0001,/home/safe/Desktop/yassine/Vectorization/data/PatentData/ReorganisedData/EP2543863B1/EP2543863B1_F0001.tif
EP2545276B1,F0001,/home/safe/Desktop/yassine/Vectorization/data/PatentData/ReorganisedData/EP2545276B1/EP2545276B1_F0001.tif
EP2546049B1,F0001,/home/safe/Desktop/yassine/Vectorization/data/PatentData/ReorganisedData/EP2546049B1/EP2546049B1_F0001.tif
EP2547531B1,F0001,/home/safe/Desktop/yassine/Vectorization/data/PatentData/ReorganisedData/EP2547531B1/EP2547531B1_F0001.tif
EP2551462B1,F0001,/home/safe/Desktop/yassine/Vectorization/data/PatentData/ReorganisedData/EP2551462B1/EP2551462B1_F0001.tif
EP2551506B1,F0002,/home/safe/Desktop/yassine/Vectorization/data/PatentData/ReorganisedData/EP2551506B1/EP2551506B1_F0002.tif
EP2553253B1,F0001,/home/safe/Desktop/yassine/Vectorization/data/PatentData/ReorganisedData/EP2553253B1/EP2553253B1_F0001.tif
EP2556890B1,F0001,/home/safe/Desktop/yassine/Vectorization/data/PatentData/ReorganisedData/EP2556890B1/EP2556890B1_F0001.tif
EP2558387B1,F0001,/home/safe/Desktop/yassine/Vectorization/data/PatentData/ReorganisedData/EP2558387B1/EP2558387B1_F0001.tif
EP2560814B1,F0004,/home/safe/Desktop/yassine/Vectorization/data/PatentData/ReorganisedData/EP2560814B1/EP2560814B1_F0004.tif
EP2560822B1,F0001,/home/safe/Desktop/yassine/Vectorization/data/PatentData/ReorganisedData/EP2560822B1/EP2560822B1_F0001.tif
EP2561252B1,F0002,/home/safe/Desktop/yassine/Vectorization/data/PatentData/ReorganisedData/EP2561252B1/EP2561252B1_F0002.tif
EP2561287B1,F0001,/home/safe/Desktop/yassine/Vectorization/data/PatentData/ReorganisedData/EP2561287B1/EP2561287B1_F0001.tif
EP2563569B1,F0001,/home/safe/Desktop/yassine/Vectorization/data/PatentData/ReorganisedData/EP2563569B1/EP2563569B1_F0001.tif
EP2565056B1,F0001,/home/safe/Desktop/yassine/Vectorization/data/PatentData/ReorganisedData/EP2565056B1/EP2565056B1_F0001.tif
EP2565460B1,F0003,/home/safe/Desktop/yassine/Vectorization/data/PatentData/ReorganisedData/EP2565460B1/EP2565460B1_F0003.tif
EP2567097B1,F0001,/home/safe/Desktop/yassine/Vectorization/data/PatentData/ReorganisedData/EP2567097B1/EP2567097B1_F0001.tif
EP2577104B1,F0006,/home/safe/Desktop/yassine/Vectorization/data/PatentData/ReorganisedData/EP2577104B1/EP2577104B1_F0006.tif
EP2578884B1,F0001,/home/safe/Desktop/yassine/Vectorization/data/PatentData/ReorganisedData/EP2578884B1/EP2578884B1_F0001.tif
EP2585772B1,F0001,/home/safe/Desktop/yassine/Vectorization/data/PatentData/ReorganisedData/EP2585772B1/EP2585772B1_F0001.tif
EP2586971B1,F0001,/home/safe/Desktop/yassine/Vectorization/data/PatentData/ReorganisedData/EP2586971B1/EP2586971B1_F0001.tif
EP2591909B1,F0004,/home/safe/Desktop/yassine/Vectorization/data/PatentData/ReorganisedData/EP2591909B1/EP2591909B1_F0004.tif
EP2592231B1,F0001,/home/safe/Desktop/yassine/Vectorization/data/PatentData/ReorganisedData/EP2592231B1/EP2592231B1_F0001.tif
EP2592232B1,F0001,/home/safe/Desktop/yassine/Vectorization/data/PatentData/ReorganisedData/EP2592232B1/EP2592232B1_F0001.tif
EP2592280B1,F0004,/home/safe/Desktop/yassine/Vectorization/data/PatentData/ReorganisedData/EP2592280B1/EP2592280B1_F0004.tif
EP2596958B1,F0002,/home/safe/Desktop/yassine/Vectorization/data/PatentData/ReorganisedData/EP2596958B1/EP2596958B1_F0002.tif
EP2598245B1,F0001,/home/safe/Desktop/yassine/Vectorization/data/PatentData/ReorganisedData/EP2598245B1/EP2598245B1_F0001.tif
EP2598781B1,F0001,/home/safe/Desktop/yassine/Vectorization/data/PatentData/ReorganisedData/EP2598781B1/EP2598781B1_F0001.tif
EP2599991B1,F0001,/home/safe/Desktop/yassine/Vectorization/data/PatentData/ReorganisedData/EP2599991B1/EP2599991B1_F0001.tif
EP2604330B1,F0001,/home/safe/Desktop/yassine/Vectorization/data/PatentData/ReorganisedData/EP2604330B1/EP2604330B1_F0001.tif
EP2604951B1,F0004,/home/safe/Desktop/yassine/Vectorization/data/PatentData/ReorganisedData/EP2604951B1/EP2604951B1_F0004.tif
EP2606978B1,F0003,/home/safe/Desktop/yassine/Vectorization/data/PatentData/ReorganisedData/EP2606978B1/EP2606978B1_F0003.tif
EP2607090B1,F0002,/home/safe/Desktop/yassine/Vectorization/data/PatentData/ReorganisedData/EP2607090B1/EP2607090B1_F0002.tif
EP2608948B1,F0001,/home/safe/Desktop/yassine/Vectorization/data/PatentData/ReorganisedData/EP2608948B1/EP2608948B1_F0001.tif
EP2610053B1,F0001,/home/safe/Desktop/yassine/Vectorization/data/PatentData/ReorganisedData/EP2610053B1/EP2610053B1_F0001.tif
EP2612837B1,F0001,/home/safe/Desktop/yassine/Vectorization/data/PatentData/ReorganisedData/EP2612837B1/EP2612837B1_F0001.tif
EP2613089B1,F0001,/home/safe/Desktop/yassine/Vectorization/data/PatentData/ReorganisedData/EP2613089B1/EP2613089B1_F0001.tif
EP2615362B1,F0001,/home/safe/Desktop/yassine/Vectorization/data/PatentData/ReorganisedData/EP2615362B1/EP2615362B1_F0001.tif
EP2616300B1,F0001,/home/safe/Desktop/yassine/Vectorization/data/PatentData/ReorganisedData/EP2616300B1/EP2616300B1_F0001.tif
EP2622256B1,F0001,/home/safe/Desktop/yassine/Vectorization/data/PatentData/ReorganisedData/EP2622256B1/EP2622256B1_F0001.tif
EP2623234B1,F0001,/home/safe/Desktop/yassine/Vectorization/data/PatentData/ReorganisedData/EP2623234B1/EP2623234B1_F0001.tif
EP2625484B1,F0002,/home/safe/Desktop/yassine/Vectorization/data/PatentData/ReorganisedData/EP2625484B1/EP2625484B1_F0002.tif
EP2626551B1,F0001,/home/safe/Desktop/yassine/Vectorization/data/PatentData/ReorganisedData/EP2626551B1/EP2626551B1_F0001.tif
EP2628587B1,F0003,/home/safe/Desktop/yassine/Vectorization/data/PatentData/ReorganisedData/EP2628587B1/EP2628587B1_F0003.tif
EP2628968B1,F0001,/home/safe/Desktop/yassine/Vectorization/data/PatentData/ReorganisedData/EP2628968B1/EP2628968B1_F0001.tif
EP2630432B1,F0001,/home/safe/Desktop/yassine/Vectorization/data/PatentData/ReorganisedData/EP2630432B1/EP2630432B1_F0001.tif
EP2632665B1,F0001,/home/safe/Desktop/yassine/Vectorization/data/PatentData/ReorganisedData/EP2632665B1/EP2632665B1_F0001.tif
EP2634427B1,F0001,/home/safe/Desktop/yassine/Vectorization/data/PatentData/ReorganisedData/EP2634427B1/EP2634427B1_F0001.tif
EP2640991B1,F0001,/home/safe/Desktop/yassine/Vectorization/data/PatentData/ReorganisedData/EP2640991B1/EP2640991B1_F0001.tif
EP2641763B1,F0001,/home/safe/Desktop/yassine/Vectorization/data/PatentData/ReorganisedData/EP2641763B1/EP2641763B1_F0001.tif
EP2644872B1,F0001,/home/safe/Desktop/yassine/Vectorization/data/PatentData/ReorganisedData/EP2644872B1/EP2644872B1_F0001.tif
EP2644912B1,F0001,/home/safe/Desktop/yassine/Vectorization/data/PatentData/ReorganisedData/EP2644912B1/EP2644912B1_F0001.tif
EP2644944B1,F0001,/home/safe/Desktop/yassine/Vectorization/data/PatentData/ReorganisedData/EP2644944B1/EP2644944B1_F0001.tif
EP2647448B1,F0001,/home/safe/Desktop/yassine/Vectorization/data/PatentData/ReorganisedData/EP2647448B1/EP2647448B1_F0001.tif
EP2647869B1,F0002,/home/safe/Desktop/yassine/Vectorization/data/PatentData/ReorganisedData/EP2647869B1/EP2647869B1_F0002.tif
EP2650133B1,F0002,/home/safe/Desktop/yassine/Vectorization/data/PatentData/ReorganisedData/EP2650133B1/EP2650133B1_F0002.tif
EP2650134B1,F0001,/home/safe/Desktop/yassine/Vectorization/data/PatentData/ReorganisedData/EP2650134B1/EP2650134B1_F0001.tif
EP2650490B1,F0003,/home/safe/Desktop/yassine/Vectorization/data/PatentData/ReorganisedData/EP2650490B1/EP2650490B1_F0003.tif
EP2653794B2,F0001,/home/safe/Desktop/yassine/Vectorization/data/PatentData/ReorganisedData/EP2653794B2/EP2653794B2_F0001.tif
EP2659162B1,F0001,/home/safe/Desktop/yassine/Vectorization/data/PatentData/ReorganisedData/EP2659162B1/EP2659162B1_F0001.tif
EP2659172B1,F0001,/home/safe/Desktop/yassine/Vectorization/data/PatentData/ReorganisedData/EP2659172B1/EP2659172B1_F0001.tif
EP2660097B1,F0001,/home/safe/Desktop/yassine/Vectorization/data/PatentData/ReorganisedData/EP2660097B1/EP2660097B1_F0001.tif
EP2660426B1,F0001,/home/safe/Desktop/yassine/Vectorization/data/PatentData/ReorganisedData/EP2660426B1/EP2660426B1_F0001.tif
EP2662591B1,F0001,/home/safe/Desktop/yassine/Vectorization/data/PatentData/ReorganisedData/EP2662591B1/EP2662591B1_F0001.tif
EP2666600B1,F0003,/home/safe/Desktop/yassine/Vectorization/data/PatentData/ReorganisedData/EP2666600B1/EP2666600B1_F0003.tif
EP2670601B1,F0002,/home/safe/Desktop/yassine/Vectorization/data/PatentData/ReorganisedData/EP2670601B1/EP2670601B1_F0002.tif
EP2670685B1,F0001,/home/safe/Desktop/yassine/Vectorization/data/PatentData/ReorganisedData/EP2670685B1/EP2670685B1_F0001.tif
EP2673511B1,F0001,/home/safe/Desktop/yassine/Vectorization/data/PatentData/ReorganisedData/EP2673511B1/EP2673511B1_F0001.tif
EP2673528B1,F0001,/home/safe/Desktop/yassine/Vectorization/data/PatentData/ReorganisedData/EP2673528B1/EP2673528B1_F0001.tif
EP2674596B1,F0001,/home/safe/Desktop/yassine/Vectorization/data/PatentData/ReorganisedData/EP2674596B1/EP2674596B1_F0001.tif
EP2676005B1,F0001,/home/safe/Desktop/yassine/Vectorization/data/PatentData/ReorganisedData/EP2676005B1/EP2676005B1_F0001.tif
EP2682173B1,F0002,/home/safe/Desktop/yassine/Vectorization/data/PatentData/ReorganisedData/EP2682173B1/EP2682173B1_F0002.tif
EP2682214B1,F0001,/home/safe/Desktop/yassine/Vectorization/data/PatentData/ReorganisedData/EP2682214B1/EP2682214B1_F0001.tif
EP2683940B1,F0001,/home/safe/Desktop/yassine/Vectorization/data/PatentData/ReorganisedData/EP2683940B1/EP2683940B1_F0001.tif
EP2684626B1,F0009,/home/safe/Desktop/yassine/Vectorization/data/PatentData/ReorganisedData/EP2684626B1/EP2684626B1_F0009.tif
EP2685075B1,F0001,/home/safe/Desktop/yassine/Vectorization/data/PatentData/ReorganisedData/EP2685075B1/EP2685075B1_F0001.tif
EP2690329B1,F0018,/home/safe/Desktop/yassine/Vectorization/data/PatentData/ReorganisedData/EP2690329B1/EP2690329B1_F0018.tif
EP2690381B1,F0001,/home/safe/Desktop/yassine/Vectorization/data/PatentData/ReorganisedData/EP2690381B1/EP2690381B1_F0001.tif
EP2691292B1,F0001,/home/safe/Desktop/yassine/Vectorization/data/PatentData/ReorganisedData/EP2691292B1/EP2691292B1_F0001.tif
EP2692514B1,F0002,/home/safe/Desktop/yassine/Vectorization/data/PatentData/ReorganisedData/EP2692514B1/EP2692514B1_F0002.tif
EP2695795B1,F0002,/home/safe/Desktop/yassine/Vectorization/data/PatentData/ReorganisedData/EP2695795B1/EP2695795B1_F0002.tif
EP2697149B1,F0002,/home/safe/Desktop/yassine/Vectorization/data/PatentData/ReorganisedData/EP2697149B1/EP2697149B1_F0002.tif
EP2698556B1,F0001,/home/safe/Desktop/yassine/Vectorization/data/PatentData/ReorganisedData/EP2698556B1/EP2698556B1_F0001.tif
EP2698562B1,F0002,/home/safe/Desktop/yassine/Vectorization/data/PatentData/ReorganisedData/EP2698562B1/EP2698562B1_F0002.tif
EP2700469B1,F0001,/home/safe/Desktop/yassine/Vectorization/data/PatentData/ReorganisedData/EP2700469B1/EP2700469B1_F0001.tif
EP2706259B1,F0002,/home/safe/Desktop/yassine/Vectorization/data/PatentData/ReorganisedData/EP2706259B1/EP2706259B1_F0002.tif
EP2708779B1,F0001,/home/safe/Desktop/yassine/Vectorization/data/PatentData/ReorganisedData/EP2708779B1/EP2708779B1_F0001.tif
EP2716523B1,F0001,/home/safe/Desktop/yassine/Vectorization/data/PatentData/ReorganisedData/EP2716523B1/EP2716523B1_F0001.tif
EP2726248B1,F0007,/home/safe/Desktop/yassine/Vectorization/data/PatentData/ReorganisedData/EP2726248B1/EP2726248B1_F0007.tif
EP2726318B1,F0002,/home/safe/Desktop/yassine/Vectorization/data/PatentData/ReorganisedData/EP2726318B1/EP2726318B1_F0002.tif
EP2727791B1,F0001,/home/safe/Desktop/yassine/Vectorization/data/PatentData/ReorganisedData/EP2727791B1/EP2727791B1_F0001.tif
EP2727834B1,F0003,/home/safe/Desktop/yassine/Vectorization/data/PatentData/ReorganisedData/EP2727834B1/EP2727834B1_F0003.tif
EP2728140B1,F0001,/home/safe/Desktop/yassine/Vectorization/data/PatentData/ReorganisedData/EP2728140B1/EP2728140B1_F0001.tif
EP2730806B1,F0003,/home/safe/Desktop/yassine/Vectorization/data/PatentData/ReorganisedData/EP2730806B1/EP2730806B1_F0003.tif
EP2730848B1,F0001,/home/safe/Desktop/yassine/Vectorization/data/PatentData/ReorganisedData/EP2730848B1/EP2730848B1_F0001.tif
EP2733040B1,F0001,/home/safe/Desktop/yassine/Vectorization/data/PatentData/ReorganisedData/EP2733040B1/EP2733040B1_F0001.tif
EP2734412B1,F0001,/home/safe/Desktop/yassine/Vectorization/data/PatentData/ReorganisedData/EP2734412B1/EP2734412B1_F0001.tif
EP2736713B1,F0001,/home/safe/Desktop/yassine/Vectorization/data/PatentData/ReorganisedData/EP2736713B1/EP2736713B1_F0001.tif
EP2738090B1,F0004,/home/safe/Desktop/yassine/Vectorization/data/PatentData/ReorganisedData/EP2738090B1/EP2738090B1_F0004.tif
EP2744686B1,F0001,/home/safe/Desktop/yassine/Vectorization/data/PatentData/ReorganisedData/EP2744686B1/EP2744686B1_F0001.tif
EP2748541B1,F0001,/home/safe/Desktop/yassine/Vectorization/data/PatentData/ReorganisedData/EP2748541B1/EP2748541B1_F0001.tif
EP2749737B1,F0001,/home/safe/Desktop/yassine/Vectorization/data/PatentData/ReorganisedData/EP2749737B1/EP2749737B1_F0001.tif
EP2749739B1,F0002,/home/safe/Desktop/yassine/Vectorization/data/PatentData/ReorganisedData/EP2749739B1/EP2749739B1_F0002.tif
EP2752567B1,F0001,/home/safe/Desktop/yassine/Vectorization/data/PatentData/ReorganisedData/EP2752567B1/EP2752567B1_F0001.tif
EP2757137B1,F0001,/home/safe/Desktop/yassine/Vectorization/data/PatentData/ReorganisedData/EP2757137B1/EP2757137B1_F0001.tif
EP2758732B1,F0001,/home/safe/Desktop/yassine/Vectorization/data/PatentData/ReorganisedData/EP2758732B1/EP2758732B1_F0001.tif
EP2765362B1,F0001,/home/safe/Desktop/yassine/Vectorization/data/PatentData/ReorganisedData/EP2765362B1/EP2765362B1_F0001.tif
EP2767190B1,F0001,/home/safe/Desktop/yassine/Vectorization/data/PatentData/ReorganisedData/EP2767190B1/EP2767190B1_F0001.tif
EP2769160B1,F0001,/home/safe/Desktop/yassine/Vectorization/data/PatentData/ReorganisedData/EP2769160B1/EP2769160B1_F0001.tif
EP2770209B1,F0001,/home/safe/Desktop/yassine/Vectorization/data/PatentData/ReorganisedData/EP2770209B1/EP2770209B1_F0001.tif
EP2771628B1,F0001,/home/safe/Desktop/yassine/Vectorization/data/PatentData/ReorganisedData/EP2771628B1/EP2771628B1_F0001.tif
EP2772654B1,F0001,/home/safe/Desktop/yassine/Vectorization/data/PatentData/ReorganisedData/EP2772654B1/EP2772654B1_F0001.tif
EP2772664B1,F0002,/home/safe/Desktop/yassine/Vectorization/data/PatentData/ReorganisedData/EP2772664B1/EP2772664B1_F0002.tif
EP2778042B1,F0001,/home/safe/Desktop/yassine/Vectorization/data/PatentData/ReorganisedData/EP2778042B1/EP2778042B1_F0001.tif
EP2778121B1,F0002,/home/safe/Desktop/yassine/Vectorization/data/PatentData/ReorganisedData/EP2778121B1/EP2778121B1_F0002.tif
EP2781855B1,F0002,/home/safe/Desktop/yassine/Vectorization/data/PatentData/ReorganisedData/EP2781855B1/EP2781855B1_F0002.tif
EP2781871B1,F0004,/home/safe/Desktop/yassine/Vectorization/data/PatentData/ReorganisedData/EP2781871B1/EP2781871B1_F0004.tif
EP2783902B1,F0002,/home/safe/Desktop/yassine/Vectorization/data/PatentData/ReorganisedData/EP2783902B1/EP2783902B1_F0002.tif
EP2783975B1,F0001,/home/safe/Desktop/yassine/Vectorization/data/PatentData/ReorganisedData/EP2783975B1/EP2783975B1_F0001.tif
EP2788099B1,F0001,/home/safe/Desktop/yassine/Vectorization/data/PatentData/ReorganisedData/EP2788099B1/EP2788099B1_F0001.tif
EP2789945B1,F0001,/home/safe/Desktop/yassine/Vectorization/data/PatentData/ReorganisedData/EP2789945B1/EP2789945B1_F0001.tif
EP2791518B1,F0001,/home/safe/Desktop/yassine/Vectorization/data/PatentData/ReorganisedData/EP2791518B1/EP2791518B1_F0001.tif
EP2795278B1,F0001,/home/safe/Desktop/yassine/Vectorization/data/PatentData/ReorganisedData/EP2795278B1/EP2795278B1_F0001.tif
EP2797799B1,F0001,/home/safe/Desktop/yassine/Vectorization/data/PatentData/ReorganisedData/EP2797799B1/EP2797799B1_F0001.tif
EP2802747B1,F0001,/home/safe/Desktop/yassine/Vectorization/data/PatentData/ReorganisedData/EP2802747B1/EP2802747B1_F0001.tif
EP2803446B1,F0001,/home/safe/Desktop/yassine/Vectorization/data/PatentData/ReorganisedData/EP2803446B1/EP2803446B1_F0001.tif
EP2805089B1,F0001,/home/safe/Desktop/yassine/Vectorization/data/PatentData/ReorganisedData/EP2805089B1/EP2805089B1_F0001.tif
EP2809913B1,F0001,/home/safe/Desktop/yassine/Vectorization/data/PatentData/ReorganisedData/EP2809913B1/EP2809913B1_F0001.tif
EP2815956B1,F0001,/home/safe/Desktop/yassine/Vectorization/data/PatentData/ReorganisedData/EP2815956B1/EP2815956B1_F0001.tif
EP2818333B1,F0001,/home/safe/Desktop/yassine/Vectorization/data/PatentData/ReorganisedData/EP2818333B1/EP2818333B1_F0001.tif
EP2822679B1,F0001,/home/safe/Desktop/yassine/Vectorization/data/PatentData/ReorganisedData/EP2822679B1/EP2822679B1_F0001.tif
EP2822892B1,F0001,/home/safe/Desktop/yassine/Vectorization/data/PatentData/ReorganisedData/EP2822892B1/EP2822892B1_F0001.tif
EP2825824B1,F0001,/home/safe/Desktop/yassine/Vectorization/data/PatentData/ReorganisedData/EP2825824B1/EP2825824B1_F0001.tif
EP2826667B1,F0001,/home/safe/Desktop/yassine/Vectorization/data/PatentData/ReorganisedData/EP2826667B1/EP2826667B1_F0001.tif
EP2832414B1,F0001,/home/safe/Desktop/yassine/Vectorization/data/PatentData/ReorganisedData/EP2832414B1/EP2832414B1_F0001.tif
EP2834007B1,F0001,/home/safe/Desktop/yassine/Vectorization/data/PatentData/ReorganisedData/EP2834007B1/EP2834007B1_F0001.tif
EP2834552B1,F0001,/home/safe/Desktop/yassine/Vectorization/data/PatentData/ReorganisedData/EP2834552B1/EP2834552B1_F0001.tif
EP2835191B1,F0001,/home/safe/Desktop/yassine/Vectorization/data/PatentData/ReorganisedData/EP2835191B1/EP2835191B1_F0001.tif
EP2835282B1,F0001,/home/safe/Desktop/yassine/Vectorization/data/PatentData/ReorganisedData/EP2835282B1/EP2835282B1_F0001.tif
EP2836783B1,F0001,/home/safe/Desktop/yassine/Vectorization/data/PatentData/ReorganisedData/EP2836783B1/EP2836783B1_F0001.tif
EP2837887B1,F0001,/home/safe/Desktop/yassine/Vectorization/data/PatentData/ReorganisedData/EP2837887B1/EP2837887B1_F0001.tif
EP2838742B1,F0001,/home/safe/Desktop/yassine/Vectorization/data/PatentData/ReorganisedData/EP2838742B1/EP2838742B1_F0001.tif
EP2840037B1,F0001,/home/safe/Desktop/yassine/Vectorization/data/PatentData/ReorganisedData/EP2840037B1/EP2840037B1_F0001.tif
EP2840232B1,F0001,/home/safe/Desktop/yassine/Vectorization/data/PatentData/ReorganisedData/EP2840232B1/EP2840232B1_F0001.tif
EP2841715B1,F0001,/home/safe/Desktop/yassine/Vectorization/data/PatentData/ReorganisedData/EP2841715B1/EP2841715B1_F0001.tif
EP2844427B1,F0001,/home/safe/Desktop/yassine/Vectorization/data/PatentData/ReorganisedData/EP2844427B1/EP2844427B1_F0001.tif
EP2845783B1,F0001,/home/safe/Desktop/yassine/Vectorization/data/PatentData/ReorganisedData/EP2845783B1/EP2845783B1_F0001.tif
EP2846064B1,F0001,/home/safe/Desktop/yassine/Vectorization/data/PatentData/ReorganisedData/EP2846064B1/EP2846064B1_F0001.tif
EP2847537B1,F0001,/home/safe/Desktop/yassine/Vectorization/data/PatentData/ReorganisedData/EP2847537B1/EP2847537B1_F0001.tif
EP2857348B1,F0001,/home/safe/Desktop/yassine/Vectorization/data/PatentData/ReorganisedData/EP2857348B1/EP2857348B1_F0001.tif
EP2862609B1,F0001,/home/safe/Desktop/yassine/Vectorization/data/PatentData/ReorganisedData/EP2862609B1/EP2862609B1_F0001.tif
EP2863064B1,F0002,/home/safe/Desktop/yassine/Vectorization/data/PatentData/ReorganisedData/EP2863064B1/EP2863064B1_F0002.tif
EP2864161B1,F0001,/home/safe/Desktop/yassine/Vectorization/data/PatentData/ReorganisedData/EP2864161B1/EP2864161B1_F0001.tif
EP2864623B1,F0001,/home/safe/Desktop/yassine/Vectorization/data/PatentData/ReorganisedData/EP2864623B1/EP2864623B1_F0001.tif
EP2864708B1,F0002,/home/safe/Desktop/yassine/Vectorization/data/PatentData/ReorganisedData/EP2864708B1/EP2864708B1_F0002.tif
EP2866938B1,F0001,/home/safe/Desktop/yassine/Vectorization/data/PatentData/ReorganisedData/EP2866938B1/EP2866938B1_F0001.tif
EP2870053B1,F0002,/home/safe/Desktop/yassine/Vectorization/data/PatentData/ReorganisedData/EP2870053B1/EP2870053B1_F0002.tif
EP2870395B1,F0005,/home/safe/Desktop/yassine/Vectorization/data/PatentData/ReorganisedData/EP2870395B1/EP2870395B1_F0005.tif
EP2873874B1,F0001,/home/safe/Desktop/yassine/Vectorization/data/PatentData/ReorganisedData/EP2873874B1/EP2873874B1_F0001.tif
EP2878382B1,F0002,/home/safe/Desktop/yassine/Vectorization/data/PatentData/ReorganisedData/EP2878382B1/EP2878382B1_F0002.tif
EP2880288B1,F0001,/home/safe/Desktop/yassine/Vectorization/data/PatentData/ReorganisedData/EP2880288B1/EP2880288B1_F0001.tif
EP2881237B1,F0001,/home/safe/Desktop/yassine/Vectorization/data/PatentData/ReorganisedData/EP2881237B1/EP2881237B1_F0001.tif
EP2881267B1,F0001,/home/safe/Desktop/yassine/Vectorization/data/PatentData/ReorganisedData/EP2881267B1/EP2881267B1_F0001.tif
EP2881645B1,F0001,/home/safe/Desktop/yassine/Vectorization/data/PatentData/ReorganisedData/EP2881645B1/EP2881645B1_F0001.tif
EP2881669B1,F0001,/home/safe/Desktop/yassine/Vectorization/data/PatentData/ReorganisedData/EP2881669B1/EP2881669B1_F0001.tif
EP2882555B1,F0001,/home/safe/Desktop/yassine/Vectorization/data/PatentData/ReorganisedData/EP2882555B1/EP2882555B1_F0001.tif
EP2883787B1,F0002,/home/safe/Desktop/yassine/Vectorization/data/PatentData/ReorganisedData/EP2883787B1/EP2883787B1_F0002.tif
EP2886890B1,F0001,/home/safe/Desktop/yassine/Vectorization/data/PatentData/ReorganisedData/EP2886890B1/EP2886890B1_F0001.tif
EP2888094B1,F0001,/home/safe/Desktop/yassine/Vectorization/data/PatentData/ReorganisedData/EP2888094B1/EP2888094B1_F0001.tif
EP2889159B1,F0001,/home/safe/Desktop/yassine/Vectorization/data/PatentData/ReorganisedData/EP2889159B1/EP2889159B1_F0001.tif
EP2890575B1,F0001,/home/safe/Desktop/yassine/Vectorization/data/PatentData/ReorganisedData/EP2890575B1/EP2890575B1_F0001.tif
EP2893172B1,F0001,/home/safe/Desktop/yassine/Vectorization/data/PatentData/ReorganisedData/EP2893172B1/EP2893172B1_F0001.tif
EP2896489B1,F0001,/home/safe/Desktop/yassine/Vectorization/data/PatentData/ReorganisedData/EP2896489B1/EP2896489B1_F0001.tif
EP2897813B1,F0001,/home/safe/Desktop/yassine/Vectorization/data/PatentData/ReorganisedData/EP2897813B1/EP2897813B1_F0001.tif
EP2898232B1,F0001,/home/safe/Desktop/yassine/Vectorization/data/PatentData/ReorganisedData/EP2898232B1/EP2898232B1_F0001.tif
EP2899065B1,F0001,/home/safe/Desktop/yassine/Vectorization/data/PatentData/ReorganisedData/EP2899065B1/EP2899065B1_F0001.tif
EP2900998B1,F0001,/home/safe/Desktop/yassine/Vectorization/data/PatentData/ReorganisedData/EP2900998B1/EP2900998B1_F0001.tif
EP2901075B1,F0001,/home/safe/Desktop/yassine/Vectorization/data/PatentData/ReorganisedData/EP2901075B1/EP2901075B1_F0001.tif
EP2902217B1,F0001,/home/safe/Desktop/yassine/Vectorization/data/PatentData/ReorganisedData/EP2902217B1/EP2902217B1_F0001.tif
EP2902639B1,F0001,/home/safe/Desktop/yassine/Vectorization/data/PatentData/ReorganisedData/EP2902639B1/EP2902639B1_F0001.tif
EP2904237B1,F0001,/home/safe/Desktop/yassine/Vectorization/data/PatentData/ReorganisedData/EP2904237B1/EP2904237B1_F0001.tif
EP2906815B1,F0003,/home/safe/Desktop/yassine/Vectorization/data/PatentData/ReorganisedData/EP2906815B1/EP2906815B1_F0003.tif
EP2907579B1,F0001,/home/safe/Desktop/yassine/Vectorization/data/PatentData/ReorganisedData/EP2907579B1/EP2907579B1_F0001.tif
EP2907643B1,F0001,/home/safe/Desktop/yassine/Vectorization/data/PatentData/ReorganisedData/EP2907643B1/EP2907643B1_F0001.tif
EP2910808B1,F0001,/home/safe/Desktop/yassine/Vectorization/data/PatentData/ReorganisedData/EP2910808B1/EP2910808B1_F0001.tif
EP2911866B1,F0001,/home/safe/Desktop/yassine/Vectorization/data/PatentData/ReorganisedData/EP2911866B1/EP2911866B1_F0001.tif
EP2912312B1,F0001,/home/safe/Desktop/yassine/Vectorization/data/PatentData/ReorganisedData/EP2912312B1/EP2912312B1_F0001.tif
EP2913210B1,F0001,/home/safe/Desktop/yassine/Vectorization/data/PatentData/ReorganisedData/EP2913210B1/EP2913210B1_F0001.tif
EP2913239B1,F0001,/home/safe/Desktop/yassine/Vectorization/data/PatentData/ReorganisedData/EP2913239B1/EP2913239B1_F0001.tif
EP2913558B1,F0001,/home/safe/Desktop/yassine/Vectorization/data/PatentData/ReorganisedData/EP2913558B1/EP2913558B1_F0001.tif
EP2916006B1,F0002,/home/safe/Desktop/yassine/Vectorization/data/PatentData/ReorganisedData/EP2916006B1/EP2916006B1_F0002.tif
EP2917105B1,F0002,/home/safe/Desktop/yassine/Vectorization/data/PatentData/ReorganisedData/EP2917105B1/EP2917105B1_F0002.tif
EP2918368B1,F0001,/home/safe/Desktop/yassine/Vectorization/data/PatentData/ReorganisedData/EP2918368B1/EP2918368B1_F0001.tif
EP2918479B1,F0002,/home/safe/Desktop/yassine/Vectorization/data/PatentData/ReorganisedData/EP2918479B1/EP2918479B1_F0002.tif
EP2921694B1,F0006,/home/safe/Desktop/yassine/Vectorization/data/PatentData/ReorganisedData/EP2921694B1/EP2921694B1_F0006.tif
EP2922744B1,F0001,/home/safe/Desktop/yassine/Vectorization/data/PatentData/ReorganisedData/EP2922744B1/EP2922744B1_F0001.tif
EP2926034B1,F0001,/home/safe/Desktop/yassine/Vectorization/data/PatentData/ReorganisedData/EP2926034B1/EP2926034B1_F0001.tif
EP2927507B1,F0002,/home/safe/Desktop/yassine/Vectorization/data/PatentData/ReorganisedData/EP2927507B1/EP2927507B1_F0002.tif
EP2928751B1,F0001,/home/safe/Desktop/yassine/Vectorization/data/PatentData/ReorganisedData/EP2928751B1/EP2928751B1_F0001.tif
EP2930332B1,F0001,/home/safe/Desktop/yassine/Vectorization/data/PatentData/ReorganisedData/EP2930332B1/EP2930332B1_F0001.tif
EP2930386B1,F0001,/home/safe/Desktop/yassine/Vectorization/data/PatentData/ReorganisedData/EP2930386B1/EP2930386B1_F0001.tif
EP2933578B1,F0001,/home/safe/Desktop/yassine/Vectorization/data/PatentData/ReorganisedData/EP2933578B1/EP2933578B1_F0001.tif
EP2934977B1,F0001,/home/safe/Desktop/yassine/Vectorization/data/PatentData/ReorganisedData/EP2934977B1/EP2934977B1_F0001.tif
EP2935000B1,F0001,/home/safe/Desktop/yassine/Vectorization/data/PatentData/ReorganisedData/EP2935000B1/EP2935000B1_F0001.tif
EP2937519B1,F0002,/home/safe/Desktop/yassine/Vectorization/data/PatentData/ReorganisedData/EP2937519B1/EP2937519B1_F0002.tif
EP2937608B1,F0001,/home/safe/Desktop/yassine/Vectorization/data/PatentData/ReorganisedData/EP2937608B1/EP2937608B1_F0001.tif
EP2939809B1,F0001,/home/safe/Desktop/yassine/Vectorization/data/PatentData/ReorganisedData/EP2939809B1/EP2939809B1_F0001.tif
EP2940251B1,F0001,/home/safe/Desktop/yassine/Vectorization/data/PatentData/ReorganisedData/EP2940251B1/EP2940251B1_F0001.tif
EP2942310B1,F0004,/home/safe/Desktop/yassine/Vectorization/data/PatentData/ReorganisedData/EP2942310B1/EP2942310B1_F0004.tif
EP2944472B1,F0001,/home/safe/Desktop/yassine/Vectorization/data/PatentData/ReorganisedData/EP2944472B1/EP2944472B1_F0001.tif
EP2944479B1,F0001,/home/safe/Desktop/yassine/Vectorization/data/PatentData/ReorganisedData/EP2944479B1/EP2944479B1_F0001.tif
EP2944835B1,F0001,/home/safe/Desktop/yassine/Vectorization/data/PatentData/ReorganisedData/EP2944835B1/EP2944835B1_F0001.tif
EP2945721B1,F0001,/home/safe/Desktop/yassine/Vectorization/data/PatentData/ReorganisedData/EP2945721B1/EP2945721B1_F0001.tif
EP2946863B1,F0001,/home/safe/Desktop/yassine/Vectorization/data/PatentData/ReorganisedData/EP2946863B1/EP2946863B1_F0001.tif
EP2949496B1,F0001,/home/safe/Desktop/yassine/Vectorization/data/PatentData/ReorganisedData/EP2949496B1/EP2949496B1_F0001.tif
EP2949946B1,F0001,/home/safe/Desktop/yassine/Vectorization/data/PatentData/ReorganisedData/EP2949946B1/EP2949946B1_F0001.tif
EP2952447B1,F0001,/home/safe/Desktop/yassine/Vectorization/data/PatentData/ReorganisedData/EP2952447B1/EP2952447B1_F0001.tif
EP2959985B1,F0001,/home/safe/Desktop/yassine/Vectorization/data/PatentData/ReorganisedData/EP2959985B1/EP2959985B1_F0001.tif
EP2961956B1,F0002,/home/safe/Desktop/yassine/Vectorization/data/PatentData/ReorganisedData/EP2961956B1/EP2961956B1_F0002.tif
EP2961969B1,F0001,/home/safe/Desktop/yassine/Vectorization/data/PatentData/ReorganisedData/EP2961969B1/EP2961969B1_F0001.tif
EP2964513B1,F0001,/home/safe/Desktop/yassine/Vectorization/data/PatentData/ReorganisedData/EP2964513B1/EP2964513B1_F0001.tif
EP2964531B1,F0001,/home/safe/Desktop/yassine/Vectorization/data/PatentData/ReorganisedData/EP2964531B1/EP2964531B1_F0001.tif
EP2964887B1,F0001,/home/safe/Desktop/yassine/Vectorization/data/PatentData/ReorganisedData/EP2964887B1/EP2964887B1_F0001.tif
EP2969517B1,F0001,/home/safe/Desktop/yassine/Vectorization/data/PatentData/ReorganisedData/EP2969517B1/EP2969517B1_F0001.tif
EP2969699B1,F0001,/home/safe/Desktop/yassine/Vectorization/data/PatentData/ReorganisedData/EP2969699B1/EP2969699B1_F0001.tif
EP2971607B1,F0001,/home/safe/Desktop/yassine/Vectorization/data/PatentData/ReorganisedData/EP2971607B1/EP2971607B1_F0001.tif
EP2971615B1,F0001,/home/safe/Desktop/yassine/Vectorization/data/PatentData/ReorganisedData/EP2971615B1/EP2971615B1_F0001.tif
EP2971893B1,F0002,/home/safe/Desktop/yassine/Vectorization/data/PatentData/ReorganisedData/EP2971893B1/EP2971893B1_F0002.tif
EP2971915B1,F0001,/home/safe/Desktop/yassine/Vectorization/data/PatentData/ReorganisedData/EP2971915B1/EP2971915B1_F0001.tif
EP2974829B1,F0001,/home/safe/Desktop/yassine/Vectorization/data/PatentData/ReorganisedData/EP2974829B1/EP2974829B1_F0001.tif
EP2975239B1,F0001,/home/safe/Desktop/yassine/Vectorization/data/PatentData/ReorganisedData/EP2975239B1/EP2975239B1_F0001.tif
EP2977314B1,F0001,/home/safe/Desktop/yassine/Vectorization/data/PatentData/ReorganisedData/EP2977314B1/EP2977314B1_F0001.tif
EP2977630B1,F0003,/home/safe/Desktop/yassine/Vectorization/data/PatentData/ReorganisedData/EP2977630B1/EP2977630B1_F0003.tif
EP2979118B1,F0001,/home/safe/Desktop/yassine/Vectorization/data/PatentData/ReorganisedData/EP2979118B1/EP2979118B1_F0001.tif
EP2980407B1,F0001,/home/safe/Desktop/yassine/Vectorization/data/PatentData/ReorganisedData/EP2980407B1/EP2980407B1_F0001.tif
EP2981769B1,F0001,/home/safe/Desktop/yassine/Vectorization/data/PatentData/ReorganisedData/EP2981769B1/EP2981769B1_F0001.tif
EP2981773B1,F0001,/home/safe/Desktop/yassine/Vectorization/data/PatentData/ReorganisedData/EP2981773B1/EP2981773B1_F0001.tif
EP2981781B1,F0001,/home/safe/Desktop/yassine/Vectorization/data/PatentData/ReorganisedData/EP2981781B1/EP2981781B1_F0001.tif
EP2982501B1,F0001,/home/safe/Desktop/yassine/Vectorization/data/PatentData/ReorganisedData/EP2982501B1/EP2982501B1_F0001.tif
EP2983922B1,F0001,/home/safe/Desktop/yassine/Vectorization/data/PatentData/ReorganisedData/EP2983922B1/EP2983922B1_F0001.tif
EP2984325B1,F0019,/home/safe/Desktop/yassine/Vectorization/data/PatentData/ReorganisedData/EP2984325B1/EP2984325B1_F0019.tif
EP2984378B1,F0003,/home/safe/Desktop/yassine/Vectorization/data/PatentData/ReorganisedData/EP2984378B1/EP2984378B1_F0003.tif
EP2985440B1,F0001,/home/safe/Desktop/yassine/Vectorization/data/PatentData/ReorganisedData/EP2985440B1/EP2985440B1_F0001.tif
EP2985533B1,F0004,/home/safe/Desktop/yassine/Vectorization/data/PatentData/ReorganisedData/EP2985533B1/EP2985533B1_F0004.tif
EP2986398B1,F0001,/home/safe/Desktop/yassine/Vectorization/data/PatentData/ReorganisedData/EP2986398B1/EP2986398B1_F0001.tif
EP2987556B1,F0001,/home/safe/Desktop/yassine/Vectorization/data/PatentData/ReorganisedData/EP2987556B1/EP2987556B1_F0001.tif
EP2987631B1,F0001,/home/safe/Desktop/yassine/Vectorization/data/PatentData/ReorganisedData/EP2987631B1/EP2987631B1_F0001.tif
EP2988874B1,F0001,/home/safe/Desktop/yassine/Vectorization/data/PatentData/ReorganisedData/EP2988874B1/EP2988874B1_F0001.tif
EP2988915B1,F0001,/home/safe/Desktop/yassine/Vectorization/data/PatentData/ReorganisedData/EP2988915B1/EP2988915B1_F0001.tif
EP2990316B1,F0001,/home/safe/Desktop/yassine/Vectorization/data/PatentData/ReorganisedData/EP2990316B1/EP2990316B1_F0001.tif
EP2991839B1,F0001,/home/safe/Desktop/yassine/Vectorization/data/PatentData/ReorganisedData/EP2991839B1/EP2991839B1_F0001.tif
EP2994568B1,F0001,/home/safe/Desktop/yassine/Vectorization/data/PatentData/ReorganisedData/EP2994568B1/EP2994568B1_F0001.tif
EP2994633B1,F0002,/home/safe/Desktop/yassine/Vectorization/data/PatentData/ReorganisedData/EP2994633B1/EP2994633B1_F0002.tif
EP2995529B1,F0001,/home/safe/Desktop/yassine/Vectorization/data/PatentData/ReorganisedData/EP2995529B1/EP2995529B1_F0001.tif
EP2995539B1,F0001,/home/safe/Desktop/yassine/Vectorization/data/PatentData/ReorganisedData/EP2995539B1/EP2995539B1_F0001.tif
EP2996920B1,F0004,/home/safe/Desktop/yassine/Vectorization/data/PatentData/ReorganisedData/EP2996920B1/EP2996920B1_F0004.tif
EP2998505B1,F0002,/home/safe/Desktop/yassine/Vectorization/data/PatentData/ReorganisedData/EP2998505B1/EP2998505B1_F0002.tif
EP2998612B1,F0001,/home/safe/Desktop/yassine/Vectorization/data/PatentData/ReorganisedData/EP2998612B1/EP2998612B1_F0001.tif
EP2998614B1,F0002,/home/safe/Desktop/yassine/Vectorization/data/PatentData/ReorganisedData/EP2998614B1/EP2998614B1_F0002.tif
EP2999573B1,F0001,/home/safe/Desktop/yassine/Vectorization/data/PatentData/ReorganisedData/EP2999573B1/EP2999573B1_F0001.tif
EP3000970B1,F0001,/home/safe/Desktop/yassine/Vectorization/data/PatentData/ReorganisedData/EP3000970B1/EP3000970B1_F0001.tif
EP3001039B1,F0001,/home/safe/Desktop/yassine/Vectorization/data/PatentData/ReorganisedData/EP3001039B1/EP3001039B1_F0001.tif
EP3001829B1,F0001,/home/safe/Desktop/yassine/Vectorization/data/PatentData/ReorganisedData/EP3001829B1/EP3001829B1_F0001.tif
EP3009706B1,F0001,/home/safe/Desktop/yassine/Vectorization/data/PatentData/ReorganisedData/EP3009706B1/EP3009706B1_F0001.tif
EP3011256B1,F0001,/home/safe/Desktop/yassine/Vectorization/data/PatentData/ReorganisedData/EP3011256B1/EP3011256B1_F0001.tif
EP3012503B1,F0001,/home/safe/Desktop/yassine/Vectorization/data/PatentData/ReorganisedData/EP3012503B1/EP3012503B1_F0001.tif
EP3015272B1,F0001,/home/safe/Desktop/yassine/Vectorization/data/PatentData/ReorganisedData/EP3015272B1/EP3015272B1_F0001.tif
EP3015385B1,F0003,/home/safe/Desktop/yassine/Vectorization/data/PatentData/ReorganisedData/EP3015385B1/EP3015385B1_F0003.tif
EP3015861B1,F0001,/home/safe/Desktop/yassine/Vectorization/data/PatentData/ReorganisedData/EP3015861B1/EP3015861B1_F0001.tif
EP3017221B1,F0001,/home/safe/Desktop/yassine/Vectorization/data/PatentData/ReorganisedData/EP3017221B1/EP3017221B1_F0001.tif
EP3017871B1,F0001,/home/safe/Desktop/yassine/Vectorization/data/PatentData/ReorganisedData/EP3017871B1/EP3017871B1_F0001.tif
EP3018326B1,F0001,/home/safe/Desktop/yassine/Vectorization/data/PatentData/ReorganisedData/EP3018326B1/EP3018326B1_F0001.tif
EP3018371B1,F0001,/home/safe/Desktop/yassine/Vectorization/data/PatentData/ReorganisedData/EP3018371B1/EP3018371B1_F0001.tif
EP3019393B1,F0001,/home/safe/Desktop/yassine/Vectorization/data/PatentData/ReorganisedData/EP3019393B1/EP3019393B1_F0001.tif
EP3020526B1,F0001,/home/safe/Desktop/yassine/Vectorization/data/PatentData/ReorganisedData/EP3020526B1/EP3020526B1_F0001.tif
EP3023213B1,F0002,/home/safe/Desktop/yassine/Vectorization/data/PatentData/ReorganisedData/EP3023213B1/EP3023213B1_F0002.tif
EP3023684B1,F0001,/home/safe/Desktop/yassine/Vectorization/data/PatentData/ReorganisedData/EP3023684B1/EP3023684B1_F0001.tif
EP3024658B1,F0001,/home/safe/Desktop/yassine/Vectorization/data/PatentData/ReorganisedData/EP3024658B1/EP3024658B1_F0001.tif
EP3025059B1,F0001,/home/safe/Desktop/yassine/Vectorization/data/PatentData/ReorganisedData/EP3025059B1/EP3025059B1_F0001.tif
EP3025084B1,F0001,/home/safe/Desktop/yassine/Vectorization/data/PatentData/ReorganisedData/EP3025084B1/EP3025084B1_F0001.tif
EP3025821B1,F0001,/home/safe/Desktop/yassine/Vectorization/data/PatentData/ReorganisedData/EP3025821B1/EP3025821B1_F0001.tif
EP3026266B1,F0001,/home/safe/Desktop/yassine/Vectorization/data/PatentData/ReorganisedData/EP3026266B1/EP3026266B1_F0001.tif
EP3027388B1,F0001,/home/safe/Desktop/yassine/Vectorization/data/PatentData/ReorganisedData/EP3027388B1/EP3027388B1_F0001.tif
EP3027941B1,F0001,/home/safe/Desktop/yassine/Vectorization/data/PatentData/ReorganisedData/EP3027941B1/EP3027941B1_F0001.tif
EP3028768B1,F0001,/home/safe/Desktop/yassine/Vectorization/data/PatentData/ReorganisedData/EP3028768B1/EP3028768B1_F0001.tif
EP3030758B1,F0001,/home/safe/Desktop/yassine/Vectorization/data/PatentData/ReorganisedData/EP3030758B1/EP3030758B1_F0001.tif
EP3032094B1,F0001,/home/safe/Desktop/yassine/Vectorization/data/PatentData/ReorganisedData/EP3032094B1/EP3032094B1_F0001.tif
EP3032134B1,F0001,/home/safe/Desktop/yassine/Vectorization/data/PatentData/ReorganisedData/EP3032134B1/EP3032134B1_F0001.tif
EP3034195B1,F0001,/home/safe/Desktop/yassine/Vectorization/data/PatentData/ReorganisedData/EP3034195B1/EP3034195B1_F0001.tif
EP3034363B1,F0001,/home/safe/Desktop/yassine/Vectorization/data/PatentData/ReorganisedData/EP3034363B1/EP3034363B1_F0001.tif
EP3034399B1,F0001,/home/safe/Desktop/yassine/Vectorization/data/PatentData/ReorganisedData/EP3034399B1/EP3034399B1_F0001.tif
EP3036169B1,F0001,/home/safe/Desktop/yassine/Vectorization/data/PatentData/ReorganisedData/EP3036169B1/EP3036169B1_F0001.tif
EP3037265B1,F0001,/home/safe/Desktop/yassine/Vectorization/data/PatentData/ReorganisedData/EP3037265B1/EP3037265B1_F0001.tif
EP3037677B1,F0001,/home/safe/Desktop/yassine/Vectorization/data/PatentData/ReorganisedData/EP3037677B1/EP3037677B1_F0001.tif
EP3038725B1,F0001,/home/safe/Desktop/yassine/Vectorization/data/PatentData/ReorganisedData/EP3038725B1/EP3038725B1_F0001.tif
EP3040185B1,F0001,/home/safe/Desktop/yassine/Vectorization/data/PatentData/ReorganisedData/EP3040185B1/EP3040185B1_F0001.tif
EP3040577B1,F0001,/home/safe/Desktop/yassine/Vectorization/data/PatentData/ReorganisedData/EP3040577B1/EP3040577B1_F0001.tif
EP3043029B1,F0002,/home/safe/Desktop/yassine/Vectorization/data/PatentData/ReorganisedData/EP3043029B1/EP3043029B1_F0002.tif
EP3043948B1,F0001,/home/safe/Desktop/yassine/Vectorization/data/PatentData/ReorganisedData/EP3043948B1/EP3043948B1_F0001.tif
EP3043965B1,F0001,/home/safe/Desktop/yassine/Vectorization/data/PatentData/ReorganisedData/EP3043965B1/EP3043965B1_F0001.tif
EP3045280B1,F0001,/home/safe/Desktop/yassine/Vectorization/data/PatentData/ReorganisedData/EP3045280B1/EP3045280B1_F0001.tif
EP3045731B1,F0001,/home/safe/Desktop/yassine/Vectorization/data/PatentData/ReorganisedData/EP3045731B1/EP3045731B1_F0001.tif
EP3045768B1,F0001,/home/safe/Desktop/yassine/Vectorization/data/PatentData/ReorganisedData/EP3045768B1/EP3045768B1_F0001.tif
EP3046647B1,F0001,/home/safe/Desktop/yassine/Vectorization/data/PatentData/ReorganisedData/EP3046647B1/EP3046647B1_F0001.tif
EP3046835B1,F0001,/home/safe/Desktop/yassine/Vectorization/data/PatentData/ReorganisedData/EP3046835B1/EP3046835B1_F0001.tif
EP3047938B1,F0004,/home/safe/Desktop/yassine/Vectorization/data/PatentData/ReorganisedData/EP3047938B1/EP3047938B1_F0004.tif
EP3047987B1,F0002,/home/safe/Desktop/yassine/Vectorization/data/PatentData/ReorganisedData/EP3047987B1/EP3047987B1_F0002.tif
EP3049684B1,F0001,/home/safe/Desktop/yassine/Vectorization/data/PatentData/ReorganisedData/EP3049684B1/EP3049684B1_F0001.tif
EP3050637B1,F0001,/home/safe/Desktop/yassine/Vectorization/data/PatentData/ReorganisedData/EP3050637B1/EP3050637B1_F0001.tif
EP3052216B1,F0001,/home/safe/Desktop/yassine/Vectorization/data/PatentData/ReorganisedData/EP3052216B1/EP3052216B1_F0001.tif
EP3052407B1,F0001,/home/safe/Desktop/yassine/Vectorization/data/PatentData/ReorganisedData/EP3052407B1/EP3052407B1_F0001.tif
EP3052789B1,F0001,/home/safe/Desktop/yassine/Vectorization/data/PatentData/ReorganisedData/EP3052789B1/EP3052789B1_F0001.tif
EP3052800B1,F0001,/home/safe/Desktop/yassine/Vectorization/data/PatentData/ReorganisedData/EP3052800B1/EP3052800B1_F0001.tif
EP3053602B1,F0001,/home/safe/Desktop/yassine/Vectorization/data/PatentData/ReorganisedData/EP3053602B1/EP3053602B1_F0001.tif
EP3053676B1,F0003,/home/safe/Desktop/yassine/Vectorization/data/PatentData/ReorganisedData/EP3053676B1/EP3053676B1_F0003.tif
EP3055051B1,F0001,/home/safe/Desktop/yassine/Vectorization/data/PatentData/ReorganisedData/EP3055051B1/EP3055051B1_F0001.tif
EP3055065B1,F0001,/home/safe/Desktop/yassine/Vectorization/data/PatentData/ReorganisedData/EP3055065B1/EP3055065B1_F0001.tif
EP3055622B1,F0001,/home/safe/Desktop/yassine/Vectorization/data/PatentData/ReorganisedData/EP3055622B1/EP3055622B1_F0001.tif
EP3056278B1,F0001,/home/safe/Desktop/yassine/Vectorization/data/PatentData/ReorganisedData/EP3056278B1/EP3056278B1_F0001.tif
EP3056732B1,F0001,/home/safe/Desktop/yassine/Vectorization/data/PatentData/ReorganisedData/EP3056732B1/EP3056732B1_F0001.tif
EP3056762B1,F0001,/home/safe/Desktop/yassine/Vectorization/data/PatentData/ReorganisedData/EP3056762B1/EP3056762B1_F0001.tif
EP3058175B1,F0001,/home/safe/Desktop/yassine/Vectorization/data/PatentData/ReorganisedData/EP3058175B1/EP3058175B1_F0001.tif
EP3060359B1,F0003,/home/safe/Desktop/yassine/Vectorization/data/PatentData/ReorganisedData/EP3060359B1/EP3060359B1_F0003.tif
EP3060764B1,F0001,/home/safe/Desktop/yassine/Vectorization/data/PatentData/ReorganisedData/EP3060764B1/EP3060764B1_F0001.tif
EP3060791B1,F0001,/home/safe/Desktop/yassine/Vectorization/data/PatentData/ReorganisedData/EP3060791B1/EP3060791B1_F0001.tif
EP3061928B1,F0001,/home/safe/Desktop/yassine/Vectorization/data/PatentData/ReorganisedData/EP3061928B1/EP3061928B1_F0001.tif
EP3065845B1,F0001,/home/safe/Desktop/yassine/Vectorization/data/PatentData/ReorganisedData/EP3065845B1/EP3065845B1_F0001.tif
EP3066376B1,F0002,/home/safe/Desktop/yassine/Vectorization/data/PatentData/ReorganisedData/EP3066376B1/EP3066376B1_F0002.tif
EP3067278B1,F0001,/home/safe/Desktop/yassine/Vectorization/data/PatentData/ReorganisedData/EP3067278B1/EP3067278B1_F0001.tif
EP3068634B1,F0002,/home/safe/Desktop/yassine/Vectorization/data/PatentData/ReorganisedData/EP3068634B1/EP3068634B1_F0002.tif
EP3069055B1,F0001,/home/safe/Desktop/yassine/Vectorization/data/PatentData/ReorganisedData/EP3069055B1/EP3069055B1_F0001.tif
EP3069805B1,F0001,/home/safe/Desktop/yassine/Vectorization/data/PatentData/ReorganisedData/EP3069805B1/EP3069805B1_F0001.tif
EP3069863B1,F0001,/home/safe/Desktop/yassine/Vectorization/data/PatentData/ReorganisedData/EP3069863B1/EP3069863B1_F0001.tif
EP3069906B1,F0001,/home/safe/Desktop/yassine/Vectorization/data/PatentData/ReorganisedData/EP3069906B1/EP3069906B1_F0001.tif
EP3070367B1,F0001,/home/safe/Desktop/yassine/Vectorization/data/PatentData/ReorganisedData/EP3070367B1/EP3070367B1_F0001.tif
EP3070380B1,F0005,/home/safe/Desktop/yassine/Vectorization/data/PatentData/ReorganisedData/EP3070380B1/EP3070380B1_F0005.tif
EP3071925B1,F0003,/home/safe/Desktop/yassine/Vectorization/data/PatentData/ReorganisedData/EP3071925B1/EP3071925B1_F0003.tif
EP3072718B1,F0001,/home/safe/Desktop/yassine/Vectorization/data/PatentData/ReorganisedData/EP3072718B1/EP3072718B1_F0001.tif
EP3072820B1,F0006,/home/safe/Desktop/yassine/Vectorization/data/PatentData/ReorganisedData/EP3072820B1/EP3072820B1_F0006.tif
EP3073144B1,F0001,/home/safe/Desktop/yassine/Vectorization/data/PatentData/ReorganisedData/EP3073144B1/EP3073144B1_F0001.tif
EP3075466B1,F0001,/home/safe/Desktop/yassine/Vectorization/data/PatentData/ReorganisedData/EP3075466B1/EP3075466B1_F0001.tif
EP3077179B1,F0001,/home/safe/Desktop/yassine/Vectorization/data/PatentData/ReorganisedData/EP3077179B1/EP3077179B1_F0001.tif
EP3077666B1,F0007,/home/safe/Desktop/yassine/Vectorization/data/PatentData/ReorganisedData/EP3077666B1/EP3077666B1_F0007.tif
EP3077718B1,F0001,/home/safe/Desktop/yassine/Vectorization/data/PatentData/ReorganisedData/EP3077718B1/EP3077718B1_F0001.tif
EP3078449B1,F0001,/home/safe/Desktop/yassine/Vectorization/data/PatentData/ReorganisedData/EP3078449B1/EP3078449B1_F0001.tif
EP3078463B1,F0001,/home/safe/Desktop/yassine/Vectorization/data/PatentData/ReorganisedData/EP3078463B1/EP3078463B1_F0001.tif
EP3078851B1,F0001,/home/safe/Desktop/yassine/Vectorization/data/PatentData/ReorganisedData/EP3078851B1/EP3078851B1_F0001.tif
EP3080447B1,F0002,/home/safe/Desktop/yassine/Vectorization/data/PatentData/ReorganisedData/EP3080447B1/EP3080447B1_F0002.tif
EP3081504B1,F0001,/home/safe/Desktop/yassine/Vectorization/data/PatentData/ReorganisedData/EP3081504B1/EP3081504B1_F0001.tif
EP3081761B1,F0001,/home/safe/Desktop/yassine/Vectorization/data/PatentData/ReorganisedData/EP3081761B1/EP3081761B1_F0001.tif
EP3081768B1,F0001,/home/safe/Desktop/yassine/Vectorization/data/PatentData/ReorganisedData/EP3081768B1/EP3081768B1_F0001.tif
EP3081839B1,F0002,/home/safe/Desktop/yassine/Vectorization/data/PatentData/ReorganisedData/EP3081839B1/EP3081839B1_F0002.tif
EP3083278B1,F0001,/home/safe/Desktop/yassine/Vectorization/data/PatentData/ReorganisedData/EP3083278B1/EP3083278B1_F0001.tif
EP3083310B1,F0001,/home/safe/Desktop/yassine/Vectorization/data/PatentData/ReorganisedData/EP3083310B1/EP3083310B1_F0001.tif
EP3083484B1,F0003,/home/safe/Desktop/yassine/Vectorization/data/PatentData/ReorganisedData/EP3083484B1/EP3083484B1_F0003.tif
EP3084158B1,F0001,/home/safe/Desktop/yassine/Vectorization/data/PatentData/ReorganisedData/EP3084158B1/EP3084158B1_F0001.tif
EP3084239B1,F0001,/home/safe/Desktop/yassine/Vectorization/data/PatentData/ReorganisedData/EP3084239B1/EP3084239B1_F0001.tif
EP3085580B1,F0001,/home/safe/Desktop/yassine/Vectorization/data/PatentData/ReorganisedData/EP3085580B1/EP3085580B1_F0001.tif
EP3085607B1,F0001,/home/safe/Desktop/yassine/Vectorization/data/PatentData/ReorganisedData/EP3085607B1/EP3085607B1_F0001.tif
EP3085918B1,F0001,/home/safe/Desktop/yassine/Vectorization/data/PatentData/ReorganisedData/EP3085918B1/EP3085918B1_F0001.tif
EP3085937B1,F0008,/home/safe/Desktop/yassine/Vectorization/data/PatentData/ReorganisedData/EP3085937B1/EP3085937B1_F0008.tif
EP3086063B1,F0002,/home/safe/Desktop/yassine/Vectorization/data/PatentData/ReorganisedData/EP3086063B1/EP3086063B1_F0002.tif
EP3086069B1,F0001,/home/safe/Desktop/yassine/Vectorization/data/PatentData/ReorganisedData/EP3086069B1/EP3086069B1_F0001.tif
EP3088282B1,F0002,/home/safe/Desktop/yassine/Vectorization/data/PatentData/ReorganisedData/EP3088282B1/EP3088282B1_F0002.tif
EP3088339B1,F0001,/home/safe/Desktop/yassine/Vectorization/data/PatentData/ReorganisedData/EP3088339B1/EP3088339B1_F0001.tif
EP3088665B1,F0002,/home/safe/Desktop/yassine/Vectorization/data/PatentData/ReorganisedData/EP3088665B1/EP3088665B1_F0002.tif
EP3088678B1,F0001,/home/safe/Desktop/yassine/Vectorization/data/PatentData/ReorganisedData/EP3088678B1/EP3088678B1_F0001.tif
EP3088691B1,F0001,/home/safe/Desktop/yassine/Vectorization/data/PatentData/ReorganisedData/EP3088691B1/EP3088691B1_F0001.tif
EP3090980B1,F0002,/home/safe/Desktop/yassine/Vectorization/data/PatentData/ReorganisedData/EP3090980B1/EP3090980B1_F0002.tif
EP3092372B1,F0001,/home/safe/Desktop/yassine/Vectorization/data/PatentData/ReorganisedData/EP3092372B1/EP3092372B1_F0001.tif
EP3093123B1,F0001,/home/safe/Desktop/yassine/Vectorization/data/PatentData/ReorganisedData/EP3093123B1/EP3093123B1_F0001.tif
EP3093465B1,F0001,/home/safe/Desktop/yassine/Vectorization/data/PatentData/ReorganisedData/EP3093465B1/EP3093465B1_F0001.tif
EP3094867B1,F0001,/home/safe/Desktop/yassine/Vectorization/data/PatentData/ReorganisedData/EP3094867B1/EP3094867B1_F0001.tif
EP3094870B1,F0001,/home/safe/Desktop/yassine/Vectorization/data/PatentData/ReorganisedData/EP3094870B1/EP3094870B1_F0001.tif
EP3095541B1,F0003,/home/safe/Desktop/yassine/Vectorization/data/PatentData/ReorganisedData/EP3095541B1/EP3095541B1_F0003.tif
EP3095674B1,F0001,/home/safe/Desktop/yassine/Vectorization/data/PatentData/ReorganisedData/EP3095674B1/EP3095674B1_F0001.tif
EP3095958B1,F0001,/home/safe/Desktop/yassine/Vectorization/data/PatentData/ReorganisedData/EP3095958B1/EP3095958B1_F0001.tif
EP3097316B1,F0001,/home/safe/Desktop/yassine/Vectorization/data/PatentData/ReorganisedData/EP3097316B1/EP3097316B1_F0001.tif
EP3098023B1,F0001,/home/safe/Desktop/yassine/Vectorization/data/PatentData/ReorganisedData/EP3098023B1/EP3098023B1_F0001.tif
EP3098437B1,F0002,/home/safe/Desktop/yassine/Vectorization/data/PatentData/ReorganisedData/EP3098437B1/EP3098437B1_F0002.tif
EP3098450B1,F0002,/home/safe/Desktop/yassine/Vectorization/data/PatentData/ReorganisedData/EP3098450B1/EP3098450B1_F0002.tif
EP3102849B1,F0001,/home/safe/Desktop/yassine/Vectorization/data/PatentData/ReorganisedData/EP3102849B1/EP3102849B1_F0001.tif
EP3103588B1,F0001,/home/safe/Desktop/yassine/Vectorization/data/PatentData/ReorganisedData/EP3103588B1/EP3103588B1_F0001.tif
EP3103607B1,F0001,/home/safe/Desktop/yassine/Vectorization/data/PatentData/ReorganisedData/EP3103607B1/EP3103607B1_F0001.tif
EP3104073B1,F0001,/home/safe/Desktop/yassine/Vectorization/data/PatentData/ReorganisedData/EP3104073B1/EP3104073B1_F0001.tif
EP3105021B1,F0001,/home/safe/Desktop/yassine/Vectorization/data/PatentData/ReorganisedData/EP3105021B1/EP3105021B1_F0001.tif
EP3105475B1,F0001,/home/safe/Desktop/yassine/Vectorization/data/PatentData/ReorganisedData/EP3105475B1/EP3105475B1_F0001.tif
EP3106324B1,F0001,/home/safe/Desktop/yassine/Vectorization/data/PatentData/ReorganisedData/EP3106324B1/EP3106324B1_F0001.tif
EP3106707B1,F0001,/home/safe/Desktop/yassine/Vectorization/data/PatentData/ReorganisedData/EP3106707B1/EP3106707B1_F0001.tif
EP3108104B1,F0001,/home/safe/Desktop/yassine/Vectorization/data/PatentData/ReorganisedData/EP3108104B1/EP3108104B1_F0001.tif
EP3109099B1,F0002,/home/safe/Desktop/yassine/Vectorization/data/PatentData/ReorganisedData/EP3109099B1/EP3109099B1_F0002.tif
EP3111126B1,F0003,/home/safe/Desktop/yassine/Vectorization/data/PatentData/ReorganisedData/EP3111126B1/EP3111126B1_F0003.tif
EP3112592B1,F0001,/home/safe/Desktop/yassine/Vectorization/data/PatentData/ReorganisedData/EP3112592B1/EP3112592B1_F0001.tif
EP3114069B1,F0001,/home/safe/Desktop/yassine/Vectorization/data/PatentData/ReorganisedData/EP3114069B1/EP3114069B1_F0001.tif
EP3114073B1,F0001,/home/safe/Desktop/yassine/Vectorization/data/PatentData/ReorganisedData/EP3114073B1/EP3114073B1_F0001.tif
EP3118151B1,F0001,/home/safe/Desktop/yassine/Vectorization/data/PatentData/ReorganisedData/EP3118151B1/EP3118151B1_F0001.tif
EP3118413B1,F0001,/home/safe/Desktop/yassine/Vectorization/data/PatentData/ReorganisedData/EP3118413B1/EP3118413B1_F0001.tif
EP3119585B1,F0001,/home/safe/Desktop/yassine/Vectorization/data/PatentData/ReorganisedData/EP3119585B1/EP3119585B1_F0001.tif
EP3120099B1,F0001,/home/safe/Desktop/yassine/Vectorization/data/PatentData/ReorganisedData/EP3120099B1/EP3120099B1_F0001.tif
EP3122542B1,F0001,/home/safe/Desktop/yassine/Vectorization/data/PatentData/ReorganisedData/EP3122542B1/EP3122542B1_F0001.tif
EP3122576B1,F0001,/home/safe/Desktop/yassine/Vectorization/data/PatentData/ReorganisedData/EP3122576B1/EP3122576B1_F0001.tif
EP3122595B1,F0002,/home/safe/Desktop/yassine/Vectorization/data/PatentData/ReorganisedData/EP3122595B1/EP3122595B1_F0002.tif
EP3122614B1,F0001,/home/safe/Desktop/yassine/Vectorization/data/PatentData/ReorganisedData/EP3122614B1/EP3122614B1_F0001.tif
EP3122653B1,F0003,/home/safe/Desktop/yassine/Vectorization/data/PatentData/ReorganisedData/EP3122653B1/EP3122653B1_F0003.tif
EP3124882B1,F0001,/home/safe/Desktop/yassine/Vectorization/data/PatentData/ReorganisedData/EP3124882B1/EP3124882B1_F0001.tif
EP3127730B1,F0001,/home/safe/Desktop/yassine/Vectorization/data/PatentData/ReorganisedData/EP3127730B1/EP3127730B1_F0001.tif
EP3128255B1,F0001,/home/safe/Desktop/yassine/Vectorization/data/PatentData/ReorganisedData/EP3128255B1/EP3128255B1_F0001.tif
EP3129734B1,F0002,/home/safe/Desktop/yassine/Vectorization/data/PatentData/ReorganisedData/EP3129734B1/EP3129734B1_F0002.tif
EP3130513B1,F0001,/home/safe/Desktop/yassine/Vectorization/data/PatentData/ReorganisedData/EP3130513B1/EP3130513B1_F0001.tif
EP3130537B1,F0001,/home/safe/Desktop/yassine/Vectorization/data/PatentData/ReorganisedData/EP3130537B1/EP3130537B1_F0001.tif
EP3130814B1,F0001,/home/safe/Desktop/yassine/Vectorization/data/PatentData/ReorganisedData/EP3130814B1/EP3130814B1_F0001.tif
EP3131762B1,F0001,/home/safe/Desktop/yassine/Vectorization/data/PatentData/ReorganisedData/EP3131762B1/EP3131762B1_F0001.tif
EP3131836B1,F0001,/home/safe/Desktop/yassine/Vectorization/data/PatentData/ReorganisedData/EP3131836B1/EP3131836B1_F0001.tif
EP3131845B1,F0001,/home/safe/Desktop/yassine/Vectorization/data/PatentData/ReorganisedData/EP3131845B1/EP3131845B1_F0001.tif
EP3132166B1,F0001,/home/safe/Desktop/yassine/Vectorization/data/PatentData/ReorganisedData/EP3132166B1/EP3132166B1_F0001.tif
EP3132852B1,F0002,/home/safe/Desktop/yassine/Vectorization/data/PatentData/ReorganisedData/EP3132852B1/EP3132852B1_F0002.tif
EP3132888B1,F0001,/home/safe/Desktop/yassine/Vectorization/data/PatentData/ReorganisedData/EP3132888B1/EP3132888B1_F0001.tif
EP3132923B1,F0001,/home/safe/Desktop/yassine/Vectorization/data/PatentData/ReorganisedData/EP3132923B1/EP3132923B1_F0001.tif
EP3133001B1,F0004,/home/safe/Desktop/yassine/Vectorization/data/PatentData/ReorganisedData/EP3133001B1/EP3133001B1_F0004.tif
EP3133284B1,F0001,/home/safe/Desktop/yassine/Vectorization/data/PatentData/ReorganisedData/EP3133284B1/EP3133284B1_F0001.tif
EP3133317B1,F0002,/home/safe/Desktop/yassine/Vectorization/data/PatentData/ReorganisedData/EP3133317B1/EP3133317B1_F0002.tif
EP3134240B1,F0001,/home/safe/Desktop/yassine/Vectorization/data/PatentData/ReorganisedData/EP3134240B1/EP3134240B1_F0001.tif
EP3134298B1,F0001,/home/safe/Desktop/yassine/Vectorization/data/PatentData/ReorganisedData/EP3134298B1/EP3134298B1_F0001.tif
EP3134329B1,F0002,/home/safe/Desktop/yassine/Vectorization/data/PatentData/ReorganisedData/EP3134329B1/EP3134329B1_F0002.tif
EP3135382B1,F0001,/home/safe/Desktop/yassine/Vectorization/data/PatentData/ReorganisedData/EP3135382B1/EP3135382B1_F0001.tif
EP3135582B1,F0001,/home/safe/Desktop/yassine/Vectorization/data/PatentData/ReorganisedData/EP3135582B1/EP3135582B1_F0001.tif
EP3135587B1,F0001,/home/safe/Desktop/yassine/Vectorization/data/PatentData/ReorganisedData/EP3135587B1/EP3135587B1_F0001.tif
EP3135890B1,F0001,/home/safe/Desktop/yassine/Vectorization/data/PatentData/ReorganisedData/EP3135890B1/EP3135890B1_F0001.tif
EP3139008B1,F0001,/home/safe/Desktop/yassine/Vectorization/data/PatentData/ReorganisedData/EP3139008B1/EP3139008B1_F0001.tif
EP3139015B1,F0001,/home/safe/Desktop/yassine/Vectorization/data/PatentData/ReorganisedData/EP3139015B1/EP3139015B1_F0001.tif
EP3139078B1,F0001,/home/safe/Desktop/yassine/Vectorization/data/PatentData/ReorganisedData/EP3139078B1/EP3139078B1_F0001.tif
EP3141801B1,F0001,/home/safe/Desktop/yassine/Vectorization/data/PatentData/ReorganisedData/EP3141801B1/EP3141801B1_F0001.tif
EP3144262B1,F0001,/home/safe/Desktop/yassine/Vectorization/data/PatentData/ReorganisedData/EP3144262B1/EP3144262B1_F0001.tif
EP3145664B1,F0004,/home/safe/Desktop/yassine/Vectorization/data/PatentData/ReorganisedData/EP3145664B1/EP3145664B1_F0004.tif
EP3145734B1,F0001,/home/safe/Desktop/yassine/Vectorization/data/PatentData/ReorganisedData/EP3145734B1/EP3145734B1_F0001.tif
EP3146234B1,F0001,/home/safe/Desktop/yassine/Vectorization/data/PatentData/ReorganisedData/EP3146234B1/EP3146234B1_F0001.tif
EP3147020B1,F0001,/home/safe/Desktop/yassine/Vectorization/data/PatentData/ReorganisedData/EP3147020B1/EP3147020B1_F0001.tif
EP3147512B1,F0002,/home/safe/Desktop/yassine/Vectorization/data/PatentData/ReorganisedData/EP3147512B1/EP3147512B1_F0002.tif
EP3148667B1,F0001,/home/safe/Desktop/yassine/Vectorization/data/PatentData/ReorganisedData/EP3148667B1/EP3148667B1_F0001.tif
EP3150269B1,F0001,/home/safe/Desktop/yassine/Vectorization/data/PatentData/ReorganisedData/EP3150269B1/EP3150269B1_F0001.tif
EP3150311B1,F0003,/home/safe/Desktop/yassine/Vectorization/data/PatentData/ReorganisedData/EP3150311B1/EP3150311B1_F0003.tif
EP3156174B1,F0001,/home/safe/Desktop/yassine/Vectorization/data/PatentData/ReorganisedData/EP3156174B1/EP3156174B1_F0001.tif
EP3157769B1,F0001,/home/safe/Desktop/yassine/Vectorization/data/PatentData/ReorganisedData/EP3157769B1/EP3157769B1_F0001.tif
EP3159262B1,F0001,/home/safe/Desktop/yassine/Vectorization/data/PatentData/ReorganisedData/EP3159262B1/EP3159262B1_F0001.tif
EP3160867B1,F0001,/home/safe/Desktop/yassine/Vectorization/data/PatentData/ReorganisedData/EP3160867B1/EP3160867B1_F0001.tif
EP3162656B1,F0001,/home/safe/Desktop/yassine/Vectorization/data/PatentData/ReorganisedData/EP3162656B1/EP3162656B1_F0001.tif
EP3163210B1,F0001,/home/safe/Desktop/yassine/Vectorization/data/PatentData/ReorganisedData/EP3163210B1/EP3163210B1_F0001.tif
EP3165459B1,F0001,/home/safe/Desktop/yassine/Vectorization/data/PatentData/ReorganisedData/EP3165459B1/EP3165459B1_F0001.tif
EP3165740B1,F0001,/home/safe/Desktop/yassine/Vectorization/data/PatentData/ReorganisedData/EP3165740B1/EP3165740B1_F0001.tif
EP3165799B1,F0001,/home/safe/Desktop/yassine/Vectorization/data/PatentData/ReorganisedData/EP3165799B1/EP3165799B1_F0001.tif
EP3168469B1,F0001,/home/safe/Desktop/yassine/Vectorization/data/PatentData/ReorganisedData/EP3168469B1/EP3168469B1_F0001.tif
EP3169603B1,F0001,/home/safe/Desktop/yassine/Vectorization/data/PatentData/ReorganisedData/EP3169603B1/EP3169603B1_F0001.tif
EP3172116B1,F0001,/home/safe/Desktop/yassine/Vectorization/data/PatentData/ReorganisedData/EP3172116B1/EP3172116B1_F0001.tif
EP3172135B1,F0001,/home/safe/Desktop/yassine/Vectorization/data/PatentData/ReorganisedData/EP3172135B1/EP3172135B1_F0001.tif
EP3172141B1,F0001,/home/safe/Desktop/yassine/Vectorization/data/PatentData/ReorganisedData/EP3172141B1/EP3172141B1_F0001.tif
EP3175197B1,F0001,/home/safe/Desktop/yassine/Vectorization/data/PatentData/ReorganisedData/EP3175197B1/EP3175197B1_F0001.tif
EP3175198B1,F0001,/home/safe/Desktop/yassine/Vectorization/data/PatentData/ReorganisedData/EP3175198B1/EP3175198B1_F0001.tif
EP3176040B1,F0001,/home/safe/Desktop/yassine/Vectorization/data/PatentData/ReorganisedData/EP3176040B1/EP3176040B1_F0001.tif
EP3177502B1,F0001,/home/safe/Desktop/yassine/Vectorization/data/PatentData/ReorganisedData/EP3177502B1/EP3177502B1_F0001.tif
EP3178608B1,F0001,/home/safe/Desktop/yassine/Vectorization/data/PatentData/ReorganisedData/EP3178608B1/EP3178608B1_F0001.tif
EP3180552B1,F0001,/home/safe/Desktop/yassine/Vectorization/data/PatentData/ReorganisedData/EP3180552B1/EP3180552B1_F0001.tif
EP3181445B1,F0001,/home/safe/Desktop/yassine/Vectorization/data/PatentData/ReorganisedData/EP3181445B1/EP3181445B1_F0001.tif
EP3181842B1,F0002,/home/safe/Desktop/yassine/Vectorization/data/PatentData/ReorganisedData/EP3181842B1/EP3181842B1_F0002.tif
EP3184882B1,F0001,/home/safe/Desktop/yassine/Vectorization/data/PatentData/ReorganisedData/EP3184882B1/EP3184882B1_F0001.tif
EP3184928B1,F0001,/home/safe/Desktop/yassine/Vectorization/data/PatentData/ReorganisedData/EP3184928B1/EP3184928B1_F0001.tif
EP3187278B1,F0001,/home/safe/Desktop/yassine/Vectorization/data/PatentData/ReorganisedData/EP3187278B1/EP3187278B1_F0001.tif
EP3187382B1,F0001,/home/safe/Desktop/yassine/Vectorization/data/PatentData/ReorganisedData/EP3187382B1/EP3187382B1_F0001.tif
EP3187689B1,F0001,/home/safe/Desktop/yassine/Vectorization/data/PatentData/ReorganisedData/EP3187689B1/EP3187689B1_F0001.tif
EP3190051B1,F0001,/home/safe/Desktop/yassine/Vectorization/data/PatentData/ReorganisedData/EP3190051B1/EP3190051B1_F0001.tif
EP3190281B1,F0001,/home/safe/Desktop/yassine/Vectorization/data/PatentData/ReorganisedData/EP3190281B1/EP3190281B1_F0001.tif
EP3190364B1,F0001,/home/safe/Desktop/yassine/Vectorization/data/PatentData/ReorganisedData/EP3190364B1/EP3190364B1_F0001.tif
EP3193044B1,F0001,/home/safe/Desktop/yassine/Vectorization/data/PatentData/ReorganisedData/EP3193044B1/EP3193044B1_F0001.tif
EP3193107B1,F0001,/home/safe/Desktop/yassine/Vectorization/data/PatentData/ReorganisedData/EP3193107B1/EP3193107B1_F0001.tif
EP3194190B1,F0001,/home/safe/Desktop/yassine/Vectorization/data/PatentData/ReorganisedData/EP3194190B1/EP3194190B1_F0001.tif
EP3195940B1,F0001,/home/safe/Desktop/yassine/Vectorization/data/PatentData/ReorganisedData/EP3195940B1/EP3195940B1_F0001.tif
EP3196068B1,F0004,/home/safe/Desktop/yassine/Vectorization/data/PatentData/ReorganisedData/EP3196068B1/EP3196068B1_F0004.tif
EP3197771B1,F0001,/home/safe/Desktop/yassine/Vectorization/data/PatentData/ReorganisedData/EP3197771B1/EP3197771B1_F0001.tif
EP3199194B1,F0001,/home/safe/Desktop/yassine/Vectorization/data/PatentData/ReorganisedData/EP3199194B1/EP3199194B1_F0001.tif
EP3199849B1,F0002,/home/safe/Desktop/yassine/Vectorization/data/PatentData/ReorganisedData/EP3199849B1/EP3199849B1_F0002.tif
EP3201091B1,F0001,/home/safe/Desktop/yassine/Vectorization/data/PatentData/ReorganisedData/EP3201091B1/EP3201091B1_F0001.tif
EP3201480B1,F0001,/home/safe/Desktop/yassine/Vectorization/data/PatentData/ReorganisedData/EP3201480B1/EP3201480B1_F0001.tif
EP3201514B1,F0001,/home/safe/Desktop/yassine/Vectorization/data/PatentData/ReorganisedData/EP3201514B1/EP3201514B1_F0001.tif
EP3202669B1,F0001,/home/safe/Desktop/yassine/Vectorization/data/PatentData/ReorganisedData/EP3202669B1/EP3202669B1_F0001.tif
EP3204245B1,F0001,/home/safe/Desktop/yassine/Vectorization/data/PatentData/ReorganisedData/EP3204245B1/EP3204245B1_F0001.tif
EP3204246B1,F0003,/home/safe/Desktop/yassine/Vectorization/data/PatentData/ReorganisedData/EP3204246B1/EP3204246B1_F0003.tif
EP3204642B1,F0001,/home/safe/Desktop/yassine/Vectorization/data/PatentData/ReorganisedData/EP3204642B1/EP3204642B1_F0001.tif
EP3205582B1,F0002,/home/safe/Desktop/yassine/Vectorization/data/PatentData/ReorganisedData/EP3205582B1/EP3205582B1_F0002.tif
EP3205923B1,F0001,/home/safe/Desktop/yassine/Vectorization/data/PatentData/ReorganisedData/EP3205923B1/EP3205923B1_F0001.tif
EP3205935B1,F0002,/home/safe/Desktop/yassine/Vectorization/data/PatentData/ReorganisedData/EP3205935B1/EP3205935B1_F0002.tif
EP3206934B1,F0003,/home/safe/Desktop/yassine/Vectorization/data/PatentData/ReorganisedData/EP3206934B1/EP3206934B1_F0003.tif
EP3207293B1,F0001,/home/safe/Desktop/yassine/Vectorization/data/PatentData/ReorganisedData/EP3207293B1/EP3207293B1_F0001.tif
EP3207308B1,F0001,/home/safe/Desktop/yassine/Vectorization/data/PatentData/ReorganisedData/EP3207308B1/EP3207308B1_F0001.tif
EP3208190B1,F0001,/home/safe/Desktop/yassine/Vectorization/data/PatentData/ReorganisedData/EP3208190B1/EP3208190B1_F0001.tif
EP3208480B1,F0002,/home/safe/Desktop/yassine/Vectorization/data/PatentData/ReorganisedData/EP3208480B1/EP3208480B1_F0002.tif
EP3210764B1,F0001,/home/safe/Desktop/yassine/Vectorization/data/PatentData/ReorganisedData/EP3210764B1/EP3210764B1_F0001.tif
EP3211237B1,F0001,/home/safe/Desktop/yassine/Vectorization/data/PatentData/ReorganisedData/EP3211237B1/EP3211237B1_F0001.tif
EP3211357B1,F0001,/home/safe/Desktop/yassine/Vectorization/data/PatentData/ReorganisedData/EP3211357B1/EP3211357B1_F0001.tif
EP3213852B1,F0001,/home/safe/Desktop/yassine/Vectorization/data/PatentData/ReorganisedData/EP3213852B1/EP3213852B1_F0001.tif
EP3213868B1,F0001,/home/safe/Desktop/yassine/Vectorization/data/PatentData/ReorganisedData/EP3213868B1/EP3213868B1_F0001.tif
EP3214374B1,F0001,/home/safe/Desktop/yassine/Vectorization/data/PatentData/ReorganisedData/EP3214374B1/EP3214374B1_F0001.tif
EP3216695B1,F0001,/home/safe/Desktop/yassine/Vectorization/data/PatentData/ReorganisedData/EP3216695B1/EP3216695B1_F0001.tif
EP3216733B1,F0001,/home/safe/Desktop/yassine/Vectorization/data/PatentData/ReorganisedData/EP3216733B1/EP3216733B1_F0001.tif
EP3219407B1,F0001,/home/safe/Desktop/yassine/Vectorization/data/PatentData/ReorganisedData/EP3219407B1/EP3219407B1_F0001.tif
EP3219622B1,F0003,/home/safe/Desktop/yassine/Vectorization/data/PatentData/ReorganisedData/EP3219622B1/EP3219622B1_F0003.tif
EP3221178B1,F0001,/home/safe/Desktop/yassine/Vectorization/data/PatentData/ReorganisedData/EP3221178B1/EP3221178B1_F0001.tif
EP3221577B1,F0001,/home/safe/Desktop/yassine/Vectorization/data/PatentData/ReorganisedData/EP3221577B1/EP3221577B1_F0001.tif
EP3222506B1,F0003,/home/safe/Desktop/yassine/Vectorization/data/PatentData/ReorganisedData/EP3222506B1/EP3222506B1_F0003.tif
EP3222550B1,F0001,/home/safe/Desktop/yassine/Vectorization/data/PatentData/ReorganisedData/EP3222550B1/EP3222550B1_F0001.tif
EP3222844B1,F0001,/home/safe/Desktop/yassine/Vectorization/data/PatentData/ReorganisedData/EP3222844B1/EP3222844B1_F0001.tif
EP3224550B1,F0001,/home/safe/Desktop/yassine/Vectorization/data/PatentData/ReorganisedData/EP3224550B1/EP3224550B1_F0001.tif
EP3225362B1,F0001,/home/safe/Desktop/yassine/Vectorization/data/PatentData/ReorganisedData/EP3225362B1/EP3225362B1_F0001.tif
EP3225917B1,F0003,/home/safe/Desktop/yassine/Vectorization/data/PatentData/ReorganisedData/EP3225917B1/EP3225917B1_F0003.tif
EP3229972B1,F0002,/home/safe/Desktop/yassine/Vectorization/data/PatentData/ReorganisedData/EP3229972B1/EP3229972B1_F0002.tif
EP3230156B1,F0001,/home/safe/Desktop/yassine/Vectorization/data/PatentData/ReorganisedData/EP3230156B1/EP3230156B1_F0001.tif
EP3230196B1,F0004,/home/safe/Desktop/yassine/Vectorization/data/PatentData/ReorganisedData/EP3230196B1/EP3230196B1_F0004.tif
EP3231602B1,F0002,/home/safe/Desktop/yassine/Vectorization/data/PatentData/ReorganisedData/EP3231602B1/EP3231602B1_F0002.tif
EP3231728B1,F0001,/home/safe/Desktop/yassine/Vectorization/data/PatentData/ReorganisedData/EP3231728B1/EP3231728B1_F0001.tif
EP3232177B1,F0002,/home/safe/Desktop/yassine/Vectorization/data/PatentData/ReorganisedData/EP3232177B1/EP3232177B1_F0002.tif
EP3233375B1,F0001,/home/safe/Desktop/yassine/Vectorization/data/PatentData/ReorganisedData/EP3233375B1/EP3233375B1_F0001.tif
EP3233641B1,F0001,/home/safe/Desktop/yassine/Vectorization/data/PatentData/ReorganisedData/EP3233641B1/EP3233641B1_F0001.tif
EP3234344B1,F0001,/home/safe/Desktop/yassine/Vectorization/data/PatentData/ReorganisedData/EP3234344B1/EP3234344B1_F0001.tif
EP3235604B1,F0001,/home/safe/Desktop/yassine/Vectorization/data/PatentData/ReorganisedData/EP3235604B1/EP3235604B1_F0001.tif
EP3235724B1,F0003,/home/safe/Desktop/yassine/Vectorization/data/PatentData/ReorganisedData/EP3235724B1/EP3235724B1_F0003.tif
EP3235732B1,F0001,/home/safe/Desktop/yassine/Vectorization/data/PatentData/ReorganisedData/EP3235732B1/EP3235732B1_F0001.tif
EP3236034B1,F0001,/home/safe/Desktop/yassine/Vectorization/data/PatentData/ReorganisedData/EP3236034B1/EP3236034B1_F0001.tif
EP3236056B1,F0001,/home/safe/Desktop/yassine/Vectorization/data/PatentData/ReorganisedData/EP3236056B1/EP3236056B1_F0001.tif
EP3236109B1,F0001,/home/safe/Desktop/yassine/Vectorization/data/PatentData/ReorganisedData/EP3236109B1/EP3236109B1_F0001.tif
EP3237832B1,F0001,/home/safe/Desktop/yassine/Vectorization/data/PatentData/ReorganisedData/EP3237832B1/EP3237832B1_F0001.tif
EP3238844B1,F0002,/home/safe/Desktop/yassine/Vectorization/data/PatentData/ReorganisedData/EP3238844B1/EP3238844B1_F0002.tif
EP3239024B1,F0002,/home/safe/Desktop/yassine/Vectorization/data/PatentData/ReorganisedData/EP3239024B1/EP3239024B1_F0002.tif
EP3239026B1,F0001,/home/safe/Desktop/yassine/Vectorization/data/PatentData/ReorganisedData/EP3239026B1/EP3239026B1_F0001.tif
EP3239092B1,F0001,/home/safe/Desktop/yassine/Vectorization/data/PatentData/ReorganisedData/EP3239092B1/EP3239092B1_F0001.tif
EP3239463B1,F0001,/home/safe/Desktop/yassine/Vectorization/data/PatentData/ReorganisedData/EP3239463B1/EP3239463B1_F0001.tif
EP3239476B1,F0001,/home/safe/Desktop/yassine/Vectorization/data/PatentData/ReorganisedData/EP3239476B1/EP3239476B1_F0001.tif
EP3241998B1,F0004,/home/safe/Desktop/yassine/Vectorization/data/PatentData/ReorganisedData/EP3241998B1/EP3241998B1_F0004.tif
EP3242055B1,F0001,/home/safe/Desktop/yassine/Vectorization/data/PatentData/ReorganisedData/EP3242055B1/EP3242055B1_F0001.tif
EP3242100B1,F0001,/home/safe/Desktop/yassine/Vectorization/data/PatentData/ReorganisedData/EP3242100B1/EP3242100B1_F0001.tif
EP3246129B1,F0001,/home/safe/Desktop/yassine/Vectorization/data/PatentData/ReorganisedData/EP3246129B1/EP3246129B1_F0001.tif
EP3246140B1,F0003,/home/safe/Desktop/yassine/Vectorization/data/PatentData/ReorganisedData/EP3246140B1/EP3246140B1_F0003.tif
EP3246180B1,F0001,/home/safe/Desktop/yassine/Vectorization/data/PatentData/ReorganisedData/EP3246180B1/EP3246180B1_F0001.tif
EP3246542B1,F0001,/home/safe/Desktop/yassine/Vectorization/data/PatentData/ReorganisedData/EP3246542B1/EP3246542B1_F0001.tif
EP3252272B1,F0001,/home/safe/Desktop/yassine/Vectorization/data/PatentData/ReorganisedData/EP3252272B1/EP3252272B1_F0001.tif
EP3252299B1,F0001,/home/safe/Desktop/yassine/Vectorization/data/PatentData/ReorganisedData/EP3252299B1/EP3252299B1_F0001.tif
EP3253552B1,F0001,/home/safe/Desktop/yassine/Vectorization/data/PatentData/ReorganisedData/EP3253552B1/EP3253552B1_F0001.tif
EP3253675B1,F0001,/home/safe/Desktop/yassine/Vectorization/data/PatentData/ReorganisedData/EP3253675B1/EP3253675B1_F0001.tif
EP3253699B1,F0001,/home/safe/Desktop/yassine/Vectorization/data/PatentData/ReorganisedData/EP3253699B1/EP3253699B1_F0001.tif
EP3257787B1,F0002,/home/safe/Desktop/yassine/Vectorization/data/PatentData/ReorganisedData/EP3257787B1/EP3257787B1_F0002.tif
EP3258080B1,F0001,/home/safe/Desktop/yassine/Vectorization/data/PatentData/ReorganisedData/EP3258080B1/EP3258080B1_F0001.tif
EP3258130B1,F0001,/home/safe/Desktop/yassine/Vectorization/data/PatentData/ReorganisedData/EP3258130B1/EP3258130B1_F0001.tif
EP3259180B1,F0001,/home/safe/Desktop/yassine/Vectorization/data/PatentData/ReorganisedData/EP3259180B1/EP3259180B1_F0001.tif
EP3259222B1,F0001,/home/safe/Desktop/yassine/Vectorization/data/PatentData/ReorganisedData/EP3259222B1/EP3259222B1_F0001.tif
EP3259449B1,F0001,/home/safe/Desktop/yassine/Vectorization/data/PatentData/ReorganisedData/EP3259449B1/EP3259449B1_F0001.tif
EP3260325B1,F0001,/home/safe/Desktop/yassine/Vectorization/data/PatentData/ReorganisedData/EP3260325B1/EP3260325B1_F0001.tif
EP3260374B1,F0003,/home/safe/Desktop/yassine/Vectorization/data/PatentData/ReorganisedData/EP3260374B1/EP3260374B1_F0003.tif
EP3261877B1,F0002,/home/safe/Desktop/yassine/Vectorization/data/PatentData/ReorganisedData/EP3261877B1/EP3261877B1_F0002.tif
EP3263247B1,F0002,/home/safe/Desktop/yassine/Vectorization/data/PatentData/ReorganisedData/EP3263247B1/EP3263247B1_F0002.tif
EP3265387B1,F0001,/home/safe/Desktop/yassine/Vectorization/data/PatentData/ReorganisedData/EP3265387B1/EP3265387B1_F0001.tif
EP3265420B1,F0001,/home/safe/Desktop/yassine/Vectorization/data/PatentData/ReorganisedData/EP3265420B1/EP3265420B1_F0001.tif
EP3267031B1,F0001,/home/safe/Desktop/yassine/Vectorization/data/PatentData/ReorganisedData/EP3267031B1/EP3267031B1_F0001.tif
EP3267081B1,F0001,/home/safe/Desktop/yassine/Vectorization/data/PatentData/ReorganisedData/EP3267081B1/EP3267081B1_F0001.tif
EP3269499B1,F0001,/home/safe/Desktop/yassine/Vectorization/data/PatentData/ReorganisedData/EP3269499B1/EP3269499B1_F0001.tif
EP3269534B1,F0002,/home/safe/Desktop/yassine/Vectorization/data/PatentData/ReorganisedData/EP3269534B1/EP3269534B1_F0002.tif
EP3269970B1,F0001,/home/safe/Desktop/yassine/Vectorization/data/PatentData/ReorganisedData/EP3269970B1/EP3269970B1_F0001.tif
EP3271083B1,F0001,/home/safe/Desktop/yassine/Vectorization/data/PatentData/ReorganisedData/EP3271083B1/EP3271083B1_F0001.tif
EP3271099B1,F0001,/home/safe/Desktop/yassine/Vectorization/data/PatentData/ReorganisedData/EP3271099B1/EP3271099B1_F0001.tif
EP3271571B1,F0001,/home/safe/Desktop/yassine/Vectorization/data/PatentData/ReorganisedData/EP3271571B1/EP3271571B1_F0001.tif
EP3272462B1,F0001,/home/safe/Desktop/yassine/Vectorization/data/PatentData/ReorganisedData/EP3272462B1/EP3272462B1_F0001.tif
EP3273089B1,F0001,/home/safe/Desktop/yassine/Vectorization/data/PatentData/ReorganisedData/EP3273089B1/EP3273089B1_F0001.tif
EP3274582B1,F0001,/home/safe/Desktop/yassine/Vectorization/data/PatentData/ReorganisedData/EP3274582B1/EP3274582B1_F0001.tif
EP3275647B1,F0001,/home/safe/Desktop/yassine/Vectorization/data/PatentData/ReorganisedData/EP3275647B1/EP3275647B1_F0001.tif
EP3275748B1,F0001,/home/safe/Desktop/yassine/Vectorization/data/PatentData/ReorganisedData/EP3275748B1/EP3275748B1_F0001.tif
EP3275776B1,F0001,/home/safe/Desktop/yassine/Vectorization/data/PatentData/ReorganisedData/EP3275776B1/EP3275776B1_F0001.tif
EP3275833B1,F0001,/home/safe/Desktop/yassine/Vectorization/data/PatentData/ReorganisedData/EP3275833B1/EP3275833B1_F0001.tif
EP3276270B1,F0002,/home/safe/Desktop/yassine/Vectorization/data/PatentData/ReorganisedData/EP3276270B1/EP3276270B1_F0002.tif
EP3276317B1,F0001,/home/safe/Desktop/yassine/Vectorization/data/PatentData/ReorganisedData/EP3276317B1/EP3276317B1_F0001.tif
EP3277439B1,F0001,/home/safe/Desktop/yassine/Vectorization/data/PatentData/ReorganisedData/EP3277439B1/EP3277439B1_F0001.tif
EP3277445B1,F0001,/home/safe/Desktop/yassine/Vectorization/data/PatentData/ReorganisedData/EP3277445B1/EP3277445B1_F0001.tif
EP3278865B1,F0001,/home/safe/Desktop/yassine/Vectorization/data/PatentData/ReorganisedData/EP3278865B1/EP3278865B1_F0001.tif
EP3278904B1,F0001,/home/safe/Desktop/yassine/Vectorization/data/PatentData/ReorganisedData/EP3278904B1/EP3278904B1_F0001.tif
EP3279066B1,F0001,/home/safe/Desktop/yassine/Vectorization/data/PatentData/ReorganisedData/EP3279066B1/EP3279066B1_F0001.tif
EP3279510B1,F0001,/home/safe/Desktop/yassine/Vectorization/data/PatentData/ReorganisedData/EP3279510B1/EP3279510B1_F0001.tif
EP3279553B1,F0001,/home/safe/Desktop/yassine/Vectorization/data/PatentData/ReorganisedData/EP3279553B1/EP3279553B1_F0001.tif
EP3281834B1,F0001,/home/safe/Desktop/yassine/Vectorization/data/PatentData/ReorganisedData/EP3281834B1/EP3281834B1_F0001.tif
EP3283212B1,F0001,/home/safe/Desktop/yassine/Vectorization/data/PatentData/ReorganisedData/EP3283212B1/EP3283212B1_F0001.tif
EP3283252B1,F0001,/home/safe/Desktop/yassine/Vectorization/data/PatentData/ReorganisedData/EP3283252B1/EP3283252B1_F0001.tif
EP3283311B1,F0001,/home/safe/Desktop/yassine/Vectorization/data/PatentData/ReorganisedData/EP3283311B1/EP3283311B1_F0001.tif
EP3283394B1,F0004,/home/safe/Desktop/yassine/Vectorization/data/PatentData/ReorganisedData/EP3283394B1/EP3283394B1_F0004.tif
EP3283396B1,F0002,/home/safe/Desktop/yassine/Vectorization/data/PatentData/ReorganisedData/EP3283396B1/EP3283396B1_F0002.tif
EP3283738B1,F0001,/home/safe/Desktop/yassine/Vectorization/data/PatentData/ReorganisedData/EP3283738B1/EP3283738B1_F0001.tif
EP3283805B1,F0001,/home/safe/Desktop/yassine/Vectorization/data/PatentData/ReorganisedData/EP3283805B1/EP3283805B1_F0001.tif
EP3283857B1,F0003,/home/safe/Desktop/yassine/Vectorization/data/PatentData/ReorganisedData/EP3283857B1/EP3283857B1_F0003.tif
EP3284672B1,F0003,/home/safe/Desktop/yassine/Vectorization/data/PatentData/ReorganisedData/EP3284672B1/EP3284672B1_F0003.tif
EP3284700B1,F0001,/home/safe/Desktop/yassine/Vectorization/data/PatentData/ReorganisedData/EP3284700B1/EP3284700B1_F0001.tif
EP3284967B1,F0001,/home/safe/Desktop/yassine/Vectorization/data/PatentData/ReorganisedData/EP3284967B1/EP3284967B1_F0001.tif
EP3286053B1,F0002,/home/safe/Desktop/yassine/Vectorization/data/PatentData/ReorganisedData/EP3286053B1/EP3286053B1_F0002.tif
EP3286075B1,F0004,/home/safe/Desktop/yassine/Vectorization/data/PatentData/ReorganisedData/EP3286075B1/EP3286075B1_F0004.tif
EP3286512B1,F0001,/home/safe/Desktop/yassine/Vectorization/data/PatentData/ReorganisedData/EP3286512B1/EP3286512B1_F0001.tif
EP3286520B1,F0001,/home/safe/Desktop/yassine/Vectorization/data/PatentData/ReorganisedData/EP3286520B1/EP3286520B1_F0001.tif
EP3287372B1,F0001,/home/safe/Desktop/yassine/Vectorization/data/PatentData/ReorganisedData/EP3287372B1/EP3287372B1_F0001.tif
EP3287603B1,F0001,/home/safe/Desktop/yassine/Vectorization/data/PatentData/ReorganisedData/EP3287603B1/EP3287603B1_F0001.tif
EP3287652B1,F0001,/home/safe/Desktop/yassine/Vectorization/data/PatentData/ReorganisedData/EP3287652B1/EP3287652B1_F0001.tif
EP3288687B1,F0002,/home/safe/Desktop/yassine/Vectorization/data/PatentData/ReorganisedData/EP3288687B1/EP3288687B1_F0002.tif
EP3288729B1,F0001,/home/safe/Desktop/yassine/Vectorization/data/PatentData/ReorganisedData/EP3288729B1/EP3288729B1_F0001.tif
EP3288746B1,F0001,/home/safe/Desktop/yassine/Vectorization/data/PatentData/ReorganisedData/EP3288746B1/EP3288746B1_F0001.tif
EP3288851B1,F0001,/home/safe/Desktop/yassine/Vectorization/data/PatentData/ReorganisedData/EP3288851B1/EP3288851B1_F0001.tif
EP3288863B1,F0001,/home/safe/Desktop/yassine/Vectorization/data/PatentData/ReorganisedData/EP3288863B1/EP3288863B1_F0001.tif
EP3290209B1,F0004,/home/safe/Desktop/yassine/Vectorization/data/PatentData/ReorganisedData/EP3290209B1/EP3290209B1_F0004.tif
EP3290229B1,F0001,/home/safe/Desktop/yassine/Vectorization/data/PatentData/ReorganisedData/EP3290229B1/EP3290229B1_F0001.tif
EP3290275B1,F0001,/home/safe/Desktop/yassine/Vectorization/data/PatentData/ReorganisedData/EP3290275B1/EP3290275B1_F0001.tif
EP3290718B1,F0001,/home/safe/Desktop/yassine/Vectorization/data/PatentData/ReorganisedData/EP3290718B1/EP3290718B1_F0001.tif
EP3291933B1,F0001,/home/safe/Desktop/yassine/Vectorization/data/PatentData/ReorganisedData/EP3291933B1/EP3291933B1_F0001.tif
EP3292058B1,F0001,/home/safe/Desktop/yassine/Vectorization/data/PatentData/ReorganisedData/EP3292058B1/EP3292058B1_F0001.tif
EP3292319B1,F0001,/home/safe/Desktop/yassine/Vectorization/data/PatentData/ReorganisedData/EP3292319B1/EP3292319B1_F0001.tif
EP3292342B1,F0002,/home/safe/Desktop/yassine/Vectorization/data/PatentData/ReorganisedData/EP3292342B1/EP3292342B1_F0002.tif
EP3294627B1,F0001,/home/safe/Desktop/yassine/Vectorization/data/PatentData/ReorganisedData/EP3294627B1/EP3294627B1_F0001.tif
EP3295061B1,F0001,/home/safe/Desktop/yassine/Vectorization/data/PatentData/ReorganisedData/EP3295061B1/EP3295061B1_F0001.tif
EP3296552B1,F0001,/home/safe/Desktop/yassine/Vectorization/data/PatentData/ReorganisedData/EP3296552B1/EP3296552B1_F0001.tif
EP3296604B1,F0001,/home/safe/Desktop/yassine/Vectorization/data/PatentData/ReorganisedData/EP3296604B1/EP3296604B1_F0001.tif
EP3296606B1,F0004,/home/safe/Desktop/yassine/Vectorization/data/PatentData/ReorganisedData/EP3296606B1/EP3296606B1_F0004.tif
EP3297835B1,F0001,/home/safe/Desktop/yassine/Vectorization/data/PatentData/ReorganisedData/EP3297835B1/EP3297835B1_F0001.tif
EP3297897B1,F0002,/home/safe/Desktop/yassine/Vectorization/data/PatentData/ReorganisedData/EP3297897B1/EP3297897B1_F0002.tif
EP3298301B1,F0001,/home/safe/Desktop/yassine/Vectorization/data/PatentData/ReorganisedData/EP3298301B1/EP3298301B1_F0001.tif
EP3299186B1,F0001,/home/safe/Desktop/yassine/Vectorization/data/PatentData/ReorganisedData/EP3299186B1/EP3299186B1_F0001.tif
EP3299198B1,F0001,/home/safe/Desktop/yassine/Vectorization/data/PatentData/ReorganisedData/EP3299198B1/EP3299198B1_F0001.tif
EP3299201B1,F0002,/home/safe/Desktop/yassine/Vectorization/data/PatentData/ReorganisedData/EP3299201B1/EP3299201B1_F0002.tif
EP3299694B1,F0001,/home/safe/Desktop/yassine/Vectorization/data/PatentData/ReorganisedData/EP3299694B1/EP3299694B1_F0001.tif
EP3299703B1,F0001,/home/safe/Desktop/yassine/Vectorization/data/PatentData/ReorganisedData/EP3299703B1/EP3299703B1_F0001.tif
EP3301311B1,F0001,/home/safe/Desktop/yassine/Vectorization/data/PatentData/ReorganisedData/EP3301311B1/EP3301311B1_F0001.tif
EP3301327B1,F0001,/home/safe/Desktop/yassine/Vectorization/data/PatentData/ReorganisedData/EP3301327B1/EP3301327B1_F0001.tif
EP3301329B1,F0001,/home/safe/Desktop/yassine/Vectorization/data/PatentData/ReorganisedData/EP3301329B1/EP3301329B1_F0001.tif
EP3301340B1,F0001,/home/safe/Desktop/yassine/Vectorization/data/PatentData/ReorganisedData/EP3301340B1/EP3301340B1_F0001.tif
EP3303012B1,F0001,/home/safe/Desktop/yassine/Vectorization/data/PatentData/ReorganisedData/EP3303012B1/EP3303012B1_F0001.tif
EP3303052B1,F0001,/home/safe/Desktop/yassine/Vectorization/data/PatentData/ReorganisedData/EP3303052B1/EP3303052B1_F0001.tif
EP3303863B1,F0001,/home/safe/Desktop/yassine/Vectorization/data/PatentData/ReorganisedData/EP3303863B1/EP3303863B1_F0001.tif
EP3305527B1,F0001,/home/safe/Desktop/yassine/Vectorization/data/PatentData/ReorganisedData/EP3305527B1/EP3305527B1_F0001.tif
EP3305601B1,F0001,/home/safe/Desktop/yassine/Vectorization/data/PatentData/ReorganisedData/EP3305601B1/EP3305601B1_F0001.tif
EP3305642B1,F0001,/home/safe/Desktop/yassine/Vectorization/data/PatentData/ReorganisedData/EP3305642B1/EP3305642B1_F0001.tif
EP3310703B1,F0003,/home/safe/Desktop/yassine/Vectorization/data/PatentData/ReorganisedData/EP3310703B1/EP3310703B1_F0003.tif
EP3312426B1,F0001,/home/safe/Desktop/yassine/Vectorization/data/PatentData/ReorganisedData/EP3312426B1/EP3312426B1_F0001.tif
EP3316989B1,F0003,/home/safe/Desktop/yassine/Vectorization/data/PatentData/ReorganisedData/EP3316989B1/EP3316989B1_F0003.tif
EP3317126B1,F0001,/home/safe/Desktop/yassine/Vectorization/data/PatentData/ReorganisedData/EP3317126B1/EP3317126B1_F0001.tif
EP3317499B1,F0003,/home/safe/Desktop/yassine/Vectorization/data/PatentData/ReorganisedData/EP3317499B1/EP3317499B1_F0003.tif
EP3317563B1,F0001,/home/safe/Desktop/yassine/Vectorization/data/PatentData/ReorganisedData/EP3317563B1/EP3317563B1_F0001.tif
EP3318799B1,F0001,/home/safe/Desktop/yassine/Vectorization/data/PatentData/ReorganisedData/EP3318799B1/EP3318799B1_F0001.tif
EP3319805B1,F0001,/home/safe/Desktop/yassine/Vectorization/data/PatentData/ReorganisedData/EP3319805B1/EP3319805B1_F0001.tif
EP3320223B1,F0001,/home/safe/Desktop/yassine/Vectorization/data/PatentData/ReorganisedData/EP3320223B1/EP3320223B1_F0001.tif
EP3320226B1,F0001,/home/safe/Desktop/yassine/Vectorization/data/PatentData/ReorganisedData/EP3320226B1/EP3320226B1_F0001.tif
EP3320297B1,F0001,/home/safe/Desktop/yassine/Vectorization/data/PatentData/ReorganisedData/EP3320297B1/EP3320297B1_F0001.tif
EP3321091B1,F0001,/home/safe/Desktop/yassine/Vectorization/data/PatentData/ReorganisedData/EP3321091B1/EP3321091B1_F0001.tif
EP3321129B1,F0001,/home/safe/Desktop/yassine/Vectorization/data/PatentData/ReorganisedData/EP3321129B1/EP3321129B1_F0001.tif
EP3321155B1,F0001,/home/safe/Desktop/yassine/Vectorization/data/PatentData/ReorganisedData/EP3321155B1/EP3321155B1_F0001.tif
EP3321485B1,F0002,/home/safe/Desktop/yassine/Vectorization/data/PatentData/ReorganisedData/EP3321485B1/EP3321485B1_F0002.tif
EP3322588B1,F0001,/home/safe/Desktop/yassine/Vectorization/data/PatentData/ReorganisedData/EP3322588B1/EP3322588B1_F0001.tif
EP3322881B1,F0001,/home/safe/Desktop/yassine/Vectorization/data/PatentData/ReorganisedData/EP3322881B1/EP3322881B1_F0001.tif
EP3322894B1,F0001,/home/safe/Desktop/yassine/Vectorization/data/PatentData/ReorganisedData/EP3322894B1/EP3322894B1_F0001.tif
EP3323541B1,F0001,/home/safe/Desktop/yassine/Vectorization/data/PatentData/ReorganisedData/EP3323541B1/EP3323541B1_F0001.tif
EP3323625B1,F0001,/home/safe/Desktop/yassine/Vectorization/data/PatentData/ReorganisedData/EP3323625B1/EP3323625B1_F0001.tif
EP3323629B1,F0001,/home/safe/Desktop/yassine/Vectorization/data/PatentData/ReorganisedData/EP3323629B1/EP3323629B1_F0001.tif
EP3323985B1,F0002,/home/safe/Desktop/yassine/Vectorization/data/PatentData/ReorganisedData/EP3323985B1/EP3323985B1_F0002.tif
EP3325368B1,F0004,/home/safe/Desktop/yassine/Vectorization/data/PatentData/ReorganisedData/EP3325368B1/EP3325368B1_F0004.tif
EP3325774B1,F0001,/home/safe/Desktop/yassine/Vectorization/data/PatentData/ReorganisedData/EP3325774B1/EP3325774B1_F0001.tif
EP3325784B1,F0001,/home/safe/Desktop/yassine/Vectorization/data/PatentData/ReorganisedData/EP3325784B1/EP3325784B1_F0001.tif
EP3325859B1,F0001,/home/safe/Desktop/yassine/Vectorization/data/PatentData/ReorganisedData/EP3325859B1/EP3325859B1_F0001.tif
EP3325907B1,F0001,/home/safe/Desktop/yassine/Vectorization/data/PatentData/ReorganisedData/EP3325907B1/EP3325907B1_F0001.tif
EP3327265B1,F0001,/home/safe/Desktop/yassine/Vectorization/data/PatentData/ReorganisedData/EP3327265B1/EP3327265B1_F0001.tif
EP3327330B1,F0001,/home/safe/Desktop/yassine/Vectorization/data/PatentData/ReorganisedData/EP3327330B1/EP3327330B1_F0001.tif
EP3328740B1,F0001,/home/safe/Desktop/yassine/Vectorization/data/PatentData/ReorganisedData/EP3328740B1/EP3328740B1_F0001.tif
EP3328742B1,F0001,/home/safe/Desktop/yassine/Vectorization/data/PatentData/ReorganisedData/EP3328742B1/EP3328742B1_F0001.tif
EP3329046B1,F0001,/home/safe/Desktop/yassine/Vectorization/data/PatentData/ReorganisedData/EP3329046B1/EP3329046B1_F0001.tif
EP3329107B1,F0001,/home/safe/Desktop/yassine/Vectorization/data/PatentData/ReorganisedData/EP3329107B1/EP3329107B1_F0001.tif
EP3330189B1,F0001,/home/safe/Desktop/yassine/Vectorization/data/PatentData/ReorganisedData/EP3330189B1/EP3330189B1_F0001.tif
EP3330540B1,F0001,/home/safe/Desktop/yassine/Vectorization/data/PatentData/ReorganisedData/EP3330540B1/EP3330540B1_F0001.tif
EP3330561B1,F0001,/home/safe/Desktop/yassine/Vectorization/data/PatentData/ReorganisedData/EP3330561B1/EP3330561B1_F0001.tif
EP3331710B1,F0002,/home/safe/Desktop/yassine/Vectorization/data/PatentData/ReorganisedData/EP3331710B1/EP3331710B1_F0002.tif
EP3331712B1,F0001,/home/safe/Desktop/yassine/Vectorization/data/PatentData/ReorganisedData/EP3331712B1/EP3331712B1_F0001.tif
EP3331726B1,F0001,/home/safe/Desktop/yassine/Vectorization/data/PatentData/ReorganisedData/EP3331726B1/EP3331726B1_F0001.tif
EP3331728B1,F0001,/home/safe/Desktop/yassine/Vectorization/data/PatentData/ReorganisedData/EP3331728B1/EP3331728B1_F0001.tif
EP3332165B1,F0008,/home/safe/Desktop/yassine/Vectorization/data/PatentData/ReorganisedData/EP3332165B1/EP3332165B1_F0008.tif
EP3334653B1,F0001,/home/safe/Desktop/yassine/Vectorization/data/PatentData/ReorganisedData/EP3334653B1/EP3334653B1_F0001.tif
EP3335929B1,F0001,/home/safe/Desktop/yassine/Vectorization/data/PatentData/ReorganisedData/EP3335929B1/EP3335929B1_F0001.tif
EP3336023B1,F0001,/home/safe/Desktop/yassine/Vectorization/data/PatentData/ReorganisedData/EP3336023B1/EP3336023B1_F0001.tif
EP3339793B1,F0002,/home/safe/Desktop/yassine/Vectorization/data/PatentData/ReorganisedData/EP3339793B1/EP3339793B1_F0002.tif
EP3341114B1,F0001,/home/safe/Desktop/yassine/Vectorization/data/PatentData/ReorganisedData/EP3341114B1/EP3341114B1_F0001.tif
EP3341214B1,F0001,/home/safe/Desktop/yassine/Vectorization/data/PatentData/ReorganisedData/EP3341214B1/EP3341214B1_F0001.tif
EP3341268B1,F0002,/home/safe/Desktop/yassine/Vectorization/data/PatentData/ReorganisedData/EP3341268B1/EP3341268B1_F0002.tif
EP3342693B1,F0001,/home/safe/Desktop/yassine/Vectorization/data/PatentData/ReorganisedData/EP3342693B1/EP3342693B1_F0001.tif
EP3344901B1,F0002,/home/safe/Desktop/yassine/Vectorization/data/PatentData/ReorganisedData/EP3344901B1/EP3344901B1_F0002.tif
EP3345825B1,F0001,/home/safe/Desktop/yassine/Vectorization/data/PatentData/ReorganisedData/EP3345825B1/EP3345825B1_F0001.tif
EP3345829B1,F0001,/home/safe/Desktop/yassine/Vectorization/data/PatentData/ReorganisedData/EP3345829B1/EP3345829B1_F0001.tif
EP3346219B1,F0001,/home/safe/Desktop/yassine/Vectorization/data/PatentData/ReorganisedData/EP3346219B1/EP3346219B1_F0001.tif
EP3347213B1,F0001,/home/safe/Desktop/yassine/Vectorization/data/PatentData/ReorganisedData/EP3347213B1/EP3347213B1_F0001.tif
EP3347244B1,F0001,/home/safe/Desktop/yassine/Vectorization/data/PatentData/ReorganisedData/EP3347244B1/EP3347244B1_F0001.tif
EP3347578B1,F0001,/home/safe/Desktop/yassine/Vectorization/data/PatentData/ReorganisedData/EP3347578B1/EP3347578B1_F0001.tif
EP3349901B1,F0001,/home/safe/Desktop/yassine/Vectorization/data/PatentData/ReorganisedData/EP3349901B1/EP3349901B1_F0001.tif
EP3350482B1,F0001,/home/safe/Desktop/yassine/Vectorization/data/PatentData/ReorganisedData/EP3350482B1/EP3350482B1_F0001.tif
EP3353428B1,F0001,/home/safe/Desktop/yassine/Vectorization/data/PatentData/ReorganisedData/EP3353428B1/EP3353428B1_F0001.tif
EP3354572B1,F0001,/home/safe/Desktop/yassine/Vectorization/data/PatentData/ReorganisedData/EP3354572B1/EP3354572B1_F0001.tif
EP3354930B1,F0002,/home/safe/Desktop/yassine/Vectorization/data/PatentData/ReorganisedData/EP3354930B1/EP3354930B1_F0002.tif
EP3356161B1,F0001,/home/safe/Desktop/yassine/Vectorization/data/PatentData/ReorganisedData/EP3356161B1/EP3356161B1_F0001.tif
EP3356728B1,F0001,/home/safe/Desktop/yassine/Vectorization/data/PatentData/ReorganisedData/EP3356728B1/EP3356728B1_F0001.tif
EP3356757B1,F0001,/home/safe/Desktop/yassine/Vectorization/data/PatentData/ReorganisedData/EP3356757B1/EP3356757B1_F0001.tif
EP3358244B1,F0001,/home/safe/Desktop/yassine/Vectorization/data/PatentData/ReorganisedData/EP3358244B1/EP3358244B1_F0001.tif
EP3359283B1,F0001,/home/safe/Desktop/yassine/Vectorization/data/PatentData/ReorganisedData/EP3359283B1/EP3359283B1_F0001.tif
EP3359372B1,F0002,/home/safe/Desktop/yassine/Vectorization/data/PatentData/ReorganisedData/EP3359372B1/EP3359372B1_F0002.tif
EP3361053B1,F0001,/home/safe/Desktop/yassine/Vectorization/data/PatentData/ReorganisedData/EP3361053B1/EP3361053B1_F0001.tif
EP3362251B1,F0001,/home/safe/Desktop/yassine/Vectorization/data/PatentData/ReorganisedData/EP3362251B1/EP3362251B1_F0001.tif
EP3362646B1,F0001,/home/safe/Desktop/yassine/Vectorization/data/PatentData/ReorganisedData/EP3362646B1/EP3362646B1_F0001.tif
EP3363610B1,F0003,/home/safe/Desktop/yassine/Vectorization/data/PatentData/ReorganisedData/EP3363610B1/EP3363610B1_F0003.tif
EP3363730B1,F0001,/home/safe/Desktop/yassine/Vectorization/data/PatentData/ReorganisedData/EP3363730B1/EP3363730B1_F0001.tif
EP3365202B1,F0001,/home/safe/Desktop/yassine/Vectorization/data/PatentData/ReorganisedData/EP3365202B1/EP3365202B1_F0001.tif
EP3365565B1,F0002,/home/safe/Desktop/yassine/Vectorization/data/PatentData/ReorganisedData/EP3365565B1/EP3365565B1_F0002.tif
EP3365585B1,F0001,/home/safe/Desktop/yassine/Vectorization/data/PatentData/ReorganisedData/EP3365585B1/EP3365585B1_F0001.tif
EP3366484B1,F0001,/home/safe/Desktop/yassine/Vectorization/data/PatentData/ReorganisedData/EP3366484B1/EP3366484B1_F0001.tif
EP3366561B1,F0001,/home/safe/Desktop/yassine/Vectorization/data/PatentData/ReorganisedData/EP3366561B1/EP3366561B1_F0001.tif
EP3366982B1,F0001,/home/safe/Desktop/yassine/Vectorization/data/PatentData/ReorganisedData/EP3366982B1/EP3366982B1_F0001.tif
EP3368248B1,F0001,/home/safe/Desktop/yassine/Vectorization/data/PatentData/ReorganisedData/EP3368248B1/EP3368248B1_F0001.tif
EP3368317B1,F0001,/home/safe/Desktop/yassine/Vectorization/data/PatentData/ReorganisedData/EP3368317B1/EP3368317B1_F0001.tif
EP3368426B1,F0001,/home/safe/Desktop/yassine/Vectorization/data/PatentData/ReorganisedData/EP3368426B1/EP3368426B1_F0001.tif
EP3372313B1,F0001,/home/safe/Desktop/yassine/Vectorization/data/PatentData/ReorganisedData/EP3372313B1/EP3372313B1_F0001.tif
EP3375593B1,F0001,/home/safe/Desktop/yassine/Vectorization/data/PatentData/ReorganisedData/EP3375593B1/EP3375593B1_F0001.tif
EP3377393B1,F0001,/home/safe/Desktop/yassine/Vectorization/data/PatentData/ReorganisedData/EP3377393B1/EP3377393B1_F0001.tif
EP3378721B1,F0001,/home/safe/Desktop/yassine/Vectorization/data/PatentData/ReorganisedData/EP3378721B1/EP3378721B1_F0001.tif
EP3380366B1,F0001,/home/safe/Desktop/yassine/Vectorization/data/PatentData/ReorganisedData/EP3380366B1/EP3380366B1_F0001.tif
EP3382150B1,F0002,/home/safe/Desktop/yassine/Vectorization/data/PatentData/ReorganisedData/EP3382150B1/EP3382150B1_F0002.tif
EP3383605B1,F0001,/home/safe/Desktop/yassine/Vectorization/data/PatentData/ReorganisedData/EP3383605B1/EP3383605B1_F0001.tif
EP3388151B1,F0001,/home/safe/Desktop/yassine/Vectorization/data/PatentData/ReorganisedData/EP3388151B1/EP3388151B1_F0001.tif
EP3392022B1,F0001,/home/safe/Desktop/yassine/Vectorization/data/PatentData/ReorganisedData/EP3392022B1/EP3392022B1_F0001.tif
EP3392542B1,F0002,/home/safe/Desktop/yassine/Vectorization/data/PatentData/ReorganisedData/EP3392542B1/EP3392542B1_F0002.tif
EP3394458B1,F0001,/home/safe/Desktop/yassine/Vectorization/data/PatentData/ReorganisedData/EP3394458B1/EP3394458B1_F0001.tif
EP3395599B1,F0001,/home/safe/Desktop/yassine/Vectorization/data/PatentData/ReorganisedData/EP3395599B1/EP3395599B1_F0001.tif
EP3395675B1,F0003,/home/safe/Desktop/yassine/Vectorization/data/PatentData/ReorganisedData/EP3395675B1/EP3395675B1_F0003.tif
EP3395676B1,F0002,/home/safe/Desktop/yassine/Vectorization/data/PatentData/ReorganisedData/EP3395676B1/EP3395676B1_F0002.tif
EP3397393B1,F0001,/home/safe/Desktop/yassine/Vectorization/data/PatentData/ReorganisedData/EP3397393B1/EP3397393B1_F0001.tif
EP3397394B1,F0001,/home/safe/Desktop/yassine/Vectorization/data/PatentData/ReorganisedData/EP3397394B1/EP3397394B1_F0001.tif
EP3401211B1,F0001,/home/safe/Desktop/yassine/Vectorization/data/PatentData/ReorganisedData/EP3401211B1/EP3401211B1_F0001.tif
EP3402725B1,F0001,/home/safe/Desktop/yassine/Vectorization/data/PatentData/ReorganisedData/EP3402725B1/EP3402725B1_F0001.tif
EP3403883B1,F0001,/home/safe/Desktop/yassine/Vectorization/data/PatentData/ReorganisedData/EP3403883B1/EP3403883B1_F0001.tif
EP3406521B1,F0001,/home/safe/Desktop/yassine/Vectorization/data/PatentData/ReorganisedData/EP3406521B1/EP3406521B1_F0001.tif
EP3408212B1,F0001,/home/safe/Desktop/yassine/Vectorization/data/PatentData/ReorganisedData/EP3408212B1/EP3408212B1_F0001.tif
EP3409597B1,F0001,/home/safe/Desktop/yassine/Vectorization/data/PatentData/ReorganisedData/EP3409597B1/EP3409597B1_F0001.tif
EP3416805B1,F0001,/home/safe/Desktop/yassine/Vectorization/data/PatentData/ReorganisedData/EP3416805B1/EP3416805B1_F0001.tif
EP3418046B1,F0001,/home/safe/Desktop/yassine/Vectorization/data/PatentData/ReorganisedData/EP3418046B1/EP3418046B1_F0001.tif
EP3423205B1,F0001,/home/safe/Desktop/yassine/Vectorization/data/PatentData/ReorganisedData/EP3423205B1/EP3423205B1_F0001.tif
EP3424829B1,F0001,/home/safe/Desktop/yassine/Vectorization/data/PatentData/ReorganisedData/EP3424829B1/EP3424829B1_F0001.tif
EP3430315B1,F0003,/home/safe/Desktop/yassine/Vectorization/data/PatentData/ReorganisedData/EP3430315B1/EP3430315B1_F0003.tif
EP3447355A3,A0001,/home/safe/Desktop/yassine/Vectorization/data/PatentData/ReorganisedData/EP3447355A3/EP3447355A3_A0001.tif
EP3450755A8,A0001,/home/safe/Desktop/yassine/Vectorization/data/PatentData/ReorganisedData/EP3450755A8/EP3450755A8_A0001.tif
EP3453849A3,A0001,/home/safe/Desktop/yassine/Vectorization/data/PatentData/ReorganisedData/EP3453849A3/EP3453849A3_A0001.tif
EP3453969A3,A0001,/home/safe/Desktop/yassine/Vectorization/data/PatentData/ReorganisedData/EP3453969A3/EP3453969A3_A0001.tif
EP3456663A3,A0001,/home/safe/Desktop/yassine/Vectorization/data/PatentData/ReorganisedData/EP3456663A3/EP3456663A3_A0001.tif
EP3459724A3,A0001,/home/safe/Desktop/yassine/Vectorization/data/PatentData/ReorganisedData/EP3459724A3/EP3459724A3_A0001.tif
EP3459736A3,A0001,/home/safe/Desktop/yassine/Vectorization/data/PatentData/ReorganisedData/EP3459736A3/EP3459736A3_A0001.tif
EP3460147A3,A0001,/home/safe/Desktop/yassine/Vectorization/data/PatentData/ReorganisedData/EP3460147A3/EP3460147A3_A0001.tif
EP3460201A3,A0001,/home/safe/Desktop/yassine/Vectorization/data/PatentData/ReorganisedData/EP3460201A3/EP3460201A3_A0001.tif
EP3460312A3,A0001,/home/safe/Desktop/yassine/Vectorization/data/PatentData/ReorganisedData/EP3460312A3/EP3460312A3_A0001.tif
EP3473377A3,A0001,/home/safe/Desktop/yassine/Vectorization/data/PatentData/ReorganisedData/EP3473377A3/EP3473377A3_A0001.tif
EP3473409A3,A0001,/home/safe/Desktop/yassine/Vectorization/data/PatentData/ReorganisedData/EP3473409A3/EP3473409A3_A0001.tif
EP3473557A3,A0001,/home/safe/Desktop/yassine/Vectorization/data/PatentData/ReorganisedData/EP3473557A3/EP3473557A3_A0001.tif
EP3486048A3,A0001,/home/safe/Desktop/yassine/Vectorization/data/PatentData/ReorganisedData/EP3486048A3/EP3486048A3_A0001.tif
EP3490778A1,WO2018022328A1_F0001,/home/safe/Desktop/yassine/Vectorization/data/PatentData/ReorganisedData/EP3490778A1/WO2018022328A1_F0001.tif
EP3492156A1,F0001,/home/safe/Desktop/yassine/Vectorization/data/PatentData/ReorganisedData/EP3492156A1/EP3492156A1_F0001.tif
EP3492159A1,F0001,/home/safe/Desktop/yassine/Vectorization/data/PatentData/ReorganisedData/EP3492159A1/EP3492159A1_F0001.tif
EP3492166A1,A0001,/home/safe/Desktop/yassine/Vectorization/data/PatentData/ReorganisedData/EP3492166A1/EP3492166A1_A0001.tif
EP3492181A1,A0001,/home/safe/Desktop/yassine/Vectorization/data/PatentData/ReorganisedData/EP3492181A1/EP3492181A1_A0001.tif
EP3492184A1,A0001,/home/safe/Desktop/yassine/Vectorization/data/PatentData/ReorganisedData/EP3492184A1/EP3492184A1_A0001.tif
EP3492190A1,A0001,/home/safe/Desktop/yassine/Vectorization/data/PatentData/ReorganisedData/EP3492190A1/EP3492190A1_A0001.tif
EP3492193A1,A0001,/home/safe/Desktop/yassine/Vectorization/data/PatentData/ReorganisedData/EP3492193A1/EP3492193A1_A0001.tif
EP3492194A1,A0001,/home/safe/Desktop/yassine/Vectorization/data/PatentData/ReorganisedData/EP3492194A1/EP3492194A1_A0001.tif
EP3492206A1,F0001,/home/safe/Desktop/yassine/Vectorization/data/PatentData/ReorganisedData/EP3492206A1/EP3492206A1_F0001.tif
EP3492212A1,A0001,/home/safe/Desktop/yassine/Vectorization/data/PatentData/ReorganisedData/EP3492212A1/EP3492212A1_A0001.tif
EP3492216A1,A0001,/home/safe/Desktop/yassine/Vectorization/data/PatentData/ReorganisedData/EP3492216A1/EP3492216A1_A0001.tif
EP3492217A1,F0001,/home/safe/Desktop/yassine/Vectorization/data/PatentData/ReorganisedData/EP3492217A1/EP3492217A1_F0001.tif
EP3492220A1,F0002,/home/safe/Desktop/yassine/Vectorization/data/PatentData/ReorganisedData/EP3492220A1/EP3492220A1_F0002.tif
EP3492222A1,A0001,/home/safe/Desktop/yassine/Vectorization/data/PatentData/ReorganisedData/EP3492222A1/EP3492222A1_A0001.tif
EP3492223A1,A0001,/home/safe/Desktop/yassine/Vectorization/data/PatentData/ReorganisedData/EP3492223A1/EP3492223A1_A0001.tif
EP3492228A1,A0001,/home/safe/Desktop/yassine/Vectorization/data/PatentData/ReorganisedData/EP3492228A1/EP3492228A1_A0001.tif
EP3492231A1,F0002,/home/safe/Desktop/yassine/Vectorization/data/PatentData/ReorganisedData/EP3492231A1/EP3492231A1_F0002.tif
EP3492232A1,A0001,/home/safe/Desktop/yassine/Vectorization/data/PatentData/ReorganisedData/EP3492232A1/EP3492232A1_A0001.tif
EP3492235A2,F0001,/home/safe/Desktop/yassine/Vectorization/data/PatentData/ReorganisedData/EP3492235A2/EP3492235A2_F0001.tif
EP3492243A1,A0001,/home/safe/Desktop/yassine/Vectorization/data/PatentData/ReorganisedData/EP3492243A1/EP3492243A1_A0001.tif
EP3492246A1,A0001,/home/safe/Desktop/yassine/Vectorization/data/PatentData/ReorganisedData/EP3492246A1/EP3492246A1_A0001.tif
EP3492249A1,A0001,/home/safe/Desktop/yassine/Vectorization/data/PatentData/ReorganisedData/EP3492249A1/EP3492249A1_A0001.tif
EP3492250A1,A0001,/home/safe/Desktop/yassine/Vectorization/data/PatentData/ReorganisedData/EP3492250A1/EP3492250A1_A0001.tif
EP3492253A1,A0001,/home/safe/Desktop/yassine/Vectorization/data/PatentData/ReorganisedData/EP3492253A1/EP3492253A1_A0001.tif
EP3492255A1,A0001,/home/safe/Desktop/yassine/Vectorization/data/PatentData/ReorganisedData/EP3492255A1/EP3492255A1_A0001.tif
EP3492262A1,F0001,/home/safe/Desktop/yassine/Vectorization/data/PatentData/ReorganisedData/EP3492262A1/EP3492262A1_F0001.tif
EP3492263A1,A0001,/home/safe/Desktop/yassine/Vectorization/data/PatentData/ReorganisedData/EP3492263A1/EP3492263A1_A0001.tif
EP3492264A1,A0001,/home/safe/Desktop/yassine/Vectorization/data/PatentData/ReorganisedData/EP3492264A1/EP3492264A1_A0001.tif
EP3492266A1,F0002,/home/safe/Desktop/yassine/Vectorization/data/PatentData/ReorganisedData/EP3492266A1/EP3492266A1_F0002.tif
EP3492279A1,A0001,/home/safe/Desktop/yassine/Vectorization/data/PatentData/ReorganisedData/EP3492279A1/EP3492279A1_A0001.tif
EP3492282A1,F0001,/home/safe/Desktop/yassine/Vectorization/data/PatentData/ReorganisedData/EP3492282A1/EP3492282A1_F0001.tif
EP3492285A1,F0001,/home/safe/Desktop/yassine/Vectorization/data/PatentData/ReorganisedData/EP3492285A1/EP3492285A1_F0001.tif
EP3492292A1,A0001,/home/safe/Desktop/yassine/Vectorization/data/PatentData/ReorganisedData/EP3492292A1/EP3492292A1_A0001.tif
EP3492311A1,F0001,/home/safe/Desktop/yassine/Vectorization/data/PatentData/ReorganisedData/EP3492311A1/EP3492311A1_F0001.tif
EP3492312A1,A0001,/home/safe/Desktop/yassine/Vectorization/data/PatentData/ReorganisedData/EP3492312A1/EP3492312A1_A0001.tif
EP3492315A1,A0001,/home/safe/Desktop/yassine/Vectorization/data/PatentData/ReorganisedData/EP3492315A1/EP3492315A1_A0001.tif
EP3492318A1,F0002,/home/safe/Desktop/yassine/Vectorization/data/PatentData/ReorganisedData/EP3492318A1/EP3492318A1_F0002.tif
EP3492323A1,F0002,/home/safe/Desktop/yassine/Vectorization/data/PatentData/ReorganisedData/EP3492323A1/EP3492323A1_F0002.tif
EP3492341A1,A0001,/home/safe/Desktop/yassine/Vectorization/data/PatentData/ReorganisedData/EP3492341A1/EP3492341A1_A0001.tif
EP3492351A1,A0001,/home/safe/Desktop/yassine/Vectorization/data/PatentData/ReorganisedData/EP3492351A1/EP3492351A1_A0001.tif
EP3492353A1,F0002,/home/safe/Desktop/yassine/Vectorization/data/PatentData/ReorganisedData/EP3492353A1/EP3492353A1_F0002.tif
EP3492354A1,F0002,/home/safe/Desktop/yassine/Vectorization/data/PatentData/ReorganisedData/EP3492354A1/EP3492354A1_F0002.tif
EP3492355A1,F0002,/home/safe/Desktop/yassine/Vectorization/data/PatentData/ReorganisedData/EP3492355A1/EP3492355A1_F0002.tif
EP3492361A1,F0002,/home/safe/Desktop/yassine/Vectorization/data/PatentData/ReorganisedData/EP3492361A1/EP3492361A1_F0002.tif
EP3492364A1,F0002,/home/safe/Desktop/yassine/Vectorization/data/PatentData/ReorganisedData/EP3492364A1/EP3492364A1_F0002.tif
EP3492374A2,A0001,/home/safe/Desktop/yassine/Vectorization/data/PatentData/ReorganisedData/EP3492374A2/EP3492374A2_A0001.tif
EP3492376A1,F0001,/home/safe/Desktop/yassine/Vectorization/data/PatentData/ReorganisedData/EP3492376A1/EP3492376A1_F0001.tif
EP3492380A1,A0001,/home/safe/Desktop/yassine/Vectorization/data/PatentData/ReorganisedData/EP3492380A1/EP3492380A1_A0001.tif
EP3492382A1,F0002,/home/safe/Desktop/yassine/Vectorization/data/PatentData/ReorganisedData/EP3492382A1/EP3492382A1_F0002.tif
EP3492383A1,A0001,/home/safe/Desktop/yassine/Vectorization/data/PatentData/ReorganisedData/EP3492383A1/EP3492383A1_A0001.tif
EP3492384A1,A0001,/home/safe/Desktop/yassine/Vectorization/data/PatentData/ReorganisedData/EP3492384A1/EP3492384A1_A0001.tif
EP3492390A1,F0001,/home/safe/Desktop/yassine/Vectorization/data/PatentData/ReorganisedData/EP3492390A1/EP3492390A1_F0001.tif
EP3492392A1,F0001,/home/safe/Desktop/yassine/Vectorization/data/PatentData/ReorganisedData/EP3492392A1/EP3492392A1_F0001.tif
EP3492399A1,F0002,/home/safe/Desktop/yassine/Vectorization/data/PatentData/ReorganisedData/EP3492399A1/EP3492399A1_F0002.tif
EP3492400A1,F0001,/home/safe/Desktop/yassine/Vectorization/data/PatentData/ReorganisedData/EP3492400A1/EP3492400A1_F0001.tif
EP3492402A1,A0001,/home/safe/Desktop/yassine/Vectorization/data/PatentData/ReorganisedData/EP3492402A1/EP3492402A1_A0001.tif
EP3492403A1,A0001,/home/safe/Desktop/yassine/Vectorization/data/PatentData/ReorganisedData/EP3492403A1/EP3492403A1_A0001.tif
EP3492421A2,F0001,/home/safe/Desktop/yassine/Vectorization/data/PatentData/ReorganisedData/EP3492421A2/EP3492421A2_F0001.tif
EP3492704A1,F0002,/home/safe/Desktop/yassine/Vectorization/data/PatentData/ReorganisedData/EP3492704A1/EP3492704A1_F0002.tif
EP3492706A1,F0002,/home/safe/Desktop/yassine/Vectorization/data/PatentData/ReorganisedData/EP3492706A1/EP3492706A1_F0002.tif
EP3492711A1,F0001,/home/safe/Desktop/yassine/Vectorization/data/PatentData/ReorganisedData/EP3492711A1/EP3492711A1_F0001.tif
EP3492715A1,A0001,/home/safe/Desktop/yassine/Vectorization/data/PatentData/ReorganisedData/EP3492715A1/EP3492715A1_A0001.tif
EP3492717A1,F0001,/home/safe/Desktop/yassine/Vectorization/data/PatentData/ReorganisedData/EP3492717A1/EP3492717A1_F0001.tif
EP3492721A1,F0001,/home/safe/Desktop/yassine/Vectorization/data/PatentData/ReorganisedData/EP3492721A1/EP3492721A1_F0001.tif
EP3492729A1,A0001,/home/safe/Desktop/yassine/Vectorization/data/PatentData/ReorganisedData/EP3492729A1/EP3492729A1_A0001.tif
EP3492731A1,A0001,/home/safe/Desktop/yassine/Vectorization/data/PatentData/ReorganisedData/EP3492731A1/EP3492731A1_A0001.tif
EP3492734A1,A0001,/home/safe/Desktop/yassine/Vectorization/data/PatentData/ReorganisedData/EP3492734A1/EP3492734A1_A0001.tif
EP3492740A1,A0001,/home/safe/Desktop/yassine/Vectorization/data/PatentData/ReorganisedData/EP3492740A1/EP3492740A1_A0001.tif
EP3492744A1,F0001,/home/safe/Desktop/yassine/Vectorization/data/PatentData/ReorganisedData/EP3492744A1/EP3492744A1_F0001.tif
EP3492754A1,F0001,/home/safe/Desktop/yassine/Vectorization/data/PatentData/ReorganisedData/EP3492754A1/EP3492754A1_F0001.tif
EP3492756A1,A0001,/home/safe/Desktop/yassine/Vectorization/data/PatentData/ReorganisedData/EP3492756A1/EP3492756A1_A0001.tif
EP3492759A1,A0001,/home/safe/Desktop/yassine/Vectorization/data/PatentData/ReorganisedData/EP3492759A1/EP3492759A1_A0001.tif
EP3492761A1,A0001,/home/safe/Desktop/yassine/Vectorization/data/PatentData/ReorganisedData/EP3492761A1/EP3492761A1_A0001.tif
EP3492767A1,A0001,/home/safe/Desktop/yassine/Vectorization/data/PatentData/ReorganisedData/EP3492767A1/EP3492767A1_A0001.tif
EP3492774A1,A0001,/home/safe/Desktop/yassine/Vectorization/data/PatentData/ReorganisedData/EP3492774A1/EP3492774A1_A0001.tif
EP3492781A1,A0001,/home/safe/Desktop/yassine/Vectorization/data/PatentData/ReorganisedData/EP3492781A1/EP3492781A1_A0001.tif
EP3492782A1,A0001,/home/safe/Desktop/yassine/Vectorization/data/PatentData/ReorganisedData/EP3492782A1/EP3492782A1_A0001.tif
EP3492784A1,A0001,/home/safe/Desktop/yassine/Vectorization/data/PatentData/ReorganisedData/EP3492784A1/EP3492784A1_A0001.tif
EP3492785A1,A0001,/home/safe/Desktop/yassine/Vectorization/data/PatentData/ReorganisedData/EP3492785A1/EP3492785A1_A0001.tif
EP3492786A1,A0001,/home/safe/Desktop/yassine/Vectorization/data/PatentData/ReorganisedData/EP3492786A1/EP3492786A1_A0001.tif
EP3492788A1,F0001,/home/safe/Desktop/yassine/Vectorization/data/PatentData/ReorganisedData/EP3492788A1/EP3492788A1_F0001.tif
EP3492789A1,A0001,/home/safe/Desktop/yassine/Vectorization/data/PatentData/ReorganisedData/EP3492789A1/EP3492789A1_A0001.tif
EP3492793A1,F0001,/home/safe/Desktop/yassine/Vectorization/data/PatentData/ReorganisedData/EP3492793A1/EP3492793A1_F0001.tif
EP3492797A1,A0001,/home/safe/Desktop/yassine/Vectorization/data/PatentData/ReorganisedData/EP3492797A1/EP3492797A1_A0001.tif
EP3492803A1,A0001,/home/safe/Desktop/yassine/Vectorization/data/PatentData/ReorganisedData/EP3492803A1/EP3492803A1_A0001.tif
EP3492806A1,F0001,/home/safe/Desktop/yassine/Vectorization/data/PatentData/ReorganisedData/EP3492806A1/EP3492806A1_F0001.tif
EP3492809A1,A0001,/home/safe/Desktop/yassine/Vectorization/data/PatentData/ReorganisedData/EP3492809A1/EP3492809A1_A0001.tif
EP3492810A1,A0001,/home/safe/Desktop/yassine/Vectorization/data/PatentData/ReorganisedData/EP3492810A1/EP3492810A1_A0001.tif
EP3492812A2,A0001,/home/safe/Desktop/yassine/Vectorization/data/PatentData/ReorganisedData/EP3492812A2/EP3492812A2_A0001.tif
EP3492815A1,A0001,/home/safe/Desktop/yassine/Vectorization/data/PatentData/ReorganisedData/EP3492815A1/EP3492815A1_A0001.tif
EP3492816A1,A0001,/home/safe/Desktop/yassine/Vectorization/data/PatentData/ReorganisedData/EP3492816A1/EP3492816A1_A0001.tif
EP3492829A1,F0003,/home/safe/Desktop/yassine/Vectorization/data/PatentData/ReorganisedData/EP3492829A1/EP3492829A1_F0003.tif
EP3492831A1,A0001,/home/safe/Desktop/yassine/Vectorization/data/PatentData/ReorganisedData/EP3492831A1/EP3492831A1_A0001.tif
EP3492832A1,A0001,/home/safe/Desktop/yassine/Vectorization/data/PatentData/ReorganisedData/EP3492832A1/EP3492832A1_A0001.tif
EP3492848A1,A0001,/home/safe/Desktop/yassine/Vectorization/data/PatentData/ReorganisedData/EP3492848A1/EP3492848A1_A0001.tif
EP3492849A1,A0001,/home/safe/Desktop/yassine/Vectorization/data/PatentData/ReorganisedData/EP3492849A1/EP3492849A1_A0001.tif
EP3492853A1,A0001,/home/safe/Desktop/yassine/Vectorization/data/PatentData/ReorganisedData/EP3492853A1/EP3492853A1_A0001.tif
EP3492854A1,A0001,/home/safe/Desktop/yassine/Vectorization/data/PatentData/ReorganisedData/EP3492854A1/EP3492854A1_A0001.tif
EP3492857A1,A0001,/home/safe/Desktop/yassine/Vectorization/data/PatentData/ReorganisedData/EP3492857A1/EP3492857A1_A0001.tif
EP3492858A1,A0001,/home/safe/Desktop/yassine/Vectorization/data/PatentData/ReorganisedData/EP3492858A1/EP3492858A1_A0001.tif
EP3493900A1,WO2018027163A1_F0001,/home/safe/Desktop/yassine/Vectorization/data/PatentData/ReorganisedData/EP3493900A1/WO2018027163A1_F0001.tif
EP3493904A1,WO2018025208A1_F0001,/home/safe/Desktop/yassine/Vectorization/data/PatentData/ReorganisedData/EP3493904A1/WO2018025208A1_F0001.tif
EP3495029A1,A0001,/home/safe/Desktop/yassine/Vectorization/data/PatentData/ReorganisedData/EP3495029A1/EP3495029A1_A0001.tif
EP3495037A1,A0001,/home/safe/Desktop/yassine/Vectorization/data/PatentData/ReorganisedData/EP3495037A1/EP3495037A1_A0001.tif
EP3495045A1,F0001,/home/safe/Desktop/yassine/Vectorization/data/PatentData/ReorganisedData/EP3495045A1/EP3495045A1_F0001.tif
EP3495058A1,F0001,/home/safe/Desktop/yassine/Vectorization/data/PatentData/ReorganisedData/EP3495058A1/EP3495058A1_F0001.tif
EP3495059A1,A0001,/home/safe/Desktop/yassine/Vectorization/data/PatentData/ReorganisedData/EP3495059A1/EP3495059A1_A0001.tif
EP3495061A2,A0001,/home/safe/Desktop/yassine/Vectorization/data/PatentData/ReorganisedData/EP3495061A2/EP3495061A2_A0001.tif
EP3495062A1,F0001,/home/safe/Desktop/yassine/Vectorization/data/PatentData/ReorganisedData/EP3495062A1/EP3495062A1_F0001.tif
EP3495063A1,A0001,/home/safe/Desktop/yassine/Vectorization/data/PatentData/ReorganisedData/EP3495063A1/EP3495063A1_A0001.tif
EP3495065A1,F0001,/home/safe/Desktop/yassine/Vectorization/data/PatentData/ReorganisedData/EP3495065A1/EP3495065A1_F0001.tif
EP3495066A1,A0001,/home/safe/Desktop/yassine/Vectorization/data/PatentData/ReorganisedData/EP3495066A1/EP3495066A1_A0001.tif
EP3495070A1,A0001,/home/safe/Desktop/yassine/Vectorization/data/PatentData/ReorganisedData/EP3495070A1/EP3495070A1_A0001.tif
EP3495074A1,F0001,/home/safe/Desktop/yassine/Vectorization/data/PatentData/ReorganisedData/EP3495074A1/EP3495074A1_F0001.tif
EP3495076A1,A0001,/home/safe/Desktop/yassine/Vectorization/data/PatentData/ReorganisedData/EP3495076A1/EP3495076A1_A0001.tif
EP3495081A1,F0001,/home/safe/Desktop/yassine/Vectorization/data/PatentData/ReorganisedData/EP3495081A1/EP3495081A1_F0001.tif
EP3495086A1,A0001,/home/safe/Desktop/yassine/Vectorization/data/PatentData/ReorganisedData/EP3495086A1/EP3495086A1_A0001.tif
EP3495110A1,F0001,/home/safe/Desktop/yassine/Vectorization/data/PatentData/ReorganisedData/EP3495110A1/EP3495110A1_F0001.tif
EP3495111A1,A0001,/home/safe/Desktop/yassine/Vectorization/data/PatentData/ReorganisedData/EP3495111A1/EP3495111A1_A0001.tif
EP3495112A1,A0001,/home/safe/Desktop/yassine/Vectorization/data/PatentData/ReorganisedData/EP3495112A1/EP3495112A1_A0001.tif
EP3495117A1,A0001,/home/safe/Desktop/yassine/Vectorization/data/PatentData/ReorganisedData/EP3495117A1/EP3495117A1_A0001.tif
EP3495123A1,F0001,/home/safe/Desktop/yassine/Vectorization/data/PatentData/ReorganisedData/EP3495123A1/EP3495123A1_F0001.tif
EP3495124A1,A0001,/home/safe/Desktop/yassine/Vectorization/data/PatentData/ReorganisedData/EP3495124A1/EP3495124A1_A0001.tif
EP3495129A1,A0001,/home/safe/Desktop/yassine/Vectorization/data/PatentData/ReorganisedData/EP3495129A1/EP3495129A1_A0001.tif
EP3495138A1,A0001,/home/safe/Desktop/yassine/Vectorization/data/PatentData/ReorganisedData/EP3495138A1/EP3495138A1_A0001.tif
EP3495140A1,F0002,/home/safe/Desktop/yassine/Vectorization/data/PatentData/ReorganisedData/EP3495140A1/EP3495140A1_F0002.tif
EP3495141A2,A0001,/home/safe/Desktop/yassine/Vectorization/data/PatentData/ReorganisedData/EP3495141A2/EP3495141A2_A0001.tif
EP3495144A1,F0003,/home/safe/Desktop/yassine/Vectorization/data/PatentData/ReorganisedData/EP3495144A1/EP3495144A1_F0003.tif
EP3495145A1,A0001,/home/safe/Desktop/yassine/Vectorization/data/PatentData/ReorganisedData/EP3495145A1/EP3495145A1_A0001.tif
EP3495158A1,A0001,/home/safe/Desktop/yassine/Vectorization/data/PatentData/ReorganisedData/EP3495158A1/EP3495158A1_A0001.tif
EP3495161A1,F0001,/home/safe/Desktop/yassine/Vectorization/data/PatentData/ReorganisedData/EP3495161A1/EP3495161A1_F0001.tif
EP3495164A1,A0001,/home/safe/Desktop/yassine/Vectorization/data/PatentData/ReorganisedData/EP3495164A1/EP3495164A1_A0001.tif
EP3495166A1,A0001,/home/safe/Desktop/yassine/Vectorization/data/PatentData/ReorganisedData/EP3495166A1/EP3495166A1_A0001.tif
EP3495168A1,A0001,/home/safe/Desktop/yassine/Vectorization/data/PatentData/ReorganisedData/EP3495168A1/EP3495168A1_A0001.tif
EP3495171A1,F0002,/home/safe/Desktop/yassine/Vectorization/data/PatentData/ReorganisedData/EP3495171A1/EP3495171A1_F0002.tif
EP3495172A1,A0001,/home/safe/Desktop/yassine/Vectorization/data/PatentData/ReorganisedData/EP3495172A1/EP3495172A1_A0001.tif
EP3495173A1,F0006,/home/safe/Desktop/yassine/Vectorization/data/PatentData/ReorganisedData/EP3495173A1/EP3495173A1_F0006.tif
EP3495174A1,A0001,/home/safe/Desktop/yassine/Vectorization/data/PatentData/ReorganisedData/EP3495174A1/EP3495174A1_A0001.tif
EP3495178A1,A0001,/home/safe/Desktop/yassine/Vectorization/data/PatentData/ReorganisedData/EP3495178A1/EP3495178A1_A0001.tif
EP3495181A1,A0001,/home/safe/Desktop/yassine/Vectorization/data/PatentData/ReorganisedData/EP3495181A1/EP3495181A1_A0001.tif
EP3495184A1,A0001,/home/safe/Desktop/yassine/Vectorization/data/PatentData/ReorganisedData/EP3495184A1/EP3495184A1_A0001.tif
EP3495186A1,A0001,/home/safe/Desktop/yassine/Vectorization/data/PatentData/ReorganisedData/EP3495186A1/EP3495186A1_A0001.tif
EP3495187A1,F0004,/home/safe/Desktop/yassine/Vectorization/data/PatentData/ReorganisedData/EP3495187A1/EP3495187A1_F0004.tif
EP3495190A1,A0001,/home/safe/Desktop/yassine/Vectorization/data/PatentData/ReorganisedData/EP3495190A1/EP3495190A1_A0001.tif
EP3495197A1,F0001,/home/safe/Desktop/yassine/Vectorization/data/PatentData/ReorganisedData/EP3495197A1/EP3495197A1_F0001.tif
EP3495198A1,F0001,/home/safe/Desktop/yassine/Vectorization/data/PatentData/ReorganisedData/EP3495198A1/EP3495198A1_F0001.tif
EP3495200A1,F0001,/home/safe/Desktop/yassine/Vectorization/data/PatentData/ReorganisedData/EP3495200A1/EP3495200A1_F0001.tif
EP3495201A1,F0002,/home/safe/Desktop/yassine/Vectorization/data/PatentData/ReorganisedData/EP3495201A1/EP3495201A1_F0002.tif
EP3495202A1,A0001,/home/safe/Desktop/yassine/Vectorization/data/PatentData/ReorganisedData/EP3495202A1/EP3495202A1_A0001.tif
EP3495203A1,A0001,/home/safe/Desktop/yassine/Vectorization/data/PatentData/ReorganisedData/EP3495203A1/EP3495203A1_A0001.tif
EP3495208A1,A0001,/home/safe/Desktop/yassine/Vectorization/data/PatentData/ReorganisedData/EP3495208A1/EP3495208A1_A0001.tif
EP3495212A1,A0001,/home/safe/Desktop/yassine/Vectorization/data/PatentData/ReorganisedData/EP3495212A1/EP3495212A1_A0001.tif
EP3495213A1,A0001,/home/safe/Desktop/yassine/Vectorization/data/PatentData/ReorganisedData/EP3495213A1/EP3495213A1_A0001.tif
EP3495224A1,A0001,/home/safe/Desktop/yassine/Vectorization/data/PatentData/ReorganisedData/EP3495224A1/EP3495224A1_A0001.tif
EP3495227A1,F0002,/home/safe/Desktop/yassine/Vectorization/data/PatentData/ReorganisedData/EP3495227A1/EP3495227A1_F0002.tif
EP3495228A1,F0002,/home/safe/Desktop/yassine/Vectorization/data/PatentData/ReorganisedData/EP3495228A1/EP3495228A1_F0002.tif
EP3495234A1,F0001,/home/safe/Desktop/yassine/Vectorization/data/PatentData/ReorganisedData/EP3495234A1/EP3495234A1_F0001.tif
EP3495237A1,A0001,/home/safe/Desktop/yassine/Vectorization/data/PatentData/ReorganisedData/EP3495237A1/EP3495237A1_A0001.tif
EP3495239A1,A0001,/home/safe/Desktop/yassine/Vectorization/data/PatentData/ReorganisedData/EP3495239A1/EP3495239A1_A0001.tif
EP3495247A1,A0001,/home/safe/Desktop/yassine/Vectorization/data/PatentData/ReorganisedData/EP3495247A1/EP3495247A1_A0001.tif
EP3495248A1,A0001,/home/safe/Desktop/yassine/Vectorization/data/PatentData/ReorganisedData/EP3495248A1/EP3495248A1_A0001.tif
EP3495249A1,F0001,/home/safe/Desktop/yassine/Vectorization/data/PatentData/ReorganisedData/EP3495249A1/EP3495249A1_F0001.tif
EP3495253A1,A0001,/home/safe/Desktop/yassine/Vectorization/data/PatentData/ReorganisedData/EP3495253A1/EP3495253A1_A0001.tif
EP3495256A1,F0001,/home/safe/Desktop/yassine/Vectorization/data/PatentData/ReorganisedData/EP3495256A1/EP3495256A1_F0001.tif
EP3495260A1,A0001,/home/safe/Desktop/yassine/Vectorization/data/PatentData/ReorganisedData/EP3495260A1/EP3495260A1_A0001.tif
EP3495263A1,A0001,/home/safe/Desktop/yassine/Vectorization/data/PatentData/ReorganisedData/EP3495263A1/EP3495263A1_A0001.tif
EP3495266A1,A0001,/home/safe/Desktop/yassine/Vectorization/data/PatentData/ReorganisedData/EP3495266A1/EP3495266A1_A0001.tif
EP3495268A1,A0001,/home/safe/Desktop/yassine/Vectorization/data/PatentData/ReorganisedData/EP3495268A1/EP3495268A1_A0001.tif
EP3495270A2,F0001,/home/safe/Desktop/yassine/Vectorization/data/PatentData/ReorganisedData/EP3495270A2/EP3495270A2_F0001.tif
EP3495274A1,F0001,/home/safe/Desktop/yassine/Vectorization/data/PatentData/ReorganisedData/EP3495274A1/EP3495274A1_F0001.tif
EP3495275A1,F0001,/home/safe/Desktop/yassine/Vectorization/data/PatentData/ReorganisedData/EP3495275A1/EP3495275A1_F0001.tif
EP3495280A1,F0001,/home/safe/Desktop/yassine/Vectorization/data/PatentData/ReorganisedData/EP3495280A1/EP3495280A1_F0001.tif
EP3495285A1,A0001,/home/safe/Desktop/yassine/Vectorization/data/PatentData/ReorganisedData/EP3495285A1/EP3495285A1_A0001.tif
EP3495286A1,A0001,/home/safe/Desktop/yassine/Vectorization/data/PatentData/ReorganisedData/EP3495286A1/EP3495286A1_A0001.tif
EP3495289A2,A0001,/home/safe/Desktop/yassine/Vectorization/data/PatentData/ReorganisedData/EP3495289A2/EP3495289A2_A0001.tif
EP3495293A1,A0001,/home/safe/Desktop/yassine/Vectorization/data/PatentData/ReorganisedData/EP3495293A1/EP3495293A1_A0001.tif
EP3495300A1,A0001,/home/safe/Desktop/yassine/Vectorization/data/PatentData/ReorganisedData/EP3495300A1/EP3495300A1_A0001.tif
EP3495311A1,F0001,/home/safe/Desktop/yassine/Vectorization/data/PatentData/ReorganisedData/EP3495311A1/EP3495311A1_F0001.tif
EP3495316A1,A0001,/home/safe/Desktop/yassine/Vectorization/data/PatentData/ReorganisedData/EP3495316A1/EP3495316A1_A0001.tif
EP3495609A1,F0001,/home/safe/Desktop/yassine/Vectorization/data/PatentData/ReorganisedData/EP3495609A1/EP3495609A1_F0001.tif
EP3495614A1,F0001,/home/safe/Desktop/yassine/Vectorization/data/PatentData/ReorganisedData/EP3495614A1/EP3495614A1_F0001.tif
EP3495617A1,A0001,/home/safe/Desktop/yassine/Vectorization/data/PatentData/ReorganisedData/EP3495617A1/EP3495617A1_A0001.tif
EP3495619A1,A0001,/home/safe/Desktop/yassine/Vectorization/data/PatentData/ReorganisedData/EP3495619A1/EP3495619A1_A0001.tif
EP3495626A1,F0001,/home/safe/Desktop/yassine/Vectorization/data/PatentData/ReorganisedData/EP3495626A1/EP3495626A1_F0001.tif
EP3495627A1,F0001,/home/safe/Desktop/yassine/Vectorization/data/PatentData/ReorganisedData/EP3495627A1/EP3495627A1_F0001.tif
EP3495630A1,F0002,/home/safe/Desktop/yassine/Vectorization/data/PatentData/ReorganisedData/EP3495630A1/EP3495630A1_F0002.tif
EP3495632A1,F0001,/home/safe/Desktop/yassine/Vectorization/data/PatentData/ReorganisedData/EP3495632A1/EP3495632A1_F0001.tif
EP3495639A1,F0003,/home/safe/Desktop/yassine/Vectorization/data/PatentData/ReorganisedData/EP3495639A1/EP3495639A1_F0003.tif
EP3495642A1,A0001,/home/safe/Desktop/yassine/Vectorization/data/PatentData/ReorganisedData/EP3495642A1/EP3495642A1_A0001.tif
EP3495651A1,A0001,/home/safe/Desktop/yassine/Vectorization/data/PatentData/ReorganisedData/EP3495651A1/EP3495651A1_A0001.tif
EP3495654A1,A0001,/home/safe/Desktop/yassine/Vectorization/data/PatentData/ReorganisedData/EP3495654A1/EP3495654A1_A0001.tif
EP3495655A1,F0001,/home/safe/Desktop/yassine/Vectorization/data/PatentData/ReorganisedData/EP3495655A1/EP3495655A1_F0001.tif
EP3495657A1,A0001,/home/safe/Desktop/yassine/Vectorization/data/PatentData/ReorganisedData/EP3495657A1/EP3495657A1_A0001.tif
EP3495658A1,A0001,/home/safe/Desktop/yassine/Vectorization/data/PatentData/ReorganisedData/EP3495658A1/EP3495658A1_A0001.tif
EP3495677A1,A0001,/home/safe/Desktop/yassine/Vectorization/data/PatentData/ReorganisedData/EP3495677A1/EP3495677A1_A0001.tif
EP3495679A1,F0001,/home/safe/Desktop/yassine/Vectorization/data/PatentData/ReorganisedData/EP3495679A1/EP3495679A1_F0001.tif
EP3495681A1,A0001,/home/safe/Desktop/yassine/Vectorization/data/PatentData/ReorganisedData/EP3495681A1/EP3495681A1_A0001.tif
EP3495683A1,A0001,/home/safe/Desktop/yassine/Vectorization/data/PatentData/ReorganisedData/EP3495683A1/EP3495683A1_A0001.tif
EP3495686A1,F0001,/home/safe/Desktop/yassine/Vectorization/data/PatentData/ReorganisedData/EP3495686A1/EP3495686A1_F0001.tif
EP3495687A1,F0002,/home/safe/Desktop/yassine/Vectorization/data/PatentData/ReorganisedData/EP3495687A1/EP3495687A1_F0002.tif
EP3495690A1,F0004,/home/safe/Desktop/yassine/Vectorization/data/PatentData/ReorganisedData/EP3495690A1/EP3495690A1_F0004.tif
EP3495692A1,A0001,/home/safe/Desktop/yassine/Vectorization/data/PatentData/ReorganisedData/EP3495692A1/EP3495692A1_A0001.tif
EP3495695A1,A0001,/home/safe/Desktop/yassine/Vectorization/data/PatentData/ReorganisedData/EP3495695A1/EP3495695A1_A0001.tif
EP3495696A1,A0001,/home/safe/Desktop/yassine/Vectorization/data/PatentData/ReorganisedData/EP3495696A1/EP3495696A1_A0001.tif
EP3495697A1,A0001,/home/safe/Desktop/yassine/Vectorization/data/PatentData/ReorganisedData/EP3495697A1/EP3495697A1_A0001.tif
EP3495698A1,F0001,/home/safe/Desktop/yassine/Vectorization/data/PatentData/ReorganisedData/EP3495698A1/EP3495698A1_F0001.tif
EP3495703A1,A0001,/home/safe/Desktop/yassine/Vectorization/data/PatentData/ReorganisedData/EP3495703A1/EP3495703A1_A0001.tif
EP3495704A1,A0001,/home/safe/Desktop/yassine/Vectorization/data/PatentData/ReorganisedData/EP3495704A1/EP3495704A1_A0001.tif
EP3495705A1,A0001,/home/safe/Desktop/yassine/Vectorization/data/PatentData/ReorganisedData/EP3495705A1/EP3495705A1_A0001.tif
EP3495706A1,F0001,/home/safe/Desktop/yassine/Vectorization/data/PatentData/ReorganisedData/EP3495706A1/EP3495706A1_F0001.tif
EP3495710A1,F0001,/home/safe/Desktop/yassine/Vectorization/data/PatentData/ReorganisedData/EP3495710A1/EP3495710A1_F0001.tif
EP3495711A1,F0001,/home/safe/Desktop/yassine/Vectorization/data/PatentData/ReorganisedData/EP3495711A1/EP3495711A1_F0001.tif
EP3495718A1,A0001,/home/safe/Desktop/yassine/Vectorization/data/PatentData/ReorganisedData/EP3495718A1/EP3495718A1_A0001.tif
EP3495719A1,F0001,/home/safe/Desktop/yassine/Vectorization/data/PatentData/ReorganisedData/EP3495719A1/EP3495719A1_F0001.tif
EP3495721A1,A0001,/home/safe/Desktop/yassine/Vectorization/data/PatentData/ReorganisedData/EP3495721A1/EP3495721A1_A0001.tif
EP3495722A1,A0001,/home/safe/Desktop/yassine/Vectorization/data/PatentData/ReorganisedData/EP3495722A1/EP3495722A1_A0001.tif
EP3495725A1,A0001,/home/safe/Desktop/yassine/Vectorization/data/PatentData/ReorganisedData/EP3495725A1/EP3495725A1_A0001.tif
EP3495727A1,A0001,/home/safe/Desktop/yassine/Vectorization/data/PatentData/ReorganisedData/EP3495727A1/EP3495727A1_A0001.tif
EP3495728A1,A0001,/home/safe/Desktop/yassine/Vectorization/data/PatentData/ReorganisedData/EP3495728A1/EP3495728A1_A0001.tif
EP3495736A1,F0002,/home/safe/Desktop/yassine/Vectorization/data/PatentData/ReorganisedData/EP3495736A1/EP3495736A1_F0002.tif
EP3495738A1,F0001,/home/safe/Desktop/yassine/Vectorization/data/PatentData/ReorganisedData/EP3495738A1/EP3495738A1_F0001.tif
EP3495757A1,F0002,/home/safe/Desktop/yassine/Vectorization/data/PatentData/ReorganisedData/EP3495757A1/EP3495757A1_F0002.tif
EP3495761A1,F0001,/home/safe/Desktop/yassine/Vectorization/data/PatentData/ReorganisedData/EP3495761A1/EP3495761A1_F0001.tif
EP3498357A1,F0001,/home/safe/Desktop/yassine/Vectorization/data/PatentData/ReorganisedData/EP3498357A1/EP3498357A1_F0001.tif
EP3498359A1,A0001,/home/safe/Desktop/yassine/Vectorization/data/PatentData/ReorganisedData/EP3498359A1/EP3498359A1_A0001.tif
EP3498362A1,F0001,/home/safe/Desktop/yassine/Vectorization/data/PatentData/ReorganisedData/EP3498362A1/EP3498362A1_F0001.tif
EP3498373A1,F0007,/home/safe/Desktop/yassine/Vectorization/data/PatentData/ReorganisedData/EP3498373A1/EP3498373A1_F0007.tif
EP3498378A1,F0001,/home/safe/Desktop/yassine/Vectorization/data/PatentData/ReorganisedData/EP3498378A1/EP3498378A1_F0001.tif
EP3498380A1,A0001,/home/safe/Desktop/yassine/Vectorization/data/PatentData/ReorganisedData/EP3498380A1/EP3498380A1_A0001.tif
EP3498390A1,F0001,/home/safe/Desktop/yassine/Vectorization/data/PatentData/ReorganisedData/EP3498390A1/EP3498390A1_F0001.tif
EP3498391A1,F0002,/home/safe/Desktop/yassine/Vectorization/data/PatentData/ReorganisedData/EP3498391A1/EP3498391A1_F0002.tif
EP3498393A1,A0001,/home/safe/Desktop/yassine/Vectorization/data/PatentData/ReorganisedData/EP3498393A1/EP3498393A1_A0001.tif
EP3498394A1,A0001,/home/safe/Desktop/yassine/Vectorization/data/PatentData/ReorganisedData/EP3498394A1/EP3498394A1_A0001.tif
EP3498395A1,F0005,/home/safe/Desktop/yassine/Vectorization/data/PatentData/ReorganisedData/EP3498395A1/EP3498395A1_F0005.tif
EP3498404A1,A0001,/home/safe/Desktop/yassine/Vectorization/data/PatentData/ReorganisedData/EP3498404A1/EP3498404A1_A0001.tif
EP3498405A1,A0001,/home/safe/Desktop/yassine/Vectorization/data/PatentData/ReorganisedData/EP3498405A1/EP3498405A1_A0001.tif
EP3498409A1,F0001,/home/safe/Desktop/yassine/Vectorization/data/PatentData/ReorganisedData/EP3498409A1/EP3498409A1_F0001.tif
EP3498413A1,A0002,/home/safe/Desktop/yassine/Vectorization/data/PatentData/ReorganisedData/EP3498413A1/EP3498413A1_A0002.tif
EP3498422A1,F0001,/home/safe/Desktop/yassine/Vectorization/data/PatentData/ReorganisedData/EP3498422A1/EP3498422A1_F0001.tif
EP3498424A1,F0002,/home/safe/Desktop/yassine/Vectorization/data/PatentData/ReorganisedData/EP3498424A1/EP3498424A1_F0002.tif
EP3498425A1,A0001,/home/safe/Desktop/yassine/Vectorization/data/PatentData/ReorganisedData/EP3498425A1/EP3498425A1_A0001.tif
EP3498432A1,F0002,/home/safe/Desktop/yassine/Vectorization/data/PatentData/ReorganisedData/EP3498432A1/EP3498432A1_F0002.tif
EP3498434A1,F0003,/home/safe/Desktop/yassine/Vectorization/data/PatentData/ReorganisedData/EP3498434A1/EP3498434A1_F0003.tif
EP3498435A1,F0001,/home/safe/Desktop/yassine/Vectorization/data/PatentData/ReorganisedData/EP3498435A1/EP3498435A1_F0001.tif
EP3498438A1,F0002,/home/safe/Desktop/yassine/Vectorization/data/PatentData/ReorganisedData/EP3498438A1/EP3498438A1_F0002.tif
EP3498439A1,A0001,/home/safe/Desktop/yassine/Vectorization/data/PatentData/ReorganisedData/EP3498439A1/EP3498439A1_A0001.tif
EP3498441A1,F0001,/home/safe/Desktop/yassine/Vectorization/data/PatentData/ReorganisedData/EP3498441A1/EP3498441A1_F0001.tif
EP3498442A1,F0001,/home/safe/Desktop/yassine/Vectorization/data/PatentData/ReorganisedData/EP3498442A1/EP3498442A1_F0001.tif
EP3498453A1,A0001,/home/safe/Desktop/yassine/Vectorization/data/PatentData/ReorganisedData/EP3498453A1/EP3498453A1_A0001.tif
EP3498454A1,A0001,/home/safe/Desktop/yassine/Vectorization/data/PatentData/ReorganisedData/EP3498454A1/EP3498454A1_A0001.tif
EP3498460A1,A0001,/home/safe/Desktop/yassine/Vectorization/data/PatentData/ReorganisedData/EP3498460A1/EP3498460A1_A0001.tif
EP3498461A1,A0001,/home/safe/Desktop/yassine/Vectorization/data/PatentData/ReorganisedData/EP3498461A1/EP3498461A1_A0001.tif
EP3498462A1,F0015,/home/safe/Desktop/yassine/Vectorization/data/PatentData/ReorganisedData/EP3498462A1/EP3498462A1_F0015.tif
EP3498469A1,F0001,/home/safe/Desktop/yassine/Vectorization/data/PatentData/ReorganisedData/EP3498469A1/EP3498469A1_F0001.tif
EP3498474A1,A0001,/home/safe/Desktop/yassine/Vectorization/data/PatentData/ReorganisedData/EP3498474A1/EP3498474A1_A0001.tif
EP3498477A1,F0001,/home/safe/Desktop/yassine/Vectorization/data/PatentData/ReorganisedData/EP3498477A1/EP3498477A1_F0001.tif
EP3498478A1,A0001,/home/safe/Desktop/yassine/Vectorization/data/PatentData/ReorganisedData/EP3498478A1/EP3498478A1_A0001.tif
EP3498484A1,A0001,/home/safe/Desktop/yassine/Vectorization/data/PatentData/ReorganisedData/EP3498484A1/EP3498484A1_A0001.tif
EP3498487A1,A0001,/home/safe/Desktop/yassine/Vectorization/data/PatentData/ReorganisedData/EP3498487A1/EP3498487A1_A0001.tif
EP3498490A1,F0001,/home/safe/Desktop/yassine/Vectorization/data/PatentData/ReorganisedData/EP3498490A1/EP3498490A1_F0001.tif
EP3498494A1,A0001,/home/safe/Desktop/yassine/Vectorization/data/PatentData/ReorganisedData/EP3498494A1/EP3498494A1_A0001.tif
EP3498495A1,A0001,/home/safe/Desktop/yassine/Vectorization/data/PatentData/ReorganisedData/EP3498495A1/EP3498495A1_A0001.tif
EP3498498A1,F0002,/home/safe/Desktop/yassine/Vectorization/data/PatentData/ReorganisedData/EP3498498A1/EP3498498A1_F0002.tif
EP3498499A1,A0001,/home/safe/Desktop/yassine/Vectorization/data/PatentData/ReorganisedData/EP3498499A1/EP3498499A1_A0001.tif
EP3498500A1,A0001,/home/safe/Desktop/yassine/Vectorization/data/PatentData/ReorganisedData/EP3498500A1/EP3498500A1_A0001.tif
EP3498507A1,A0001,/home/safe/Desktop/yassine/Vectorization/data/PatentData/ReorganisedData/EP3498507A1/EP3498507A1_A0001.tif
EP3498509A1,A0001,/home/safe/Desktop/yassine/Vectorization/data/PatentData/ReorganisedData/EP3498509A1/EP3498509A1_A0001.tif
EP3498510A1,A0001,/home/safe/Desktop/yassine/Vectorization/data/PatentData/ReorganisedData/EP3498510A1/EP3498510A1_A0001.tif
EP3498511A1,F0001,/home/safe/Desktop/yassine/Vectorization/data/PatentData/ReorganisedData/EP3498511A1/EP3498511A1_F0001.tif
EP3498517A1,A0001,/home/safe/Desktop/yassine/Vectorization/data/PatentData/ReorganisedData/EP3498517A1/EP3498517A1_A0001.tif
EP3498527A1,F0001,/home/safe/Desktop/yassine/Vectorization/data/PatentData/ReorganisedData/EP3498527A1/EP3498527A1_F0001.tif
EP3498528A1,A0001,/home/safe/Desktop/yassine/Vectorization/data/PatentData/ReorganisedData/EP3498528A1/EP3498528A1_A0001.tif
EP3498529A1,A0001,/home/safe/Desktop/yassine/Vectorization/data/PatentData/ReorganisedData/EP3498529A1/EP3498529A1_A0001.tif
EP3498530A1,F0001,/home/safe/Desktop/yassine/Vectorization/data/PatentData/ReorganisedData/EP3498530A1/EP3498530A1_F0001.tif
EP3498534A1,A0001,/home/safe/Desktop/yassine/Vectorization/data/PatentData/ReorganisedData/EP3498534A1/EP3498534A1_A0001.tif
EP3498535A1,F0001,/home/safe/Desktop/yassine/Vectorization/data/PatentData/ReorganisedData/EP3498535A1/EP3498535A1_F0001.tif
EP3498541A1,A0001,/home/safe/Desktop/yassine/Vectorization/data/PatentData/ReorganisedData/EP3498541A1/EP3498541A1_A0001.tif
EP3498548A1,A0001,/home/safe/Desktop/yassine/Vectorization/data/PatentData/ReorganisedData/EP3498548A1/EP3498548A1_A0001.tif
EP3498550A1,A0001,/home/safe/Desktop/yassine/Vectorization/data/PatentData/ReorganisedData/EP3498550A1/EP3498550A1_A0001.tif
EP3498553A1,F0001,/home/safe/Desktop/yassine/Vectorization/data/PatentData/ReorganisedData/EP3498553A1/EP3498553A1_F0001.tif
EP3498554A1,F0001,/home/safe/Desktop/yassine/Vectorization/data/PatentData/ReorganisedData/EP3498554A1/EP3498554A1_F0001.tif
EP3498564A1,F0002,/home/safe/Desktop/yassine/Vectorization/data/PatentData/ReorganisedData/EP3498564A1/EP3498564A1_F0002.tif
EP3498565A1,F0001,/home/safe/Desktop/yassine/Vectorization/data/PatentData/ReorganisedData/EP3498565A1/EP3498565A1_F0001.tif
EP3498566A1,A0001,/home/safe/Desktop/yassine/Vectorization/data/PatentData/ReorganisedData/EP3498566A1/EP3498566A1_A0001.tif
EP3498567A1,A0001,/home/safe/Desktop/yassine/Vectorization/data/PatentData/ReorganisedData/EP3498567A1/EP3498567A1_A0001.tif
EP3498568A1,F0001,/home/safe/Desktop/yassine/Vectorization/data/PatentData/ReorganisedData/EP3498568A1/EP3498568A1_F0001.tif
EP3498573A1,F0001,/home/safe/Desktop/yassine/Vectorization/data/PatentData/ReorganisedData/EP3498573A1/EP3498573A1_F0001.tif
EP3498577A1,F0001,/home/safe/Desktop/yassine/Vectorization/data/PatentData/ReorganisedData/EP3498577A1/EP3498577A1_F0001.tif
EP3498579A1,A0001,/home/safe/Desktop/yassine/Vectorization/data/PatentData/ReorganisedData/EP3498579A1/EP3498579A1_A0001.tif
EP3498583A1,A0001,/home/safe/Desktop/yassine/Vectorization/data/PatentData/ReorganisedData/EP3498583A1/EP3498583A1_A0001.tif
EP3498585A1,A0001,/home/safe/Desktop/yassine/Vectorization/data/PatentData/ReorganisedData/EP3498585A1/EP3498585A1_A0001.tif
EP3498586A1,F0001,/home/safe/Desktop/yassine/Vectorization/data/PatentData/ReorganisedData/EP3498586A1/EP3498586A1_F0001.tif
EP3498592A1,F0002,/home/safe/Desktop/yassine/Vectorization/data/PatentData/ReorganisedData/EP3498592A1/EP3498592A1_F0002.tif
EP3498593A1,A0001,/home/safe/Desktop/yassine/Vectorization/data/PatentData/ReorganisedData/EP3498593A1/EP3498593A1_A0001.tif
EP3498596A1,A0001,/home/safe/Desktop/yassine/Vectorization/data/PatentData/ReorganisedData/EP3498596A1/EP3498596A1_A0001.tif
EP3498600A1,A0001,/home/safe/Desktop/yassine/Vectorization/data/PatentData/ReorganisedData/EP3498600A1/EP3498600A1_A0001.tif
EP3498601A1,F0002,/home/safe/Desktop/yassine/Vectorization/data/PatentData/ReorganisedData/EP3498601A1/EP3498601A1_F0002.tif
EP3498604A1,A0001,/home/safe/Desktop/yassine/Vectorization/data/PatentData/ReorganisedData/EP3498604A1/EP3498604A1_A0001.tif
EP3498605A1,F0001,/home/safe/Desktop/yassine/Vectorization/data/PatentData/ReorganisedData/EP3498605A1/EP3498605A1_F0001.tif
EP3498607A1,F0001,/home/safe/Desktop/yassine/Vectorization/data/PatentData/ReorganisedData/EP3498607A1/EP3498607A1_F0001.tif
EP3498608A1,A0001,/home/safe/Desktop/yassine/Vectorization/data/PatentData/ReorganisedData/EP3498608A1/EP3498608A1_A0001.tif
EP3498609A1,A0001,/home/safe/Desktop/yassine/Vectorization/data/PatentData/ReorganisedData/EP3498609A1/EP3498609A1_A0001.tif
EP3498610A1,A0001,/home/safe/Desktop/yassine/Vectorization/data/PatentData/ReorganisedData/EP3498610A1/EP3498610A1_A0001.tif
EP3498612A2,F0001,/home/safe/Desktop/yassine/Vectorization/data/PatentData/ReorganisedData/EP3498612A2/EP3498612A2_F0001.tif
EP3498617A1,F0001,/home/safe/Desktop/yassine/Vectorization/data/PatentData/ReorganisedData/EP3498617A1/EP3498617A1_F0001.tif
EP3498622A1,F0001,/home/safe/Desktop/yassine/Vectorization/data/PatentData/ReorganisedData/EP3498622A1/EP3498622A1_F0001.tif
EP3498629A2,F0001,/home/safe/Desktop/yassine/Vectorization/data/PatentData/ReorganisedData/EP3498629A2/EP3498629A2_F0001.tif
EP3498631A1,F0001,/home/safe/Desktop/yassine/Vectorization/data/PatentData/ReorganisedData/EP3498631A1/EP3498631A1_F0001.tif
EP3498632A1,A0001,/home/safe/Desktop/yassine/Vectorization/data/PatentData/ReorganisedData/EP3498632A1/EP3498632A1_A0001.tif
EP3498634A1,F0001,/home/safe/Desktop/yassine/Vectorization/data/PatentData/ReorganisedData/EP3498634A1/EP3498634A1_F0001.tif
EP3498637A1,A0001,/home/safe/Desktop/yassine/Vectorization/data/PatentData/ReorganisedData/EP3498637A1/EP3498637A1_A0001.tif
EP3498643A1,A0001,/home/safe/Desktop/yassine/Vectorization/data/PatentData/ReorganisedData/EP3498643A1/EP3498643A1_A0001.tif
EP3498652A1,F0001,/home/safe/Desktop/yassine/Vectorization/data/PatentData/ReorganisedData/EP3498652A1/EP3498652A1_F0001.tif
EP3498653A1,A0001,/home/safe/Desktop/yassine/Vectorization/data/PatentData/ReorganisedData/EP3498653A1/EP3498653A1_A0001.tif
EP3498658A1,F0007,/home/safe/Desktop/yassine/Vectorization/data/PatentData/ReorganisedData/EP3498658A1/EP3498658A1_F0007.tif
EP3498660A1,A0001,/home/safe/Desktop/yassine/Vectorization/data/PatentData/ReorganisedData/EP3498660A1/EP3498660A1_A0001.tif
EP3498661A1,F0001,/home/safe/Desktop/yassine/Vectorization/data/PatentData/ReorganisedData/EP3498661A1/EP3498661A1_F0001.tif
EP3498970A1,F0001,/home/safe/Desktop/yassine/Vectorization/data/PatentData/ReorganisedData/EP3498970A1/EP3498970A1_F0001.tif
EP3498971A1,A0001,/home/safe/Desktop/yassine/Vectorization/data/PatentData/ReorganisedData/EP3498971A1/EP3498971A1_A0001.tif
EP3498973A1,A0001,/home/safe/Desktop/yassine/Vectorization/data/PatentData/ReorganisedData/EP3498973A1/EP3498973A1_A0001.tif
EP3498976A2,A0001,/home/safe/Desktop/yassine/Vectorization/data/PatentData/ReorganisedData/EP3498976A2/EP3498976A2_A0001.tif
EP3498978A1,F0001,/home/safe/Desktop/yassine/Vectorization/data/PatentData/ReorganisedData/EP3498978A1/EP3498978A1_F0001.tif
EP3498983A2,A0001,/home/safe/Desktop/yassine/Vectorization/data/PatentData/ReorganisedData/EP3498983A2/EP3498983A2_A0001.tif
EP3498984A1,A0001,/home/safe/Desktop/yassine/Vectorization/data/PatentData/ReorganisedData/EP3498984A1/EP3498984A1_A0001.tif
EP3498994A1,F0001,/home/safe/Desktop/yassine/Vectorization/data/PatentData/ReorganisedData/EP3498994A1/EP3498994A1_F0001.tif
EP3498999A1,A0001,/home/safe/Desktop/yassine/Vectorization/data/PatentData/ReorganisedData/EP3498999A1/EP3498999A1_A0001.tif
EP3499001A1,F0001,/home/safe/Desktop/yassine/Vectorization/data/PatentData/ReorganisedData/EP3499001A1/EP3499001A1_F0001.tif
EP3499004A1,A0001,/home/safe/Desktop/yassine/Vectorization/data/PatentData/ReorganisedData/EP3499004A1/EP3499004A1_A0001.tif
EP3499006A1,F0002,/home/safe/Desktop/yassine/Vectorization/data/PatentData/ReorganisedData/EP3499006A1/EP3499006A1_F0002.tif
EP3499008A1,F0002,/home/safe/Desktop/yassine/Vectorization/data/PatentData/ReorganisedData/EP3499008A1/EP3499008A1_F0002.tif
EP3499014A1,A0001,/home/safe/Desktop/yassine/Vectorization/data/PatentData/ReorganisedData/EP3499014A1/EP3499014A1_A0001.tif
EP3499018A1,A0001,/home/safe/Desktop/yassine/Vectorization/data/PatentData/ReorganisedData/EP3499018A1/EP3499018A1_A0001.tif
EP3499020A1,A0001,/home/safe/Desktop/yassine/Vectorization/data/PatentData/ReorganisedData/EP3499020A1/EP3499020A1_A0001.tif
EP3499023A1,F0001,/home/safe/Desktop/yassine/Vectorization/data/PatentData/ReorganisedData/EP3499023A1/EP3499023A1_F0001.tif
EP3499033A1,A0001,/home/safe/Desktop/yassine/Vectorization/data/PatentData/ReorganisedData/EP3499033A1/EP3499033A1_A0001.tif
EP3499034A1,A0001,/home/safe/Desktop/yassine/Vectorization/data/PatentData/ReorganisedData/EP3499034A1/EP3499034A1_A0001.tif
EP3499036A1,F0002,/home/safe/Desktop/yassine/Vectorization/data/PatentData/ReorganisedData/EP3499036A1/EP3499036A1_F0002.tif
EP3499038A1,F0001,/home/safe/Desktop/yassine/Vectorization/data/PatentData/ReorganisedData/EP3499038A1/EP3499038A1_F0001.tif
EP3499039A1,F0001,/home/safe/Desktop/yassine/Vectorization/data/PatentData/ReorganisedData/EP3499039A1/EP3499039A1_F0001.tif
EP3499040A1,A0001,/home/safe/Desktop/yassine/Vectorization/data/PatentData/ReorganisedData/EP3499040A1/EP3499040A1_A0001.tif
EP3499041A1,F0001,/home/safe/Desktop/yassine/Vectorization/data/PatentData/ReorganisedData/EP3499041A1/EP3499041A1_F0001.tif
EP3499042A1,A0001,/home/safe/Desktop/yassine/Vectorization/data/PatentData/ReorganisedData/EP3499042A1/EP3499042A1_A0001.tif
EP3499043A1,F0001,/home/safe/Desktop/yassine/Vectorization/data/PatentData/ReorganisedData/EP3499043A1/EP3499043A1_F0001.tif
EP3499044A1,F0001,/home/safe/Desktop/yassine/Vectorization/data/PatentData/ReorganisedData/EP3499044A1/EP3499044A1_F0001.tif
EP3499046A1,A0001,/home/safe/Desktop/yassine/Vectorization/data/PatentData/ReorganisedData/EP3499046A1/EP3499046A1_A0001.tif
EP3499047A1,A0001,/home/safe/Desktop/yassine/Vectorization/data/PatentData/ReorganisedData/EP3499047A1/EP3499047A1_A0001.tif
EP3499051A1,A0001,/home/safe/Desktop/yassine/Vectorization/data/PatentData/ReorganisedData/EP3499051A1/EP3499051A1_A0001.tif
EP3499053A1,F0002,/home/safe/Desktop/yassine/Vectorization/data/PatentData/ReorganisedData/EP3499053A1/EP3499053A1_F0002.tif
EP3499054A1,A0001,/home/safe/Desktop/yassine/Vectorization/data/PatentData/ReorganisedData/EP3499054A1/EP3499054A1_A0001.tif
EP3499055A1,A0001,/home/safe/Desktop/yassine/Vectorization/data/PatentData/ReorganisedData/EP3499055A1/EP3499055A1_A0001.tif
EP3499060A1,F0002,/home/safe/Desktop/yassine/Vectorization/data/PatentData/ReorganisedData/EP3499060A1/EP3499060A1_F0002.tif
EP3499062A1,F0001,/home/safe/Desktop/yassine/Vectorization/data/PatentData/ReorganisedData/EP3499062A1/EP3499062A1_F0001.tif
EP3499065A1,F0001,/home/safe/Desktop/yassine/Vectorization/data/PatentData/ReorganisedData/EP3499065A1/EP3499065A1_F0001.tif
EP3499066A1,F0001,/home/safe/Desktop/yassine/Vectorization/data/PatentData/ReorganisedData/EP3499066A1/EP3499066A1_F0001.tif
EP3499068A1,F0002,/home/safe/Desktop/yassine/Vectorization/data/PatentData/ReorganisedData/EP3499068A1/EP3499068A1_F0002.tif
EP3499070A1,F0001,/home/safe/Desktop/yassine/Vectorization/data/PatentData/ReorganisedData/EP3499070A1/EP3499070A1_F0001.tif
EP3499071A1,F0002,/home/safe/Desktop/yassine/Vectorization/data/PatentData/ReorganisedData/EP3499071A1/EP3499071A1_F0002.tif
EP3499072A1,A0001,/home/safe/Desktop/yassine/Vectorization/data/PatentData/ReorganisedData/EP3499072A1/EP3499072A1_A0001.tif
EP3499073A1,A0001,/home/safe/Desktop/yassine/Vectorization/data/PatentData/ReorganisedData/EP3499073A1/EP3499073A1_A0001.tif
EP3499074A1,A0001,/home/safe/Desktop/yassine/Vectorization/data/PatentData/ReorganisedData/EP3499074A1/EP3499074A1_A0001.tif
EP3499077A1,A0001,/home/safe/Desktop/yassine/Vectorization/data/PatentData/ReorganisedData/EP3499077A1/EP3499077A1_A0001.tif
EP3499079A1,A0001,/home/safe/Desktop/yassine/Vectorization/data/PatentData/ReorganisedData/EP3499079A1/EP3499079A1_A0001.tif
EP3499083A1,A0001,/home/safe/Desktop/yassine/Vectorization/data/PatentData/ReorganisedData/EP3499083A1/EP3499083A1_A0001.tif
EP3499092A1,A0001,/home/safe/Desktop/yassine/Vectorization/data/PatentData/ReorganisedData/EP3499092A1/EP3499092A1_A0001.tif
EP3499096A1,F0003,/home/safe/Desktop/yassine/Vectorization/data/PatentData/ReorganisedData/EP3499096A1/EP3499096A1_F0003.tif
EP3499097A1,A0001,/home/safe/Desktop/yassine/Vectorization/data/PatentData/ReorganisedData/EP3499097A1/EP3499097A1_A0001.tif
EP3499098A1,F0001,/home/safe/Desktop/yassine/Vectorization/data/PatentData/ReorganisedData/EP3499098A1/EP3499098A1_F0001.tif
EP3499099A1,A0001,/home/safe/Desktop/yassine/Vectorization/data/PatentData/ReorganisedData/EP3499099A1/EP3499099A1_A0001.tif
EP3499100A1,A0001,/home/safe/Desktop/yassine/Vectorization/data/PatentData/ReorganisedData/EP3499100A1/EP3499100A1_A0001.tif
EP3499104A1,F0002,/home/safe/Desktop/yassine/Vectorization/data/PatentData/ReorganisedData/EP3499104A1/EP3499104A1_F0002.tif
EP3499105A1,A0001,/home/safe/Desktop/yassine/Vectorization/data/PatentData/ReorganisedData/EP3499105A1/EP3499105A1_A0001.tif
EP3499107A1,F0005,/home/safe/Desktop/yassine/Vectorization/data/PatentData/ReorganisedData/EP3499107A1/EP3499107A1_F0005.tif
EP3499108A1,F0001,/home/safe/Desktop/yassine/Vectorization/data/PatentData/ReorganisedData/EP3499108A1/EP3499108A1_F0001.tif
EP3499113A1,F0002,/home/safe/Desktop/yassine/Vectorization/data/PatentData/ReorganisedData/EP3499113A1/EP3499113A1_F0002.tif
EP3499114A1,A0001,/home/safe/Desktop/yassine/Vectorization/data/PatentData/ReorganisedData/EP3499114A1/EP3499114A1_A0001.tif
EP3499127A1,F0001,/home/safe/Desktop/yassine/Vectorization/data/PatentData/ReorganisedData/EP3499127A1/EP3499127A1_F0001.tif
EP3499130A1,A0001,/home/safe/Desktop/yassine/Vectorization/data/PatentData/ReorganisedData/EP3499130A1/EP3499130A1_A0001.tif
EP3499131A1,A0001,/home/safe/Desktop/yassine/Vectorization/data/PatentData/ReorganisedData/EP3499131A1/EP3499131A1_A0001.tif
EP3499132A1,A0001,/home/safe/Desktop/yassine/Vectorization/data/PatentData/ReorganisedData/EP3499132A1/EP3499132A1_A0001.tif
EP3499135A1,A0001,/home/safe/Desktop/yassine/Vectorization/data/PatentData/ReorganisedData/EP3499135A1/EP3499135A1_A0001.tif
EP3499136A1,A0001,/home/safe/Desktop/yassine/Vectorization/data/PatentData/ReorganisedData/EP3499136A1/EP3499136A1_A0001.tif
EP3499144A1,F0002,/home/safe/Desktop/yassine/Vectorization/data/PatentData/ReorganisedData/EP3499144A1/EP3499144A1_F0002.tif
EP3499146A1,F0002,/home/safe/Desktop/yassine/Vectorization/data/PatentData/ReorganisedData/EP3499146A1/EP3499146A1_F0002.tif
EP3499150A1,F0004,/home/safe/Desktop/yassine/Vectorization/data/PatentData/ReorganisedData/EP3499150A1/EP3499150A1_F0004.tif
EP3499151A1,A0001,/home/safe/Desktop/yassine/Vectorization/data/PatentData/ReorganisedData/EP3499151A1/EP3499151A1_A0001.tif
EP3499152A1,A0001,/home/safe/Desktop/yassine/Vectorization/data/PatentData/ReorganisedData/EP3499152A1/EP3499152A1_A0001.tif
EP3499158A1,A0001,/home/safe/Desktop/yassine/Vectorization/data/PatentData/ReorganisedData/EP3499158A1/EP3499158A1_A0001.tif
EP3499165A1,F0002,/home/safe/Desktop/yassine/Vectorization/data/PatentData/ReorganisedData/EP3499165A1/EP3499165A1_F0002.tif
EP3499169A1,F0003,/home/safe/Desktop/yassine/Vectorization/data/PatentData/ReorganisedData/EP3499169A1/EP3499169A1_F0003.tif
EP3499174A1,F0003,/home/safe/Desktop/yassine/Vectorization/data/PatentData/ReorganisedData/EP3499174A1/EP3499174A1_F0003.tif
EP3501620A1,A0001,/home/safe/Desktop/yassine/Vectorization/data/PatentData/ReorganisedData/EP3501620A1/EP3501620A1_A0001.tif
EP3501621A1,A0001,/home/safe/Desktop/yassine/Vectorization/data/PatentData/ReorganisedData/EP3501621A1/EP3501621A1_A0001.tif
EP3501623A1,F0003,/home/safe/Desktop/yassine/Vectorization/data/PatentData/ReorganisedData/EP3501623A1/EP3501623A1_F0003.tif
EP3501628A1,A0001,/home/safe/Desktop/yassine/Vectorization/data/PatentData/ReorganisedData/EP3501628A1/EP3501628A1_A0001.tif
EP3501637A1,A0001,/home/safe/Desktop/yassine/Vectorization/data/PatentData/ReorganisedData/EP3501637A1/EP3501637A1_A0001.tif
EP3501645A2,A0001,/home/safe/Desktop/yassine/Vectorization/data/PatentData/ReorganisedData/EP3501645A2/EP3501645A2_A0001.tif
EP3501653A1,F0005,/home/safe/Desktop/yassine/Vectorization/data/PatentData/ReorganisedData/EP3501653A1/EP3501653A1_F0005.tif
EP3501654A1,A0001,/home/safe/Desktop/yassine/Vectorization/data/PatentData/ReorganisedData/EP3501654A1/EP3501654A1_A0001.tif
EP3501662A1,A0001,/home/safe/Desktop/yassine/Vectorization/data/PatentData/ReorganisedData/EP3501662A1/EP3501662A1_A0001.tif
EP3501663A1,A0001,/home/safe/Desktop/yassine/Vectorization/data/PatentData/ReorganisedData/EP3501663A1/EP3501663A1_A0001.tif
EP3501666A1,F0004,/home/safe/Desktop/yassine/Vectorization/data/PatentData/ReorganisedData/EP3501666A1/EP3501666A1_F0004.tif
EP3501675A1,A0001,/home/safe/Desktop/yassine/Vectorization/data/PatentData/ReorganisedData/EP3501675A1/EP3501675A1_A0001.tif
EP3501676A1,F0001,/home/safe/Desktop/yassine/Vectorization/data/PatentData/ReorganisedData/EP3501676A1/EP3501676A1_F0001.tif
EP3501677A1,F0001,/home/safe/Desktop/yassine/Vectorization/data/PatentData/ReorganisedData/EP3501677A1/EP3501677A1_F0001.tif
EP3501683A1,A0001,/home/safe/Desktop/yassine/Vectorization/data/PatentData/ReorganisedData/EP3501683A1/EP3501683A1_A0001.tif
EP3501685A1,F0002,/home/safe/Desktop/yassine/Vectorization/data/PatentData/ReorganisedData/EP3501685A1/EP3501685A1_F0002.tif
EP3501687A1,F0001,/home/safe/Desktop/yassine/Vectorization/data/PatentData/ReorganisedData/EP3501687A1/EP3501687A1_F0001.tif
EP3501689A1,A0001,/home/safe/Desktop/yassine/Vectorization/data/PatentData/ReorganisedData/EP3501689A1/EP3501689A1_A0001.tif
EP3501691A1,F0001,/home/safe/Desktop/yassine/Vectorization/data/PatentData/ReorganisedData/EP3501691A1/EP3501691A1_F0001.tif
EP3501693A1,A0001,/home/safe/Desktop/yassine/Vectorization/data/PatentData/ReorganisedData/EP3501693A1/EP3501693A1_A0001.tif
EP3501694A1,A0001,/home/safe/Desktop/yassine/Vectorization/data/PatentData/ReorganisedData/EP3501694A1/EP3501694A1_A0001.tif
EP3501695A1,F0001,/home/safe/Desktop/yassine/Vectorization/data/PatentData/ReorganisedData/EP3501695A1/EP3501695A1_F0001.tif
EP3501696A1,A0001,/home/safe/Desktop/yassine/Vectorization/data/PatentData/ReorganisedData/EP3501696A1/EP3501696A1_A0001.tif
EP3501697A1,F0001,/home/safe/Desktop/yassine/Vectorization/data/PatentData/ReorganisedData/EP3501697A1/EP3501697A1_F0001.tif
EP3501700A1,F0001,/home/safe/Desktop/yassine/Vectorization/data/PatentData/ReorganisedData/EP3501700A1/EP3501700A1_F0001.tif
EP3501703A1,A0001,/home/safe/Desktop/yassine/Vectorization/data/PatentData/ReorganisedData/EP3501703A1/EP3501703A1_A0001.tif
EP3501705A1,A0001,/home/safe/Desktop/yassine/Vectorization/data/PatentData/ReorganisedData/EP3501705A1/EP3501705A1_A0001.tif
EP3501706A1,A0001,/home/safe/Desktop/yassine/Vectorization/data/PatentData/ReorganisedData/EP3501706A1/EP3501706A1_A0001.tif
EP3501707A1,A0001,/home/safe/Desktop/yassine/Vectorization/data/PatentData/ReorganisedData/EP3501707A1/EP3501707A1_A0001.tif
EP3501709A1,A0001,/home/safe/Desktop/yassine/Vectorization/data/PatentData/ReorganisedData/EP3501709A1/EP3501709A1_A0001.tif
EP3501710A1,A0001,/home/safe/Desktop/yassine/Vectorization/data/PatentData/ReorganisedData/EP3501710A1/EP3501710A1_A0001.tif
EP3501715A1,F0002,/home/safe/Desktop/yassine/Vectorization/data/PatentData/ReorganisedData/EP3501715A1/EP3501715A1_F0002.tif
EP3501718A1,A0001,/home/safe/Desktop/yassine/Vectorization/data/PatentData/ReorganisedData/EP3501718A1/EP3501718A1_A0001.tif
EP3501721A1,A0001,/home/safe/Desktop/yassine/Vectorization/data/PatentData/ReorganisedData/EP3501721A1/EP3501721A1_A0001.tif
EP3501722A1,F0001,/home/safe/Desktop/yassine/Vectorization/data/PatentData/ReorganisedData/EP3501722A1/EP3501722A1_F0001.tif
EP3501723A1,F0001,/home/safe/Desktop/yassine/Vectorization/data/PatentData/ReorganisedData/EP3501723A1/EP3501723A1_F0001.tif
EP3501724A1,A0001,/home/safe/Desktop/yassine/Vectorization/data/PatentData/ReorganisedData/EP3501724A1/EP3501724A1_A0001.tif
EP3501725A1,F0002,/home/safe/Desktop/yassine/Vectorization/data/PatentData/ReorganisedData/EP3501725A1/EP3501725A1_F0002.tif
EP3501726A1,A0001,/home/safe/Desktop/yassine/Vectorization/data/PatentData/ReorganisedData/EP3501726A1/EP3501726A1_A0001.tif
EP3501733A1,A0001,/home/safe/Desktop/yassine/Vectorization/data/PatentData/ReorganisedData/EP3501733A1/EP3501733A1_A0001.tif
EP3501736A1,F0002,/home/safe/Desktop/yassine/Vectorization/data/PatentData/ReorganisedData/EP3501736A1/EP3501736A1_F0002.tif
EP3501745A1,F0001,/home/safe/Desktop/yassine/Vectorization/data/PatentData/ReorganisedData/EP3501745A1/EP3501745A1_F0001.tif
EP3501746A1,A0001,/home/safe/Desktop/yassine/Vectorization/data/PatentData/ReorganisedData/EP3501746A1/EP3501746A1_A0001.tif
EP3501747A1,F0001,/home/safe/Desktop/yassine/Vectorization/data/PatentData/ReorganisedData/EP3501747A1/EP3501747A1_F0001.tif
EP3501748A1,F0002,/home/safe/Desktop/yassine/Vectorization/data/PatentData/ReorganisedData/EP3501748A1/EP3501748A1_F0002.tif
EP3501750A1,A0001,/home/safe/Desktop/yassine/Vectorization/data/PatentData/ReorganisedData/EP3501750A1/EP3501750A1_A0001.tif
EP3501751A1,A0001,/home/safe/Desktop/yassine/Vectorization/data/PatentData/ReorganisedData/EP3501751A1/EP3501751A1_A0001.tif
EP3501753A1,A0001,/home/safe/Desktop/yassine/Vectorization/data/PatentData/ReorganisedData/EP3501753A1/EP3501753A1_A0001.tif
EP3501755A1,F0002,/home/safe/Desktop/yassine/Vectorization/data/PatentData/ReorganisedData/EP3501755A1/EP3501755A1_F0002.tif
EP3501757A1,F0002,/home/safe/Desktop/yassine/Vectorization/data/PatentData/ReorganisedData/EP3501757A1/EP3501757A1_F0002.tif
EP3501761A1,F0001,/home/safe/Desktop/yassine/Vectorization/data/PatentData/ReorganisedData/EP3501761A1/EP3501761A1_F0001.tif
EP3501767A1,F0004,/home/safe/Desktop/yassine/Vectorization/data/PatentData/ReorganisedData/EP3501767A1/EP3501767A1_F0004.tif
EP3501771A1,A0001,/home/safe/Desktop/yassine/Vectorization/data/PatentData/ReorganisedData/EP3501771A1/EP3501771A1_A0001.tif
EP3501773A1,A0001,/home/safe/Desktop/yassine/Vectorization/data/PatentData/ReorganisedData/EP3501773A1/EP3501773A1_A0001.tif
EP3501776A2,A0001,/home/safe/Desktop/yassine/Vectorization/data/PatentData/ReorganisedData/EP3501776A2/EP3501776A2_A0001.tif
EP3501778A1,A0001,/home/safe/Desktop/yassine/Vectorization/data/PatentData/ReorganisedData/EP3501778A1/EP3501778A1_A0001.tif
EP3501781A1,A0001,/home/safe/Desktop/yassine/Vectorization/data/PatentData/ReorganisedData/EP3501781A1/EP3501781A1_A0001.tif
EP3501783A1,F0001,/home/safe/Desktop/yassine/Vectorization/data/PatentData/ReorganisedData/EP3501783A1/EP3501783A1_F0001.tif
EP3501785A1,F0002,/home/safe/Desktop/yassine/Vectorization/data/PatentData/ReorganisedData/EP3501785A1/EP3501785A1_F0002.tif
EP3501787A1,F0001,/home/safe/Desktop/yassine/Vectorization/data/PatentData/ReorganisedData/EP3501787A1/EP3501787A1_F0001.tif
EP3501791A1,A0001,/home/safe/Desktop/yassine/Vectorization/data/PatentData/ReorganisedData/EP3501791A1/EP3501791A1_A0001.tif
EP3501792A1,A0001,/home/safe/Desktop/yassine/Vectorization/data/PatentData/ReorganisedData/EP3501792A1/EP3501792A1_A0001.tif
EP3501794A1,F0001,/home/safe/Desktop/yassine/Vectorization/data/PatentData/ReorganisedData/EP3501794A1/EP3501794A1_F0001.tif
EP3501798A1,A0001,/home/safe/Desktop/yassine/Vectorization/data/PatentData/ReorganisedData/EP3501798A1/EP3501798A1_A0001.tif
EP3501801A1,F0001,/home/safe/Desktop/yassine/Vectorization/data/PatentData/ReorganisedData/EP3501801A1/EP3501801A1_F0001.tif
EP3501803A1,A0001,/home/safe/Desktop/yassine/Vectorization/data/PatentData/ReorganisedData/EP3501803A1/EP3501803A1_A0001.tif
EP3501805A1,A0001,/home/safe/Desktop/yassine/Vectorization/data/PatentData/ReorganisedData/EP3501805A1/EP3501805A1_A0001.tif
EP3501810A1,A0001,/home/safe/Desktop/yassine/Vectorization/data/PatentData/ReorganisedData/EP3501810A1/EP3501810A1_A0001.tif
EP3501815A1,A0001,/home/safe/Desktop/yassine/Vectorization/data/PatentData/ReorganisedData/EP3501815A1/EP3501815A1_A0001.tif
EP3501816A1,F0001,/home/safe/Desktop/yassine/Vectorization/data/PatentData/ReorganisedData/EP3501816A1/EP3501816A1_F0001.tif
EP3501824A1,F0002,/home/safe/Desktop/yassine/Vectorization/data/PatentData/ReorganisedData/EP3501824A1/EP3501824A1_F0002.tif
EP3501827A2,F0001,/home/safe/Desktop/yassine/Vectorization/data/PatentData/ReorganisedData/EP3501827A2/EP3501827A2_F0001.tif
EP3501833A1,A0001,/home/safe/Desktop/yassine/Vectorization/data/PatentData/ReorganisedData/EP3501833A1/EP3501833A1_A0001.tif
EP3501835A1,F0001,/home/safe/Desktop/yassine/Vectorization/data/PatentData/ReorganisedData/EP3501835A1/EP3501835A1_F0001.tif
EP3501842A1,F0001,/home/safe/Desktop/yassine/Vectorization/data/PatentData/ReorganisedData/EP3501842A1/EP3501842A1_F0001.tif
EP3501850A1,A0001,/home/safe/Desktop/yassine/Vectorization/data/PatentData/ReorganisedData/EP3501850A1/EP3501850A1_A0001.tif
EP3501851A1,F0001,/home/safe/Desktop/yassine/Vectorization/data/PatentData/ReorganisedData/EP3501851A1/EP3501851A1_F0001.tif
EP3501855A1,F0001,/home/safe/Desktop/yassine/Vectorization/data/PatentData/ReorganisedData/EP3501855A1/EP3501855A1_F0001.tif
EP3501861A1,F0002,/home/safe/Desktop/yassine/Vectorization/data/PatentData/ReorganisedData/EP3501861A1/EP3501861A1_F0002.tif
EP3501864A1,A0001,/home/safe/Desktop/yassine/Vectorization/data/PatentData/ReorganisedData/EP3501864A1/EP3501864A1_A0001.tif
EP3501872A1,A0001,/home/safe/Desktop/yassine/Vectorization/data/PatentData/ReorganisedData/EP3501872A1/EP3501872A1_A0001.tif
EP3501873A1,A0001,/home/safe/Desktop/yassine/Vectorization/data/PatentData/ReorganisedData/EP3501873A1/EP3501873A1_A0001.tif
EP3501877A1,A0001,/home/safe/Desktop/yassine/Vectorization/data/PatentData/ReorganisedData/EP3501877A1/EP3501877A1_A0001.tif
EP3501886A1,A0001,/home/safe/Desktop/yassine/Vectorization/data/PatentData/ReorganisedData/EP3501886A1/EP3501886A1_A0001.tif
EP3501888A1,A0001,/home/safe/Desktop/yassine/Vectorization/data/PatentData/ReorganisedData/EP3501888A1/EP3501888A1_A0001.tif
EP3501889A1,F0001,/home/safe/Desktop/yassine/Vectorization/data/PatentData/ReorganisedData/EP3501889A1/EP3501889A1_F0001.tif
EP3501890A1,F0004,/home/safe/Desktop/yassine/Vectorization/data/PatentData/ReorganisedData/EP3501890A1/EP3501890A1_F0004.tif
EP3501896A1,F0002,/home/safe/Desktop/yassine/Vectorization/data/PatentData/ReorganisedData/EP3501896A1/EP3501896A1_F0002.tif
EP3501901A1,A0001,/home/safe/Desktop/yassine/Vectorization/data/PatentData/ReorganisedData/EP3501901A1/EP3501901A1_A0001.tif
EP3501902A1,F0001,/home/safe/Desktop/yassine/Vectorization/data/PatentData/ReorganisedData/EP3501902A1/EP3501902A1_F0001.tif
EP3501903A1,A0001,/home/safe/Desktop/yassine/Vectorization/data/PatentData/ReorganisedData/EP3501903A1/EP3501903A1_A0001.tif
EP3501910A1,A0001,/home/safe/Desktop/yassine/Vectorization/data/PatentData/ReorganisedData/EP3501910A1/EP3501910A1_A0001.tif
EP3501912A1,A0001,/home/safe/Desktop/yassine/Vectorization/data/PatentData/ReorganisedData/EP3501912A1/EP3501912A1_A0001.tif
EP3501913A1,A0001,/home/safe/Desktop/yassine/Vectorization/data/PatentData/ReorganisedData/EP3501913A1/EP3501913A1_A0001.tif
EP3501914A1,F0001,/home/safe/Desktop/yassine/Vectorization/data/PatentData/ReorganisedData/EP3501914A1/EP3501914A1_F0001.tif
EP3501916A1,A0001,/home/safe/Desktop/yassine/Vectorization/data/PatentData/ReorganisedData/EP3501916A1/EP3501916A1_A0001.tif
EP3501917A1,A0001,/home/safe/Desktop/yassine/Vectorization/data/PatentData/ReorganisedData/EP3501917A1/EP3501917A1_A0001.tif
EP3501922A1,F0001,/home/safe/Desktop/yassine/Vectorization/data/PatentData/ReorganisedData/EP3501922A1/EP3501922A1_F0001.tif
EP3501927A1,F0001,/home/safe/Desktop/yassine/Vectorization/data/PatentData/ReorganisedData/EP3501927A1/EP3501927A1_F0001.tif
EP3501930A1,F0001,/home/safe/Desktop/yassine/Vectorization/data/PatentData/ReorganisedData/EP3501930A1/EP3501930A1_F0001.tif
EP3501937A1,F0005,/home/safe/Desktop/yassine/Vectorization/data/PatentData/ReorganisedData/EP3501937A1/EP3501937A1_F0005.tif
EP3501938A1,F0005,/home/safe/Desktop/yassine/Vectorization/data/PatentData/ReorganisedData/EP3501938A1/EP3501938A1_F0005.tif
EP3501943A1,F0001,/home/safe/Desktop/yassine/Vectorization/data/PatentData/ReorganisedData/EP3501943A1/EP3501943A1_F0001.tif
EP3501953A1,A0001,/home/safe/Desktop/yassine/Vectorization/data/PatentData/ReorganisedData/EP3501953A1/EP3501953A1_A0001.tif
EP3501954A1,F0001,/home/safe/Desktop/yassine/Vectorization/data/PatentData/ReorganisedData/EP3501954A1/EP3501954A1_F0001.tif
EP3501956A1,A0001,/home/safe/Desktop/yassine/Vectorization/data/PatentData/ReorganisedData/EP3501956A1/EP3501956A1_A0001.tif
EP3501960A1,F0001,/home/safe/Desktop/yassine/Vectorization/data/PatentData/ReorganisedData/EP3501960A1/EP3501960A1_F0001.tif
EP3501963A1,A0001,/home/safe/Desktop/yassine/Vectorization/data/PatentData/ReorganisedData/EP3501963A1/EP3501963A1_A0001.tif
EP3501966A1,F0001,/home/safe/Desktop/yassine/Vectorization/data/PatentData/ReorganisedData/EP3501966A1/EP3501966A1_F0001.tif
EP3501969A1,A0001,/home/safe/Desktop/yassine/Vectorization/data/PatentData/ReorganisedData/EP3501969A1/EP3501969A1_A0001.tif
EP3501970A1,F0001,/home/safe/Desktop/yassine/Vectorization/data/PatentData/ReorganisedData/EP3501970A1/EP3501970A1_F0001.tif
EP3501974A1,A0001,/home/safe/Desktop/yassine/Vectorization/data/PatentData/ReorganisedData/EP3501974A1/EP3501974A1_A0001.tif
EP3501977A1,F0002,/home/safe/Desktop/yassine/Vectorization/data/PatentData/ReorganisedData/EP3501977A1/EP3501977A1_F0002.tif
EP3501982A1,F0002,/home/safe/Desktop/yassine/Vectorization/data/PatentData/ReorganisedData/EP3501982A1/EP3501982A1_F0002.tif
EP3501983A1,F0001,/home/safe/Desktop/yassine/Vectorization/data/PatentData/ReorganisedData/EP3501983A1/EP3501983A1_F0001.tif
EP3501986A1,F0003,/home/safe/Desktop/yassine/Vectorization/data/PatentData/ReorganisedData/EP3501986A1/EP3501986A1_F0003.tif
EP3501989A1,A0001,/home/safe/Desktop/yassine/Vectorization/data/PatentData/ReorganisedData/EP3501989A1/EP3501989A1_A0001.tif
EP3501992A1,F0001,/home/safe/Desktop/yassine/Vectorization/data/PatentData/ReorganisedData/EP3501992A1/EP3501992A1_F0001.tif
EP3501994A1,F0001,/home/safe/Desktop/yassine/Vectorization/data/PatentData/ReorganisedData/EP3501994A1/EP3501994A1_F0001.tif
EP3501998A1,F0001,/home/safe/Desktop/yassine/Vectorization/data/PatentData/ReorganisedData/EP3501998A1/EP3501998A1_F0001.tif
EP3502002A1,F0001,/home/safe/Desktop/yassine/Vectorization/data/PatentData/ReorganisedData/EP3502002A1/EP3502002A1_F0001.tif
EP3502010A1,A0001,/home/safe/Desktop/yassine/Vectorization/data/PatentData/ReorganisedData/EP3502010A1/EP3502010A1_A0001.tif
EP3502015A1,F0001,/home/safe/Desktop/yassine/Vectorization/data/PatentData/ReorganisedData/EP3502015A1/EP3502015A1_F0001.tif
EP3502019A1,A0001,/home/safe/Desktop/yassine/Vectorization/data/PatentData/ReorganisedData/EP3502019A1/EP3502019A1_A0001.tif
EP3502024A1,F0001,/home/safe/Desktop/yassine/Vectorization/data/PatentData/ReorganisedData/EP3502024A1/EP3502024A1_F0001.tif
EP3502043A1,F0001,/home/safe/Desktop/yassine/Vectorization/data/PatentData/ReorganisedData/EP3502043A1/EP3502043A1_F0001.tif
EP3502415A1,A0001,/home/safe/Desktop/yassine/Vectorization/data/PatentData/ReorganisedData/EP3502415A1/EP3502415A1_A0001.tif
EP3502417A1,A0001,/home/safe/Desktop/yassine/Vectorization/data/PatentData/ReorganisedData/EP3502417A1/EP3502417A1_A0001.tif
EP3502418A1,A0001,/home/safe/Desktop/yassine/Vectorization/data/PatentData/ReorganisedData/EP3502418A1/EP3502418A1_A0001.tif
EP3502419A1,A0001,/home/safe/Desktop/yassine/Vectorization/data/PatentData/ReorganisedData/EP3502419A1/EP3502419A1_A0001.tif
EP3502420A1,A0001,/home/safe/Desktop/yassine/Vectorization/data/PatentData/ReorganisedData/EP3502420A1/EP3502420A1_A0001.tif
EP3502421A1,F0001,/home/safe/Desktop/yassine/Vectorization/data/PatentData/ReorganisedData/EP3502421A1/EP3502421A1_F0001.tif
EP3502422A1,F0001,/home/safe/Desktop/yassine/Vectorization/data/PatentData/ReorganisedData/EP3502422A1/EP3502422A1_F0001.tif
EP3502425A1,A0001,/home/safe/Desktop/yassine/Vectorization/data/PatentData/ReorganisedData/EP3502425A1/EP3502425A1_A0001.tif
EP3502436A1,A0001,/home/safe/Desktop/yassine/Vectorization/data/PatentData/ReorganisedData/EP3502436A1/EP3502436A1_A0001.tif
EP3502440A1,F0001,/home/safe/Desktop/yassine/Vectorization/data/PatentData/ReorganisedData/EP3502440A1/EP3502440A1_F0001.tif
EP3502445A1,F0001,/home/safe/Desktop/yassine/Vectorization/data/PatentData/ReorganisedData/EP3502445A1/EP3502445A1_F0001.tif
EP3502448A1,F0002,/home/safe/Desktop/yassine/Vectorization/data/PatentData/ReorganisedData/EP3502448A1/EP3502448A1_F0002.tif
EP3502453A1,F0001,/home/safe/Desktop/yassine/Vectorization/data/PatentData/ReorganisedData/EP3502453A1/EP3502453A1_F0001.tif
EP3502458A1,A0001,/home/safe/Desktop/yassine/Vectorization/data/PatentData/ReorganisedData/EP3502458A1/EP3502458A1_A0001.tif
EP3502459A1,A0001,/home/safe/Desktop/yassine/Vectorization/data/PatentData/ReorganisedData/EP3502459A1/EP3502459A1_A0001.tif
EP3502461A1,A0001,/home/safe/Desktop/yassine/Vectorization/data/PatentData/ReorganisedData/EP3502461A1/EP3502461A1_A0001.tif
EP3502463A1,F0001,/home/safe/Desktop/yassine/Vectorization/data/PatentData/ReorganisedData/EP3502463A1/EP3502463A1_F0001.tif
EP3502464A1,A0001,/home/safe/Desktop/yassine/Vectorization/data/PatentData/ReorganisedData/EP3502464A1/EP3502464A1_A0001.tif
EP3502467A1,A0001,/home/safe/Desktop/yassine/Vectorization/data/PatentData/ReorganisedData/EP3502467A1/EP3502467A1_A0001.tif
EP3502468A1,A0001,/home/safe/Desktop/yassine/Vectorization/data/PatentData/ReorganisedData/EP3502468A1/EP3502468A1_A0001.tif
EP3502472A1,F0002,/home/safe/Desktop/yassine/Vectorization/data/PatentData/ReorganisedData/EP3502472A1/EP3502472A1_F0002.tif
EP3502473A1,A0001,/home/safe/Desktop/yassine/Vectorization/data/PatentData/ReorganisedData/EP3502473A1/EP3502473A1_A0001.tif
EP3502474A1,A0001,/home/safe/Desktop/yassine/Vectorization/data/PatentData/ReorganisedData/EP3502474A1/EP3502474A1_A0001.tif
EP3502476A1,A0001,/home/safe/Desktop/yassine/Vectorization/data/PatentData/ReorganisedData/EP3502476A1/EP3502476A1_A0001.tif
EP3502477A1,F0001,/home/safe/Desktop/yassine/Vectorization/data/PatentData/ReorganisedData/EP3502477A1/EP3502477A1_F0001.tif
EP3502480A1,F0001,/home/safe/Desktop/yassine/Vectorization/data/PatentData/ReorganisedData/EP3502480A1/EP3502480A1_F0001.tif
EP3502484A1,A0001,/home/safe/Desktop/yassine/Vectorization/data/PatentData/ReorganisedData/EP3502484A1/EP3502484A1_A0001.tif
EP3502485A1,A0001,/home/safe/Desktop/yassine/Vectorization/data/PatentData/ReorganisedData/EP3502485A1/EP3502485A1_A0001.tif
EP3502486A1,F0001,/home/safe/Desktop/yassine/Vectorization/data/PatentData/ReorganisedData/EP3502486A1/EP3502486A1_F0001.tif
EP3502490A1,A0001,/home/safe/Desktop/yassine/Vectorization/data/PatentData/ReorganisedData/EP3502490A1/EP3502490A1_A0001.tif
EP3502491A1,A0001,/home/safe/Desktop/yassine/Vectorization/data/PatentData/ReorganisedData/EP3502491A1/EP3502491A1_A0001.tif
EP3502492A1,F0002,/home/safe/Desktop/yassine/Vectorization/data/PatentData/ReorganisedData/EP3502492A1/EP3502492A1_F0002.tif
EP3502495A1,A0001,/home/safe/Desktop/yassine/Vectorization/data/PatentData/ReorganisedData/EP3502495A1/EP3502495A1_A0001.tif
EP3502497A1,F0001,/home/safe/Desktop/yassine/Vectorization/data/PatentData/ReorganisedData/EP3502497A1/EP3502497A1_F0001.tif
EP3502499A1,A0001,/home/safe/Desktop/yassine/Vectorization/data/PatentData/ReorganisedData/EP3502499A1/EP3502499A1_A0001.tif
EP3502502A1,A0001,/home/safe/Desktop/yassine/Vectorization/data/PatentData/ReorganisedData/EP3502502A1/EP3502502A1_A0001.tif
EP3502508A1,A0001,/home/safe/Desktop/yassine/Vectorization/data/PatentData/ReorganisedData/EP3502508A1/EP3502508A1_A0001.tif
EP3502509A1,A0001,/home/safe/Desktop/yassine/Vectorization/data/PatentData/ReorganisedData/EP3502509A1/EP3502509A1_A0001.tif
EP3502511A1,F0002,/home/safe/Desktop/yassine/Vectorization/data/PatentData/ReorganisedData/EP3502511A1/EP3502511A1_F0002.tif
EP3502512A1,F0002,/home/safe/Desktop/yassine/Vectorization/data/PatentData/ReorganisedData/EP3502512A1/EP3502512A1_F0002.tif
EP3502513A1,A0001,/home/safe/Desktop/yassine/Vectorization/data/PatentData/ReorganisedData/EP3502513A1/EP3502513A1_A0001.tif
EP3502515A1,F0002,/home/safe/Desktop/yassine/Vectorization/data/PatentData/ReorganisedData/EP3502515A1/EP3502515A1_F0002.tif
EP3502516A1,A0001,/home/safe/Desktop/yassine/Vectorization/data/PatentData/ReorganisedData/EP3502516A1/EP3502516A1_A0001.tif
EP3502517A1,A0001,/home/safe/Desktop/yassine/Vectorization/data/PatentData/ReorganisedData/EP3502517A1/EP3502517A1_A0001.tif
EP3502519A1,A0001,/home/safe/Desktop/yassine/Vectorization/data/PatentData/ReorganisedData/EP3502519A1/EP3502519A1_A0001.tif
EP3502520A1,A0001,/home/safe/Desktop/yassine/Vectorization/data/PatentData/ReorganisedData/EP3502520A1/EP3502520A1_A0001.tif
EP3502523A1,A0001,/home/safe/Desktop/yassine/Vectorization/data/PatentData/ReorganisedData/EP3502523A1/EP3502523A1_A0001.tif
EP3502533A1,A0001,/home/safe/Desktop/yassine/Vectorization/data/PatentData/ReorganisedData/EP3502533A1/EP3502533A1_A0001.tif
EP3502537A1,A0001,/home/safe/Desktop/yassine/Vectorization/data/PatentData/ReorganisedData/EP3502537A1/EP3502537A1_A0001.tif
EP3502541A1,A0001,/home/safe/Desktop/yassine/Vectorization/data/PatentData/ReorganisedData/EP3502541A1/EP3502541A1_A0001.tif
EP3502542A1,A0001,/home/safe/Desktop/yassine/Vectorization/data/PatentData/ReorganisedData/EP3502542A1/EP3502542A1_A0001.tif
EP3502547A1,F0002,/home/safe/Desktop/yassine/Vectorization/data/PatentData/ReorganisedData/EP3502547A1/EP3502547A1_F0002.tif
EP3502551A1,A0001,/home/safe/Desktop/yassine/Vectorization/data/PatentData/ReorganisedData/EP3502551A1/EP3502551A1_A0001.tif
EP3502552A1,A0001,/home/safe/Desktop/yassine/Vectorization/data/PatentData/ReorganisedData/EP3502552A1/EP3502552A1_A0001.tif
EP3502559A1,A0001,/home/safe/Desktop/yassine/Vectorization/data/PatentData/ReorganisedData/EP3502559A1/EP3502559A1_A0001.tif
EP3502564A1,F0001,/home/safe/Desktop/yassine/Vectorization/data/PatentData/ReorganisedData/EP3502564A1/EP3502564A1_F0001.tif
EP3502566A1,F0001,/home/safe/Desktop/yassine/Vectorization/data/PatentData/ReorganisedData/EP3502566A1/EP3502566A1_F0001.tif
EP3502571A1,A0001,/home/safe/Desktop/yassine/Vectorization/data/PatentData/ReorganisedData/EP3502571A1/EP3502571A1_A0001.tif
EP3502572A1,F0001,/home/safe/Desktop/yassine/Vectorization/data/PatentData/ReorganisedData/EP3502572A1/EP3502572A1_F0001.tif
EP3502573A1,F0001,/home/safe/Desktop/yassine/Vectorization/data/PatentData/ReorganisedData/EP3502573A1/EP3502573A1_F0001.tif
EP3502575A1,F0001,/home/safe/Desktop/yassine/Vectorization/data/PatentData/ReorganisedData/EP3502575A1/EP3502575A1_F0001.tif
EP3502579A1,F0008,/home/safe/Desktop/yassine/Vectorization/data/PatentData/ReorganisedData/EP3502579A1/EP3502579A1_F0008.tif
EP3502588A1,F0007,/home/safe/Desktop/yassine/Vectorization/data/PatentData/ReorganisedData/EP3502588A1/EP3502588A1_F0007.tif
EP3502591A1,A0001,/home/safe/Desktop/yassine/Vectorization/data/PatentData/ReorganisedData/EP3502591A1/EP3502591A1_A0001.tif
EP3502592A1,F0001,/home/safe/Desktop/yassine/Vectorization/data/PatentData/ReorganisedData/EP3502592A1/EP3502592A1_F0001.tif
EP3502601A1,A0001,/home/safe/Desktop/yassine/Vectorization/data/PatentData/ReorganisedData/EP3502601A1/EP3502601A1_A0001.tif
EP3502603A1,F0001,/home/safe/Desktop/yassine/Vectorization/data/PatentData/ReorganisedData/EP3502603A1/EP3502603A1_F0001.tif
EP3502607A1,A0001,/home/safe/Desktop/yassine/Vectorization/data/PatentData/ReorganisedData/EP3502607A1/EP3502607A1_A0001.tif
