patent_id,sketch_id,input_path,cleaned_skeleton_path,graph_path,primitives_json_path,svg_path,dxf_path,filter_reason,curation_reason,acceptance_status,acceptance_policy_version,acceptance_reason_codes,acceptance_sha256,training_eligible,total_time,s1_quality,s2_n_edges,s2_median_edge_len,s2_micro_edge_ratio,s2_short_edge_ratio,s3_n_primitives,s3_mean_conf,s3_low_conf_ratio,text_density,n_cc,large_cc_frac,long_lines,line_hv_ratio,line_diag_ratio,skel_n_cc,skel_tiny_cc_frac,skel_median_cc_area,status,error
EP2107004B2,F0001,/home/safe/Desktop/yassine/Vectorization/data/PatentData/ReorganisedData/EP2107004B2/EP2107004B2_F0001.tif,output/RELEASE_2026-09-28/EP2107004B2/cleaned/F0001_skeleton.png,output/RELEASE_2026-09-28/EP2107004B2/graphs/F0001_graph.json,output/RELEASE_2026-09-28/EP2107004B2/primitives/F0001_primitives.json,output/RELEASE_2026-09-28/EP2107004B2/vectors/F0001.svg,output/RELEASE_2026-09-28/EP2107004B2/vectors/F0001.dxf,long_engineering_lines,acceptance_review,review,2026-09-19.1,"[""geometry_raster_coverage_incomplete"", ""geometry_sampling_budget""]",37c2709f128f9e45e888018628578a914b65dc0a8be71481ae51cbf1c28db8a6,0,541.7525273268111,0.8716931216931217,1142,2.0,0.6065428824049514,0.7816091954022989,1229,0.8971948704756382,0.09544658493870403,0.0696563720703125,60.0,0.9332846537665814,135.0,0.9407407407407408,0.05185185185185185,60.0,0.36666666666666664,20.0,ok,
EP2154382B1,F0002,/home/safe/Desktop/yassine/Vectorization/data/PatentData/ReorganisedData/EP2154382B1/EP2154382B1_F0002.tif,output/RELEASE_2026-09-28/EP2154382B1/cleaned/F0002_skeleton.png,output/RELEASE_2026-09-28/EP2154382B1/graphs/F0002_graph.json,output/RELEASE_2026-09-28/EP2154382B1/primitives/F0002_primitives.json,output/RELEASE_2026-09-28/EP2154382B1/vectors/F0002.svg,output/RELEASE_2026-09-28/EP2154382B1/vectors/F0002.dxf,long_engineering_lines,acceptance_rejected,rejected,2026-09-19.1,"[""content_ink_routing_pending"", ""exports_validation_missing"", ""geometry_validation_missing"", ""hachures_validation_missing"", ""quality_gate_stage2"", ""references_validation_missing"", ""s2_flagged"", ""s3_flagged_missing"", ""s4_flagged_missing""]",310a72cac0966aaa6c901812bcd6a3b051c8cedda87e6fc1951507e198bdfb2e,0,879.4050719412044,0.7880844645550528,5601,2.0,0.6505609844372059,0.8771263119797321,,,,0.07457172439759036,72.0,0.9134427264121174,111.0,0.6486486486486487,0.35135135135135137,72.0,0.027777777777777776,37.0,quality_gate_stage2,"graph fragmentation/isolation too high: edges=5601, median_len=2.0, micro_ratio=0.651, short_ratio=0.877, isolation=0.762, noncycle_residuals=0, max_noncycle_residual_pixels=0"
EP2326901B1,F0001,/home/safe/Desktop/yassine/Vectorization/data/PatentData/ReorganisedData/EP2326901B1/EP2326901B1_F0001.tif,output/RELEASE_2026-09-28/EP2326901B1/cleaned/F0001_skeleton.png,output/RELEASE_2026-09-28/EP2326901B1/graphs/F0001_graph.json,output/RELEASE_2026-09-28/EP2326901B1/primitives/F0001_primitives.json,output/RELEASE_2026-09-28/EP2326901B1/vectors/F0001.svg,output/RELEASE_2026-09-28/EP2326901B1/vectors/F0001.dxf,long_engineering_lines,acceptance_review,review,2026-09-19.1,"[""geometry_hatch_pattern_unverified"", ""geometry_raster_coverage_incomplete""]",5fbe84a33b79e96b580e2af84f10c6d601c2b119cb40e64d39fcd919aa79c1e5,0,41.118666843976825,0.9996348074179743,993,31.899494936611667,0.15509761388286333,0.36550976138828634,1052,0.7218034563735255,0.2880161127895267,0.12360850321888411,98.0,0.9771124372711244,287.0,0.867595818815331,0.04529616724738676,98.0,0.3469387755102041,15.0,ok,
EP2514550B1,F0001,/home/safe/Desktop/yassine/Vectorization/data/PatentData/ReorganisedData/EP2514550B1/EP2514550B1_F0001.tif,output/RELEASE_2026-09-28/EP2514550B1/cleaned/F0001_skeleton.png,output/RELEASE_2026-09-28/EP2514550B1/graphs/F0001_graph.json,output/RELEASE_2026-09-28/EP2514550B1/primitives/F0001_primitives.json,output/RELEASE_2026-09-28/EP2514550B1/vectors/F0001.svg,output/RELEASE_2026-09-28/EP2514550B1/vectors/F0001.dxf,long_engineering_lines,acceptance_rejected,rejected,2026-09-19.1,"[""content_ink_routing_pending"", ""exports_validation_missing"", ""geometry_validation_missing"", ""hachures_validation_missing"", ""quality_gate_stage2"", ""references_validation_missing"", ""s2_flagged"", ""s3_flagged_missing"", ""s4_flagged_missing""]",98b5bba2bab45cc87211d2b0a351bf318e4b02ce76334f030f56a10e46973051,0,84.18647992424667,0.8266675844978316,1146,8.82842712474619,0.15208747514910537,0.73558648111332,,,,0.05819658343301436,135.0,0.8579084704937776,77.0,0.38961038961038963,0.4675324675324675,135.0,0.02962962962962963,30.0,quality_gate_stage2,"graph fragmentation/isolation too high: edges=1146, median_len=8.8, micro_ratio=0.152, short_ratio=0.736, isolation=0.492, noncycle_residuals=0, max_noncycle_residual_pixels=0"
EP2527197B1,F0001,/home/safe/Desktop/yassine/Vectorization/data/PatentData/ReorganisedData/EP2527197B1/EP2527197B1_F0001.tif,output/RELEASE_2026-09-28/EP2527197B1/cleaned/F0001_skeleton.png,output/RELEASE_2026-09-28/EP2527197B1/graphs/F0001_graph.json,output/RELEASE_2026-09-28/EP2527197B1/primitives/F0001_primitives.json,output/RELEASE_2026-09-28/EP2527197B1/vectors/F0001.svg,output/RELEASE_2026-09-28/EP2527197B1/vectors/F0001.dxf,long_engineering_lines,acceptance_rejected,rejected,2026-09-19.1,"[""content_ink_routing_pending"", ""exports_validation_missing"", ""geometry_validation_missing"", ""hachures_validation_missing"", ""quality_gate_stage2"", ""references_validation_missing"", ""s2_flagged"", ""s3_flagged_missing"", ""s4_flagged_missing""]",b060957b20ee677a0dcdb15ac4ac95fc7ad79c00dac6fea20e0f43d45ed015c0,0,190.1720822621137,0.8148793720420178,2919,9.414213562373096,0.10657439446366782,0.7681660899653979,,,,0.030190708448434623,794.0,0.43885149222612735,25.0,0.44,0.36,794.0,0.8047858942065491,4.0,quality_gate_stage2,"graph fragmentation/isolation too high: edges=2919, median_len=9.4, micro_ratio=0.107, short_ratio=0.768, isolation=0.431, noncycle_residuals=0, max_noncycle_residual_pixels=0"
EP2546049B1,F0001,/home/safe/Desktop/yassine/Vectorization/data/PatentData/ReorganisedData/EP2546049B1/EP2546049B1_F0001.tif,output/RELEASE_2026-09-28/EP2546049B1/cleaned/F0001_skeleton.png,output/RELEASE_2026-09-28/EP2546049B1/graphs/F0001_graph.json,output/RELEASE_2026-09-28/EP2546049B1/primitives/F0001_primitives.json,output/RELEASE_2026-09-28/EP2546049B1/vectors/F0001.svg,output/RELEASE_2026-09-28/EP2546049B1/vectors/F0001.dxf,long_engineering_lines,acceptance_rejected,rejected,2026-09-19.1,"[""content_ink_routing_pending"", ""exports_validation_missing"", ""geometry_validation_missing"", ""hachures_validation_missing"", ""quality_gate_stage3"", ""references_validation_missing"", ""s4_flagged_missing""]",3ec9be04abb39db61b4d70cb09725d674ffa1ed9c52f2ad86f6cf7e1e9929326,0,579.9806889779866,0.994639064722984,2510,5.82842712474619,0.5002154243860405,0.7798362774666092,4217,0.8973075033868121,0.04661354581673307,0.0744579655979827,63.0,0.9562686623577881,237.0,0.3080168776371308,0.6497890295358649,63.0,0.15873015873015872,29.0,quality_gate_stage3,"primitive set not suitable for accurate CAD export: n=4217, budget_n=54840, mean_conf=0.897, low_conf_ratio=0.047, max_low_conf_ratio=None"
EP2613089B1,F0001,/home/safe/Desktop/yassine/Vectorization/data/PatentData/ReorganisedData/EP2613089B1/EP2613089B1_F0001.tif,output/RELEASE_2026-09-28/EP2613089B1/cleaned/F0001_skeleton.png,output/RELEASE_2026-09-28/EP2613089B1/graphs/F0001_graph.json,output/RELEASE_2026-09-28/EP2613089B1/primitives/F0001_primitives.json,output/RELEASE_2026-09-28/EP2613089B1/vectors/F0001.svg,output/RELEASE_2026-09-28/EP2613089B1/vectors/F0001.dxf,long_engineering_lines,acceptance_rejected,rejected,2026-09-19.1,"[""content_ink_routing_pending"", ""exports_validation_missing"", ""geometry_validation_missing"", ""hachures_validation_missing"", ""quality_gate_stage2"", ""references_validation_missing"", ""s2_flagged"", ""s3_flagged_missing"", ""s4_flagged_missing""]",80fda2ca50ecf0842e90d0e224dd2c7edf3b7c9018fa225f48245ad58ee91d8e,0,68.97325353976339,0.7645201676555441,1032,8.82842712474619,0.264,0.709,,,,0.03363771557313278,80.0,0.8666164734226773,71.0,0.19718309859154928,0.7605633802816901,80.0,0.2625,22.0,quality_gate_stage2,"graph fragmentation/isolation too high: edges=1032, median_len=8.8, micro_ratio=0.264, short_ratio=0.709, isolation=0.568, noncycle_residuals=0, max_noncycle_residual_pixels=0"
EP2650134B1,F0001,/home/safe/Desktop/yassine/Vectorization/data/PatentData/ReorganisedData/EP2650134B1/EP2650134B1_F0001.tif,output/RELEASE_2026-09-28/EP2650134B1/cleaned/F0001_skeleton.png,output/RELEASE_2026-09-28/EP2650134B1/graphs/F0001_graph.json,output/RELEASE_2026-09-28/EP2650134B1/primitives/F0001_primitives.json,output/RELEASE_2026-09-28/EP2650134B1/vectors/F0001.svg,output/RELEASE_2026-09-28/EP2650134B1/vectors/F0001.dxf,long_engineering_lines,acceptance_rejected,rejected,2026-09-19.1,"[""content_ink_routing_pending"", ""exports_validation_missing"", ""geometry_validation_missing"", ""hachures_validation_missing"", ""quality_gate_stage1"", ""references_validation_missing"", ""s1_flagged"", ""s2_flagged_missing"", ""s3_flagged_missing"", ""s4_flagged_missing""]",4d48ee1579c97650fc5e7fde0cfaa935537f1ac0a4856527ccd6e36ee388983e,0,2.604609935544431,0.6806142034548944,,,,,,,,0.04581178806954436,114.0,0.9134035374706063,78.0,0.717948717948718,0.038461538461538464,114.0,0.5350877192982456,6.0,quality_gate_stage1,skeleton quality 0.681 below threshold; not suitable for accurate vectorization
EP2690381B1,F0001,/home/safe/Desktop/yassine/Vectorization/data/PatentData/ReorganisedData/EP2690381B1/EP2690381B1_F0001.tif,output/RELEASE_2026-09-28/EP2690381B1/cleaned/F0001_skeleton.png,output/RELEASE_2026-09-28/EP2690381B1/graphs/F0001_graph.json,output/RELEASE_2026-09-28/EP2690381B1/primitives/F0001_primitives.json,output/RELEASE_2026-09-28/EP2690381B1/vectors/F0001.svg,output/RELEASE_2026-09-28/EP2690381B1/vectors/F0001.dxf,orthogonal_text_table_or_flowchart,acceptance_rejected,rejected,2026-09-19.1,"[""content_ink_routing_pending"", ""exports_validation_missing"", ""geometry_validation_missing"", ""hachures_validation_missing"", ""quality_gate_stage2"", ""references_validation_missing"", ""s2_flagged"", ""s3_flagged_missing"", ""s4_flagged_missing""]",4d6db20501a04c0fe0550f1319f9f0090c60540dbf48cf554e071bb1847ff523,0,97.18209043843672,0.8867127229257308,1650,8.242640687119286,0.2554312047399605,0.7504937458854509,,,,0.055497426835317464,332.0,0.9207806717408002,90.0,1.0,0.0,332.0,0.7409638554216867,2.0,quality_gate_stage2,"graph fragmentation/isolation too high: edges=1650, median_len=8.2, micro_ratio=0.255, short_ratio=0.750, isolation=0.333, noncycle_residuals=0, max_noncycle_residual_pixels=0"
EP2691292B1,F0001,/home/safe/Desktop/yassine/Vectorization/data/PatentData/ReorganisedData/EP2691292B1/EP2691292B1_F0001.tif,output/RELEASE_2026-09-28/EP2691292B1/cleaned/F0001_skeleton.png,output/RELEASE_2026-09-28/EP2691292B1/graphs/F0001_graph.json,output/RELEASE_2026-09-28/EP2691292B1/primitives/F0001_primitives.json,output/RELEASE_2026-09-28/EP2691292B1/vectors/F0001.svg,output/RELEASE_2026-09-28/EP2691292B1/vectors/F0001.dxf,long_engineering_lines,acceptance_rejected,rejected,2026-09-19.1,"[""content_ink_routing_pending"", ""exports_validation_missing"", ""geometry_validation_missing"", ""hachures_validation_missing"", ""quality_gate_stage2"", ""references_validation_missing"", ""s2_flagged"", ""s3_flagged_missing"", ""s4_flagged_missing""]",a62be86b203ad614fc1c4cb53f1f62c0febc17d80467d7b4228b2dbb81c27b8f,0,209.81332909176126,0.779542636625753,3145,7.82842712474619,0.38482384823848237,0.7076558265582655,,,,0.04697881257725587,325.0,0.7359062644534663,61.0,0.16393442622950818,0.7213114754098361,325.0,0.676923076923077,6.0,quality_gate_stage2,"graph fragmentation/isolation too high: edges=3145, median_len=7.8, micro_ratio=0.385, short_ratio=0.708, isolation=0.571, noncycle_residuals=0, max_noncycle_residual_pixels=0"
EP2749739B1,F0002,/home/safe/Desktop/yassine/Vectorization/data/PatentData/ReorganisedData/EP2749739B1/EP2749739B1_F0002.tif,output/RELEASE_2026-09-28/EP2749739B1/cleaned/F0002_skeleton.png,output/RELEASE_2026-09-28/EP2749739B1/graphs/F0002_graph.json,output/RELEASE_2026-09-28/EP2749739B1/primitives/F0002_primitives.json,output/RELEASE_2026-09-28/EP2749739B1/vectors/F0002.svg,output/RELEASE_2026-09-28/EP2749739B1/vectors/F0002.dxf,long_engineering_lines,acceptance_rejected,rejected,2026-09-19.1,"[""content_ink_routing_pending"", ""exports_validation_missing"", ""geometry_validation_missing"", ""hachures_validation_missing"", ""quality_gate_stage1"", ""references_validation_missing"", ""s1_flagged"", ""s2_flagged_missing"", ""s3_flagged_missing"", ""s4_flagged_missing""]",3e2633b0670d5d7f582a14f7b42aa0a502ecae7a70f94fc12026828d179b0644,0,4.266781956423074,0.6712646415522395,,,,,,,,0.06004518995098039,844.0,0.8231817505368114,88.0,0.8295454545454546,0.14772727272727273,844.0,0.9087677725118484,2.0,quality_gate_stage1,skeleton quality 0.671 below threshold; not suitable for accurate vectorization
EP2778042B1,F0001,/home/safe/Desktop/yassine/Vectorization/data/PatentData/ReorganisedData/EP2778042B1/EP2778042B1_F0001.tif,output/RELEASE_2026-09-28/EP2778042B1/cleaned/F0001_skeleton.png,output/RELEASE_2026-09-28/EP2778042B1/graphs/F0001_graph.json,output/RELEASE_2026-09-28/EP2778042B1/primitives/F0001_primitives.json,output/RELEASE_2026-09-28/EP2778042B1/vectors/F0001.svg,output/RELEASE_2026-09-28/EP2778042B1/vectors/F0001.dxf,long_engineering_lines,acceptance_rejected,rejected,2026-09-19.1,"[""content_ink_routing_pending"", ""exports_validation_missing"", ""geometry_validation_missing"", ""hachures_validation_missing"", ""quality_gate_stage2"", ""references_validation_missing"", ""s2_flagged"", ""s3_flagged_missing"", ""s4_flagged_missing""]",7a0d85f47ff96cfdcad0bff7c8b7bfd71b8ab10335ba4aa5bcdf65370336169e,0,122.71085016056895,0.8827227176611198,1470,6.242640687119286,0.46143250688705234,0.7865013774104683,,,,0.03459757064590542,52.0,0.9613556452663107,94.0,0.7553191489361702,0.10638297872340426,52.0,0.19230769230769232,15.0,quality_gate_stage2,"graph fragmentation/isolation too high: edges=1470, median_len=6.2, micro_ratio=0.461, short_ratio=0.787, isolation=0.505, noncycle_residuals=0, max_noncycle_residual_pixels=0"
EP2783975B1,F0001,/home/safe/Desktop/yassine/Vectorization/data/PatentData/ReorganisedData/EP2783975B1/EP2783975B1_F0001.tif,output/RELEASE_2026-09-28/EP2783975B1/cleaned/F0001_skeleton.png,output/RELEASE_2026-09-28/EP2783975B1/graphs/F0001_graph.json,output/RELEASE_2026-09-28/EP2783975B1/primitives/F0001_primitives.json,output/RELEASE_2026-09-28/EP2783975B1/vectors/F0001.svg,output/RELEASE_2026-09-28/EP2783975B1/vectors/F0001.dxf,long_engineering_lines,acceptance_review,review,2026-09-19.1,"[""geometry_skeleton_coverage_lost""]",4cdaf98f695f645e3a4262cb4c0e053ff8c056a1c75e35f14e6f59f2be965b64,0,67.8758865906857,0.7908309455587392,1239,12.313708498984763,0.06206896551724138,0.618103448275862,1538,0.9085181039572262,0.01775625504439064,0.017894018599815157,332.0,0.5220417633410673,19.0,0.42105263157894735,0.15789473684210525,332.0,0.7319277108433735,4.0,ok,
EP2795278B1,F0001,/home/safe/Desktop/yassine/Vectorization/data/PatentData/ReorganisedData/EP2795278B1/EP2795278B1_F0001.tif,output/RELEASE_2026-09-28/EP2795278B1/cleaned/F0001_skeleton.png,output/RELEASE_2026-09-28/EP2795278B1/graphs/F0001_graph.json,output/RELEASE_2026-09-28/EP2795278B1/primitives/F0001_primitives.json,output/RELEASE_2026-09-28/EP2795278B1/vectors/F0001.svg,output/RELEASE_2026-09-28/EP2795278B1/vectors/F0001.dxf,long_engineering_lines,acceptance_rejected,rejected,2026-09-19.1,"[""geometry_skeleton_coverage_lost""]",fab0a67e4c164bfedcafa8d56a95358f709e30236f826b824ae1d1d57f5208e9,0,8.337662864010781,0.9184715846641236,173,35.31370849898476,0.10714285714285714,0.30952380952380953,216,0.8438957742853639,0.09248554913294797,0.0228943299912178,43.0,0.9169871634783477,28.0,0.03571428571428571,0.8571428571428571,43.0,0.09302325581395349,40.0,ok,
EP2837887B1,F0001,/home/safe/Desktop/yassine/Vectorization/data/PatentData/ReorganisedData/EP2837887B1/EP2837887B1_F0001.tif,output/RELEASE_2026-09-28/EP2837887B1/cleaned/F0001_skeleton.png,output/RELEASE_2026-09-28/EP2837887B1/graphs/F0001_graph.json,output/RELEASE_2026-09-28/EP2837887B1/primitives/F0001_primitives.json,output/RELEASE_2026-09-28/EP2837887B1/vectors/F0001.svg,output/RELEASE_2026-09-28/EP2837887B1/vectors/F0001.dxf,long_engineering_lines,acceptance_review,review,2026-09-19.1,"[""geometry_raster_coverage_incomplete"", ""geometry_sampling_budget""]",96139bb69a4d8822f6dc67f2dfe2d37cb2ed1d7a9ab1ce0a2613033cecee67ef,0,444.7155125318095,0.9071861626248217,3569,2.0,0.8530324400564175,0.9596614950634696,3569,0.967404712908792,0.010086859064163631,0.060749151103565366,29.0,0.9618449781659388,93.0,0.6559139784946236,0.1935483870967742,29.0,0.06896551724137931,25.0,ok,
EP2838742B1,F0001,/home/safe/Desktop/yassine/Vectorization/data/PatentData/ReorganisedData/EP2838742B1/EP2838742B1_F0001.tif,output/RELEASE_2026-09-28/EP2838742B1/cleaned/F0001_skeleton.png,output/RELEASE_2026-09-28/EP2838742B1/graphs/F0001_graph.json,output/RELEASE_2026-09-28/EP2838742B1/primitives/F0001_primitives.json,output/RELEASE_2026-09-28/EP2838742B1/vectors/F0001.svg,output/RELEASE_2026-09-28/EP2838742B1/vectors/F0001.dxf,long_engineering_lines,acceptance_rejected,rejected,2026-09-19.1,"[""geometry_skeleton_coverage_lost""]",dda1364142135749216759001f5ec35a6ea196e4eaebefb6a1eedec629ce1e28,0,28.74634346179664,0.8792991969965586,560,22.82842712474619,0.16135084427767354,0.4371482176360225,649,0.8450431068474202,0.14285714285714285,0.039681089436349695,339.0,0.7189446268825728,30.0,0.5,0.5,339.0,0.49852507374631266,8.0,ok,
EP2840232B1,F0001,/home/safe/Desktop/yassine/Vectorization/data/PatentData/ReorganisedData/EP2840232B1/EP2840232B1_F0001.tif,output/RELEASE_2026-09-28/EP2840232B1/cleaned/F0001_skeleton.png,output/RELEASE_2026-09-28/EP2840232B1/graphs/F0001_graph.json,output/RELEASE_2026-09-28/EP2840232B1/primitives/F0001_primitives.json,output/RELEASE_2026-09-28/EP2840232B1/vectors/F0001.svg,output/RELEASE_2026-09-28/EP2840232B1/vectors/F0001.dxf,long_engineering_lines,acceptance_rejected,rejected,2026-09-19.1,"[""geometry_skeleton_coverage_lost""]",8c88dc0dda83c6ebd9379c5be67696d23643d4ed52707008281f7d2e74e6813a,0,29.185852963943034,0.7610067269774994,11501,2.414213562373095,0.8194032455068924,0.9547199441633223,11501,0.9781052317694077,0.00399965220415616,0.017933628015350877,588.0,0.7256388822545976,10.0,0.5,0.0,588.0,0.7534013605442177,2.0,ok,
EP2857348B1,F0001,/home/safe/Desktop/yassine/Vectorization/data/PatentData/ReorganisedData/EP2857348B1/EP2857348B1_F0001.tif,output/RELEASE_2026-09-28/EP2857348B1/cleaned/F0001_skeleton.png,output/RELEASE_2026-09-28/EP2857348B1/graphs/F0001_graph.json,output/RELEASE_2026-09-28/EP2857348B1/primitives/F0001_primitives.json,output/RELEASE_2026-09-28/EP2857348B1/vectors/F0001.svg,output/RELEASE_2026-09-28/EP2857348B1/vectors/F0001.dxf,orthogonal_text_table_or_flowchart,acceptance_rejected,rejected,2026-09-19.1,"[""content_ink_routing_pending"", ""exports_validation_missing"", ""geometry_validation_missing"", ""hachures_validation_missing"", ""quality_gate_stage2"", ""references_validation_missing"", ""s2_flagged"", ""s3_flagged_missing"", ""s4_flagged_missing""]",6402afbe2dbbcd916e6ba41d07b859621b3d2c7d46e4462fe892ce5b4fa73940,0,222.58400521613657,0.8827324852429455,250,181.0,0.13807531380753138,0.24686192468619247,,,,0.0799980283911672,81.0,0.9610289587184226,145.0,1.0,0.0,81.0,0.1111111111111111,18.0,quality_gate_stage2,"graph fragmentation/isolation too high: edges=250, median_len=181.0, micro_ratio=0.138, short_ratio=0.247, isolation=0.302, noncycle_residuals=0, max_noncycle_residual_pixels=0"
EP2870395B1,F0005,/home/safe/Desktop/yassine/Vectorization/data/PatentData/ReorganisedData/EP2870395B1/EP2870395B1_F0005.tif,output/RELEASE_2026-09-28/EP2870395B1/cleaned/F0005_skeleton.png,output/RELEASE_2026-09-28/EP2870395B1/graphs/F0005_graph.json,output/RELEASE_2026-09-28/EP2870395B1/primitives/F0005_primitives.json,output/RELEASE_2026-09-28/EP2870395B1/vectors/F0005.svg,output/RELEASE_2026-09-28/EP2870395B1/vectors/F0005.dxf,chart_or_axis_plot,acceptance_rejected,rejected,2026-09-19.1,"[""content_ink_routing_pending"", ""exports_validation_missing"", ""geometry_validation_missing"", ""hachures_validation_missing"", ""quality_gate_stage3"", ""references_validation_missing"", ""s4_flagged_missing""]",90d37d3c8d02c54094f67870b8c254351a653c9e1706b057769583996ddb1d28,0,1044.849174077157,0.975957445014879,5148,6.414213562373095,0.45935457516339867,0.7779820261437909,7483,0.8925794356414151,0.054584304584304584,0.08876431518916914,525.0,0.8764180663695869,146.0,0.952054794520548,0.03424657534246575,525.0,0.700952380952381,2.0,quality_gate_stage3,"primitive set not suitable for accurate CAD export: n=7483, budget_n=78029, mean_conf=0.893, low_conf_ratio=0.055, max_low_conf_ratio=None"
EP2888094B1,F0001,/home/safe/Desktop/yassine/Vectorization/data/PatentData/ReorganisedData/EP2888094B1/EP2888094B1_F0001.tif,output/RELEASE_2026-09-28/EP2888094B1/cleaned/F0001_skeleton.png,output/RELEASE_2026-09-28/EP2888094B1/graphs/F0001_graph.json,output/RELEASE_2026-09-28/EP2888094B1/primitives/F0001_primitives.json,output/RELEASE_2026-09-28/EP2888094B1/vectors/F0001.svg,output/RELEASE_2026-09-28/EP2888094B1/vectors/F0001.dxf,long_engineering_lines,acceptance_review,review,2026-09-19.1,"[""geometry_hatch_pattern_unverified"", ""geometry_raster_coverage_incomplete""]",dc08c93afc145c851502ec30356161b3a5e1d3429c76041a49c266eed65ce3fc,0,14.163171497639269,0.9804534331790442,266,2.2071067811865475,0.6423076923076924,0.6615384615384615,312,0.8399403540087217,0.18796992481203006,0.05283768617761693,59.0,0.9246506267108486,119.0,0.33613445378151263,0.6302521008403361,59.0,0.1694915254237288,41.0,ok,
EP2896489B1,F0001,/home/safe/Desktop/yassine/Vectorization/data/PatentData/ReorganisedData/EP2896489B1/EP2896489B1_F0001.tif,output/RELEASE_2026-09-28/EP2896489B1/cleaned/F0001_skeleton.png,output/RELEASE_2026-09-28/EP2896489B1/graphs/F0001_graph.json,output/RELEASE_2026-09-28/EP2896489B1/primitives/F0001_primitives.json,output/RELEASE_2026-09-28/EP2896489B1/vectors/F0001.svg,output/RELEASE_2026-09-28/EP2896489B1/vectors/F0001.dxf,long_engineering_lines,acceptance_rejected,rejected,2026-09-19.1,"[""content_ink_routing_pending"", ""exports_validation_missing"", ""geometry_validation_missing"", ""hachures_validation_missing"", ""quality_gate_stage2"", ""references_validation_missing"", ""s2_flagged"", ""s3_flagged_missing"", ""s4_flagged_missing""]",af6514c8e77ac7c373710bfe2dcd39eb24569db9c6039a3221f98625ea2149fb,0,73.47846720181406,0.9038897002666381,1797,7.0,0.3582608695652174,0.8034782608695652,,,,0.024869892291344668,17.0,0.9660739212235236,45.0,0.6666666666666666,0.13333333333333333,17.0,0.058823529411764705,35.0,quality_gate_stage2,"graph fragmentation/isolation too high: edges=1797, median_len=7.0, micro_ratio=0.358, short_ratio=0.803, isolation=0.429, noncycle_residuals=0, max_noncycle_residual_pixels=0"
EP2902217B1,F0001,/home/safe/Desktop/yassine/Vectorization/data/PatentData/ReorganisedData/EP2902217B1/EP2902217B1_F0001.tif,output/RELEASE_2026-09-28/EP2902217B1/cleaned/F0001_skeleton.png,output/RELEASE_2026-09-28/EP2902217B1/graphs/F0001_graph.json,output/RELEASE_2026-09-28/EP2902217B1/primitives/F0001_primitives.json,output/RELEASE_2026-09-28/EP2902217B1/vectors/F0001.svg,output/RELEASE_2026-09-28/EP2902217B1/vectors/F0001.dxf,long_engineering_lines,acceptance_rejected,rejected,2026-09-19.1,"[""content_ink_routing_pending"", ""exports_validation_missing"", ""geometry_validation_missing"", ""hachures_validation_missing"", ""quality_gate_stage3"", ""references_validation_missing"", ""s4_flagged_missing""]",758ae4956cf50325d9d734a31603a22d85356051664647ad0074e4f028c50e5b,0,1155.3837440540083,0.9938759149987515,7149,8.65685424949238,0.27423239012642986,0.6905478627332932,9782,0.8966083085615344,0.023779549587354874,0.12154279436383929,164.0,0.895130145748891,232.0,0.19827586206896552,0.4698275862068966,164.0,0.12804878048780488,28.0,quality_gate_stage3,"primitive set not suitable for accurate CAD export: n=9782, budget_n=90024, mean_conf=0.897, low_conf_ratio=0.024, max_low_conf_ratio=None"
EP2918368B1,F0001,/home/safe/Desktop/yassine/Vectorization/data/PatentData/ReorganisedData/EP2918368B1/EP2918368B1_F0001.tif,output/RELEASE_2026-09-28/EP2918368B1/cleaned/F0001_skeleton.png,output/RELEASE_2026-09-28/EP2918368B1/graphs/F0001_graph.json,output/RELEASE_2026-09-28/EP2918368B1/primitives/F0001_primitives.json,output/RELEASE_2026-09-28/EP2918368B1/vectors/F0001.svg,output/RELEASE_2026-09-28/EP2918368B1/vectors/F0001.dxf,orthogonal_text_table_or_flowchart,acceptance_review,review,2026-09-19.1,"[""geometry_skeleton_coverage_lost""]",64ba4a93a8b67d5a36c3f80f1acb19ff8bdefc1989034a8826212fab8811dbd5,0,65.72042106417939,0.9097561514823248,23768,2.0,0.8448486894863462,0.9496897817920905,23771,0.9768978175263155,0.007068327162571525,0.035254838847203276,102.0,0.8780893356511223,62.0,1.0,0.0,102.0,0.30392156862745096,19.5,ok,
EP2942310B1,F0004,/home/safe/Desktop/yassine/Vectorization/data/PatentData/ReorganisedData/EP2942310B1/EP2942310B1_F0004.tif,output/RELEASE_2026-09-28/EP2942310B1/cleaned/F0004_skeleton.png,output/RELEASE_2026-09-28/EP2942310B1/graphs/F0004_graph.json,output/RELEASE_2026-09-28/EP2942310B1/primitives/F0004_primitives.json,output/RELEASE_2026-09-28/EP2942310B1/vectors/F0004.svg,output/RELEASE_2026-09-28/EP2942310B1/vectors/F0004.dxf,long_engineering_lines,acceptance_rejected,rejected,2026-09-19.1,"[""geometry_skeleton_coverage_lost""]",ee3bbc5501d7e8d0611d45644a6b68dad94c0d379e95bf51476c1ce94560f73c,0,104.84424268221483,0.8677613216324273,1490,10.242640687119284,0.23190442726633873,0.6437104708362614,1986,0.8672870007438872,0.07919463087248323,0.05487005161070781,104.0,0.9242546593882232,73.0,0.2328767123287671,0.2328767123287671,104.0,0.38461538461538464,10.5,ok,
EP2984325B1,F0019,/home/safe/Desktop/yassine/Vectorization/data/PatentData/ReorganisedData/EP2984325B1/EP2984325B1_F0019.tif,output/RELEASE_2026-09-28/EP2984325B1/cleaned/F0019_skeleton.png,output/RELEASE_2026-09-28/EP2984325B1/graphs/F0019_graph.json,output/RELEASE_2026-09-28/EP2984325B1/primitives/F0019_primitives.json,output/RELEASE_2026-09-28/EP2984325B1/vectors/F0019.svg,output/RELEASE_2026-09-28/EP2984325B1/vectors/F0019.dxf,long_engineering_lines,acceptance_rejected,rejected,2026-09-19.1,"[""geometry_skeleton_coverage_lost""]",4a408ffdb70451881cf5d2bfd5eaed55766677264675b322146ba1b9a9507084,0,50.09176638489589,0.7426486048118223,1501,7.82842712474619,0.3216974674880219,0.7446954140999316,1644,0.9194136677369846,0.021985343104596936,0.02685363998127341,1522.0,0.16798329247253246,38.0,0.3157894736842105,0.6578947368421053,1522.0,0.6971090670170828,4.0,ok,
EP2985533B1,F0004,/home/safe/Desktop/yassine/Vectorization/data/PatentData/ReorganisedData/EP2985533B1/EP2985533B1_F0004.tif,output/RELEASE_2026-09-28/EP2985533B1/cleaned/F0004_skeleton.png,output/RELEASE_2026-09-28/EP2985533B1/graphs/F0004_graph.json,output/RELEASE_2026-09-28/EP2985533B1/primitives/F0004_primitives.json,output/RELEASE_2026-09-28/EP2985533B1/vectors/F0004.svg,output/RELEASE_2026-09-28/EP2985533B1/vectors/F0004.dxf,long_engineering_lines,acceptance_review,review,2026-09-19.1,"[""geometry_skeleton_coverage_lost""]",61f7f08bb88d2ac1b3eb51e843481c7270112bc0a9c2508f2077f33abec9a02b,0,55.20826735114679,0.9005534286039195,1213,14.65685424949238,0.24559932942162616,0.5079631181894384,1357,0.8763684139820586,0.048639736191261336,0.057531401621552604,887.0,0.7231035977459904,124.0,0.3709677419354839,0.6129032258064516,887.0,0.6031567080045096,4.0,ok,
EP2986398B1,F0001,/home/safe/Desktop/yassine/Vectorization/data/PatentData/ReorganisedData/EP2986398B1/EP2986398B1_F0001.tif,output/RELEASE_2026-09-28/EP2986398B1/cleaned/F0001_skeleton.png,output/RELEASE_2026-09-28/EP2986398B1/graphs/F0001_graph.json,output/RELEASE_2026-09-28/EP2986398B1/primitives/F0001_primitives.json,output/RELEASE_2026-09-28/EP2986398B1/vectors/F0001.svg,output/RELEASE_2026-09-28/EP2986398B1/vectors/F0001.dxf,long_engineering_lines,acceptance_review,review,2026-09-19.1,"[""geometry_raster_coverage_incomplete"", ""geometry_sampling_budget""]",626dc8fb7c5045e5f28eed34e1f30dd355b935a95c7f9118603730a4cd486d64,0,505.8529825848527,0.9341561790214764,971,2.414213562373095,0.6768743400211193,0.7835269271383316,1066,0.912545684281368,0.04943357363542739,0.10270384227667494,186.0,0.9321072127975839,205.0,0.08292682926829269,0.11707317073170732,186.0,0.4838709677419355,8.0,ok,
EP3017871B1,F0001,/home/safe/Desktop/yassine/Vectorization/data/PatentData/ReorganisedData/EP3017871B1/EP3017871B1_F0001.tif,output/RELEASE_2026-09-28/EP3017871B1/cleaned/F0001_skeleton.png,output/RELEASE_2026-09-28/EP3017871B1/graphs/F0001_graph.json,output/RELEASE_2026-09-28/EP3017871B1/primitives/F0001_primitives.json,output/RELEASE_2026-09-28/EP3017871B1/vectors/F0001.svg,output/RELEASE_2026-09-28/EP3017871B1/vectors/F0001.dxf,long_engineering_lines,acceptance_rejected,rejected,2026-09-19.1,"[""geometry_output_off_skeleton"", ""geometry_unsupported_primitive""]",30692d986b0710e25d26c3abd68fab0e6de24e35d1dfabfe863bca50eaf02f9a,0,150.6371476254426,0.9855027173913044,1481,17.399494936611667,0.12885154061624648,0.45588235294117646,1817,0.8353499077394254,0.0925050641458474,0.04932977509778357,123.0,0.8776068552550073,81.0,0.2222222222222222,0.7530864197530864,123.0,0.24390243902439024,15.0,ok,
EP3018326B1,F0001,/home/safe/Desktop/yassine/Vectorization/data/PatentData/ReorganisedData/EP3018326B1/EP3018326B1_F0001.tif,output/RELEASE_2026-09-28/EP3018326B1/cleaned/F0001_skeleton.png,output/RELEASE_2026-09-28/EP3018326B1/graphs/F0001_graph.json,output/RELEASE_2026-09-28/EP3018326B1/primitives/F0001_primitives.json,output/RELEASE_2026-09-28/EP3018326B1/vectors/F0001.svg,output/RELEASE_2026-09-28/EP3018326B1/vectors/F0001.dxf,long_engineering_lines,acceptance_rejected,rejected,2026-09-19.1,"[""content_ink_routing_pending"", ""exports_validation_missing"", ""geometry_validation_missing"", ""hachures_validation_missing"", ""quality_gate_stage3"", ""references_validation_missing"", ""s4_flagged_missing""]",72addd1bfe2b7d98a0317ddf55579306028c7807479d33d1edc3d975d9fd29c2,0,493.03223468363285,0.9092769821085976,4837,8.242640687119284,0.3543926824079983,0.6943203573707721,6379,0.8685695780207209,0.07153194128592102,0.063329874391516,264.0,0.8616466853968731,80.0,0.25,0.5875,264.0,0.6553030303030303,7.0,quality_gate_stage3,"primitive set not suitable for accurate CAD export: n=6379, budget_n=52614, mean_conf=0.869, low_conf_ratio=0.072, max_low_conf_ratio=None"
EP3046647B1,F0001,/home/safe/Desktop/yassine/Vectorization/data/PatentData/ReorganisedData/EP3046647B1/EP3046647B1_F0001.tif,output/RELEASE_2026-09-28/EP3046647B1/cleaned/F0001_skeleton.png,output/RELEASE_2026-09-28/EP3046647B1/graphs/F0001_graph.json,output/RELEASE_2026-09-28/EP3046647B1/primitives/F0001_primitives.json,output/RELEASE_2026-09-28/EP3046647B1/vectors/F0001.svg,output/RELEASE_2026-09-28/EP3046647B1/vectors/F0001.dxf,long_engineering_lines,acceptance_rejected,rejected,2026-09-19.1,"[""content_ink_routing_pending"", ""exports_validation_missing"", ""geometry_validation_missing"", ""hachures_validation_missing"", ""quality_gate_stage2"", ""references_validation_missing"", ""s2_flagged"", ""s3_flagged_missing"", ""s4_flagged_missing""]",b1b43e977e53b469bdbce1143e7e95300ab16ba01fc7597064a6f234b33dd475,0,218.17020260216668,0.8827211987494835,2210,8.82842712474619,0.20579847908745247,0.7519011406844106,,,,0.053540426587301584,112.0,0.874769700479023,31.0,0.03225806451612903,0.967741935483871,112.0,0.21428571428571427,21.0,quality_gate_stage2,"graph fragmentation/isolation too high: edges=2210, median_len=8.8, micro_ratio=0.206, short_ratio=0.752, isolation=0.509, noncycle_residuals=0, max_noncycle_residual_pixels=0"
EP3069906B1,F0001,/home/safe/Desktop/yassine/Vectorization/data/PatentData/ReorganisedData/EP3069906B1/EP3069906B1_F0001.tif,output/RELEASE_2026-09-28/EP3069906B1/cleaned/F0001_skeleton.png,output/RELEASE_2026-09-28/EP3069906B1/graphs/F0001_graph.json,output/RELEASE_2026-09-28/EP3069906B1/primitives/F0001_primitives.json,output/RELEASE_2026-09-28/EP3069906B1/vectors/F0001.svg,output/RELEASE_2026-09-28/EP3069906B1/vectors/F0001.dxf,long_engineering_lines,acceptance_rejected,rejected,2026-09-19.1,"[""content_ink_routing_pending"", ""exports_validation_missing"", ""geometry_validation_missing"", ""hachures_validation_missing"", ""quality_gate_stage2"", ""references_validation_missing"", ""s2_flagged"", ""s3_flagged_missing"", ""s4_flagged_missing""]",248275d807a7fdf5748c4041b208c0d65e5b5611a8bdb7314edd814b9d660b54,0,175.15806833421811,0.9213768226698866,1512,7.242640687119285,0.3648010788941335,0.7956844234659474,,,,0.04860987807765151,146.0,0.7522639068564037,33.0,0.7272727272727273,0.18181818181818182,146.0,0.22602739726027396,25.0,quality_gate_stage2,"graph fragmentation/isolation too high: edges=1512, median_len=7.2, micro_ratio=0.365, short_ratio=0.796, isolation=0.416, noncycle_residuals=0, max_noncycle_residual_pixels=0"
EP3085580B1,F0001,/home/safe/Desktop/yassine/Vectorization/data/PatentData/ReorganisedData/EP3085580B1/EP3085580B1_F0001.tif,output/RELEASE_2026-09-28/EP3085580B1/cleaned/F0001_skeleton.png,output/RELEASE_2026-09-28/EP3085580B1/graphs/F0001_graph.json,output/RELEASE_2026-09-28/EP3085580B1/primitives/F0001_primitives.json,output/RELEASE_2026-09-28/EP3085580B1/vectors/F0001.svg,output/RELEASE_2026-09-28/EP3085580B1/vectors/F0001.dxf,orthogonal_text_table_or_flowchart,acceptance_rejected,rejected,2026-09-19.1,"[""content_ink_routing_pending"", ""exports_validation_missing"", ""geometry_validation_missing"", ""hachures_validation_missing"", ""quality_gate_stage2"", ""references_validation_missing"", ""s2_flagged"", ""s3_flagged_missing"", ""s4_flagged_missing""]",5864c4e5bdf6ffefa4c5eb65d05734e866e9869de3c8c8f1a6f05cd33a6fbea3,0,91.26551164779812,0.878418818289373,1561,7.82842712474619,0.2868579052701801,0.7591727818545697,,,,0.03580982490272373,159.0,0.717741935483871,34.0,0.9705882352941176,0.0,159.0,0.2641509433962264,20.0,quality_gate_stage2,"graph fragmentation/isolation too high: edges=1561, median_len=7.8, micro_ratio=0.287, short_ratio=0.759, isolation=0.433, noncycle_residuals=0, max_noncycle_residual_pixels=0"
EP3088678B1,F0001,/home/safe/Desktop/yassine/Vectorization/data/PatentData/ReorganisedData/EP3088678B1/EP3088678B1_F0001.tif,output/RELEASE_2026-09-28/EP3088678B1/cleaned/F0001_skeleton.png,output/RELEASE_2026-09-28/EP3088678B1/graphs/F0001_graph.json,output/RELEASE_2026-09-28/EP3088678B1/primitives/F0001_primitives.json,output/RELEASE_2026-09-28/EP3088678B1/vectors/F0001.svg,output/RELEASE_2026-09-28/EP3088678B1/vectors/F0001.dxf,long_engineering_lines,acceptance_rejected,rejected,2026-09-19.1,"[""content_ink_routing_pending"", ""exports_validation_missing"", ""geometry_validation_missing"", ""hachures_validation_missing"", ""quality_gate_stage3"", ""references_validation_missing"", ""s4_flagged_missing""]",f05bd2e57706a6d366e9c05bcee386a15975deadfb48ada4c6b47962e5c15a34,0,785.7155951238237,0.9866650691906788,2551,6.414213562373095,0.4778582930756844,0.7318840579710145,4669,0.8787075627507666,0.07683261466091729,0.06546887540128411,66.0,0.9251783747545851,87.0,0.9310344827586207,0.022988505747126436,66.0,0.15151515151515152,26.0,quality_gate_stage3,"primitive set not suitable for accurate CAD export: n=4669, budget_n=69200, mean_conf=0.879, low_conf_ratio=0.077, max_low_conf_ratio=None"
EP3088691B1,F0001,/home/safe/Desktop/yassine/Vectorization/data/PatentData/ReorganisedData/EP3088691B1/EP3088691B1_F0001.tif,output/RELEASE_2026-09-28/EP3088691B1/cleaned/F0001_skeleton.png,output/RELEASE_2026-09-28/EP3088691B1/graphs/F0001_graph.json,output/RELEASE_2026-09-28/EP3088691B1/primitives/F0001_primitives.json,output/RELEASE_2026-09-28/EP3088691B1/vectors/F0001.svg,output/RELEASE_2026-09-28/EP3088691B1/vectors/F0001.dxf,long_engineering_lines,acceptance_review,review,2026-09-19.1,"[""geometry_raster_coverage_incomplete"", ""geometry_sampling_budget""]",a3f72403ba9cab54be230f4a6252c2a9acc49fc60d7b3de58accb07794c03d43,0,905.4617631547153,0.7828856934533415,3697,8.485281374238571,0.11958647666946075,0.8410170438670019,4591,0.8874565626909108,0.018122802272112524,0.13511745505136985,171.0,0.9616447036226646,378.0,0.19576719576719576,0.753968253968254,171.0,0.695906432748538,1.0,ok,
EP3094870B1,F0001,/home/safe/Desktop/yassine/Vectorization/data/PatentData/ReorganisedData/EP3094870B1/EP3094870B1_F0001.tif,output/RELEASE_2026-09-28/EP3094870B1/cleaned/F0001_skeleton.png,output/RELEASE_2026-09-28/EP3094870B1/graphs/F0001_graph.json,output/RELEASE_2026-09-28/EP3094870B1/primitives/F0001_primitives.json,output/RELEASE_2026-09-28/EP3094870B1/vectors/F0001.svg,output/RELEASE_2026-09-28/EP3094870B1/vectors/F0001.dxf,long_engineering_lines,acceptance_review,review,2026-09-19.1,"[""geometry_raster_coverage_incomplete"", ""geometry_sampling_budget""]",c0ae7bad95840fbb12f7d760594f0d704b7f5d869c258e14e65c01abc18fcae4,0,731.1254035825841,0.8905109839005072,1993,4.82842712474619,0.5128339444735464,0.7166055526453641,2763,0.9074139832372483,0.05569493226292022,0.06006522200226244,104.0,0.9182912773731577,85.0,0.8117647058823529,0.058823529411764705,104.0,0.25961538461538464,18.0,ok,
EP3095674B1,F0001,/home/safe/Desktop/yassine/Vectorization/data/PatentData/ReorganisedData/EP3095674B1/EP3095674B1_F0001.tif,output/RELEASE_2026-09-28/EP3095674B1/cleaned/F0001_skeleton.png,output/RELEASE_2026-09-28/EP3095674B1/graphs/F0001_graph.json,output/RELEASE_2026-09-28/EP3095674B1/primitives/F0001_primitives.json,output/RELEASE_2026-09-28/EP3095674B1/vectors/F0001.svg,output/RELEASE_2026-09-28/EP3095674B1/vectors/F0001.dxf,long_engineering_lines,acceptance_review,review,2026-09-19.1,"[""geometry_skeleton_coverage_lost""]",6f578825238ddc74c41206e84aae76517623f066ac9d0077c08194aed7359fea,0,43.920746048912406,0.9228637664360488,16670,3.0,0.8303281644428417,0.9721721360740474,16670,0.979755887820839,0.003779244151169766,0.027503551136363637,110.0,0.7938992898644287,48.0,0.6041666666666666,0.3958333333333333,110.0,0.42727272727272725,26.0,ok,
EP3103588B1,F0001,/home/safe/Desktop/yassine/Vectorization/data/PatentData/ReorganisedData/EP3103588B1/EP3103588B1_F0001.tif,output/RELEASE_2026-09-28/EP3103588B1/cleaned/F0001_skeleton.png,output/RELEASE_2026-09-28/EP3103588B1/graphs/F0001_graph.json,output/RELEASE_2026-09-28/EP3103588B1/primitives/F0001_primitives.json,output/RELEASE_2026-09-28/EP3103588B1/vectors/F0001.svg,output/RELEASE_2026-09-28/EP3103588B1/vectors/F0001.dxf,long_engineering_lines,acceptance_review,review,2026-09-19.1,"[""geometry_raster_coverage_incomplete"", ""geometry_sampling_budget""]",cf12132835dad9cc13735ff64f70c7833a16291232a9c9aeabdb67dc358a6c83,0,621.7549124471843,0.814057030431561,840,2.8284271247461903,0.5842391304347826,0.8695652173913043,1046,0.9178485384575269,0.025,0.05245258826335878,376.0,0.8121429180523578,63.0,0.6984126984126984,0.30158730158730157,376.0,0.6781914893617021,1.0,ok,
EP3120099B1,F0001,/home/safe/Desktop/yassine/Vectorization/data/PatentData/ReorganisedData/EP3120099B1/EP3120099B1_F0001.tif,output/RELEASE_2026-09-28/EP3120099B1/cleaned/F0001_skeleton.png,output/RELEASE_2026-09-28/EP3120099B1/graphs/F0001_graph.json,output/RELEASE_2026-09-28/EP3120099B1/primitives/F0001_primitives.json,output/RELEASE_2026-09-28/EP3120099B1/vectors/F0001.svg,output/RELEASE_2026-09-28/EP3120099B1/vectors/F0001.dxf,long_engineering_lines,acceptance_rejected,rejected,2026-09-19.1,"[""content_ink_routing_pending"", ""exports_validation_missing"", ""geometry_validation_missing"", ""hachures_validation_missing"", ""quality_gate_stage1"", ""references_validation_missing"", ""s1_flagged"", ""s2_flagged_missing"", ""s3_flagged_missing"", ""s4_flagged_missing""]",525fc941c03132abca745eb6382dbcec21883d7efd36d8b5e3b36041418fbe23,0,1.2906777788884938,0.5628295819935691,,,,,,,,0.02474001108738502,105.0,0.8827740028009752,48.0,0.7708333333333334,0.10416666666666667,105.0,0.34285714285714286,11.0,quality_gate_stage1,skeleton quality 0.563 below threshold; not suitable for accurate vectorization
EP3130513B1,F0001,/home/safe/Desktop/yassine/Vectorization/data/PatentData/ReorganisedData/EP3130513B1/EP3130513B1_F0001.tif,output/RELEASE_2026-09-28/EP3130513B1/cleaned/F0001_skeleton.png,output/RELEASE_2026-09-28/EP3130513B1/graphs/F0001_graph.json,output/RELEASE_2026-09-28/EP3130513B1/primitives/F0001_primitives.json,output/RELEASE_2026-09-28/EP3130513B1/vectors/F0001.svg,output/RELEASE_2026-09-28/EP3130513B1/vectors/F0001.dxf,long_engineering_lines,acceptance_review,review,2026-09-19.1,"[""geometry_skeleton_coverage_lost""]",40f35700cabfe979d97c0e2ad15822b8e86b1e73d3c72ff2c44cda9356fe7910,0,9.29612496914342,0.9164322610341125,872,4.0,0.6364692218350755,0.8199767711962834,873,0.9322468837019642,0.045871559633027525,0.035741512845423144,181.0,0.8365815676466425,74.0,0.0,0.0,181.0,0.5966850828729282,5.0,ok,
EP3131836B1,F0001,/home/safe/Desktop/yassine/Vectorization/data/PatentData/ReorganisedData/EP3131836B1/EP3131836B1_F0001.tif,output/RELEASE_2026-09-28/EP3131836B1/cleaned/F0001_skeleton.png,output/RELEASE_2026-09-28/EP3131836B1/graphs/F0001_graph.json,output/RELEASE_2026-09-28/EP3131836B1/primitives/F0001_primitives.json,output/RELEASE_2026-09-28/EP3131836B1/vectors/F0001.svg,output/RELEASE_2026-09-28/EP3131836B1/vectors/F0001.dxf,long_engineering_lines,acceptance_review,review,2026-09-19.1,"[""geometry_skeleton_coverage_lost""]",fdae15f07f75470da54258ada8ea357d897fe510f97f1cb4d8f16c4ee2d580ea,0,356.77802288206294,0.9233512933996756,3210,8.242640687119284,0.27071452532707146,0.740020127474002,4410,0.8889499979683182,0.030218068535825544,0.05943365069241983,203.0,0.7531976047904192,74.0,0.2972972972972973,0.43243243243243246,203.0,0.09852216748768473,28.0,ok,
EP3133001B1,F0004,/home/safe/Desktop/yassine/Vectorization/data/PatentData/ReorganisedData/EP3133001B1/EP3133001B1_F0004.tif,output/RELEASE_2026-09-28/EP3133001B1/cleaned/F0004_skeleton.png,output/RELEASE_2026-09-28/EP3133001B1/graphs/F0004_graph.json,output/RELEASE_2026-09-28/EP3133001B1/primitives/F0004_primitives.json,output/RELEASE_2026-09-28/EP3133001B1/vectors/F0004.svg,output/RELEASE_2026-09-28/EP3133001B1/vectors/F0004.dxf,long_engineering_lines,acceptance_review,review,2026-09-19.1,"[""geometry_skeleton_coverage_lost""]",f84965d5277f094a44658856ace93cecbe325a778e67e1343715da1a98d631ee,0,20.103639263659716,0.9210244424968351,646,21.656854249492383,0.14962121212121213,0.4128787878787879,721,0.8637880701531397,0.08668730650154799,0.03481330572780679,594.0,0.9028454242501922,40.0,0.4,0.525,594.0,0.8434343434343434,2.0,ok,
EP3135582B1,F0001,/home/safe/Desktop/yassine/Vectorization/data/PatentData/ReorganisedData/EP3135582B1/EP3135582B1_F0001.tif,output/RELEASE_2026-09-28/EP3135582B1/cleaned/F0001_skeleton.png,output/RELEASE_2026-09-28/EP3135582B1/graphs/F0001_graph.json,output/RELEASE_2026-09-28/EP3135582B1/primitives/F0001_primitives.json,output/RELEASE_2026-09-28/EP3135582B1/vectors/F0001.svg,output/RELEASE_2026-09-28/EP3135582B1/vectors/F0001.dxf,long_engineering_lines,acceptance_rejected,rejected,2026-09-19.1,"[""content_ink_routing_pending"", ""exports_validation_missing"", ""geometry_validation_missing"", ""hachures_validation_missing"", ""quality_gate_stage2"", ""references_validation_missing"", ""s2_flagged"", ""s3_flagged_missing"", ""s4_flagged_missing""]",8d1194d2e3803cdb6df3f37f4a2741ad8cecd6af394e1adff06a95b20317e691,0,113.37594078388065,0.813270155873048,1452,9.65685424949238,0.19002890173410406,0.7030346820809249,,,,0.04719762731481481,352.0,0.6503387180823346,22.0,0.3181818181818182,0.5909090909090909,352.0,0.03409090909090909,10.0,quality_gate_stage2,"graph fragmentation/isolation too high: edges=1452, median_len=9.7, micro_ratio=0.190, short_ratio=0.703, isolation=0.467, noncycle_residuals=0, max_noncycle_residual_pixels=0"
EP3135587B1,F0001,/home/safe/Desktop/yassine/Vectorization/data/PatentData/ReorganisedData/EP3135587B1/EP3135587B1_F0001.tif,output/RELEASE_2026-09-28/EP3135587B1/cleaned/F0001_skeleton.png,output/RELEASE_2026-09-28/EP3135587B1/graphs/F0001_graph.json,output/RELEASE_2026-09-28/EP3135587B1/primitives/F0001_primitives.json,output/RELEASE_2026-09-28/EP3135587B1/vectors/F0001.svg,output/RELEASE_2026-09-28/EP3135587B1/vectors/F0001.dxf,long_engineering_lines,acceptance_rejected,rejected,2026-09-19.1,"[""content_ink_routing_pending"", ""exports_validation_missing"", ""geometry_validation_missing"", ""hachures_validation_missing"", ""quality_gate_stage2"", ""references_validation_missing"", ""s2_flagged"", ""s3_flagged_missing"", ""s4_flagged_missing""]",6f581cd1e1e6b81df482880dcbf12be1d437faad162027ea8b296b73cbd8f117,0,75.99445994291455,0.862891817437272,1183,9.414213562373096,0.09345794392523364,0.7434154630416313,,,,0.020235609734195404,212.0,0.6689779503536264,33.0,0.030303030303030304,0.9090909090909091,212.0,0.42924528301886794,9.0,quality_gate_stage2,"graph fragmentation/isolation too high: edges=1183, median_len=9.4, micro_ratio=0.093, short_ratio=0.743, isolation=0.494, noncycle_residuals=0, max_noncycle_residual_pixels=0"
EP3135890B1,F0001,/home/safe/Desktop/yassine/Vectorization/data/PatentData/ReorganisedData/EP3135890B1/EP3135890B1_F0001.tif,output/RELEASE_2026-09-28/EP3135890B1/cleaned/F0001_skeleton.png,output/RELEASE_2026-09-28/EP3135890B1/graphs/F0001_graph.json,output/RELEASE_2026-09-28/EP3135890B1/primitives/F0001_primitives.json,output/RELEASE_2026-09-28/EP3135890B1/vectors/F0001.svg,output/RELEASE_2026-09-28/EP3135890B1/vectors/F0001.dxf,long_engineering_lines,acceptance_review,review,2026-09-19.1,"[""geometry_raster_coverage_incomplete"", ""geometry_sampling_budget""]",aa3006ebc8c2884ae5c2b7c77d39c2f34ac30413641d345aed3c4954a2481e4b,0,2816.811084189918,0.9612208227509114,4027,1.0,0.8649735981895902,0.9129997485541865,4263,0.9312723551964774,0.052644648621802834,0.126741868622449,53.0,0.9740331897139143,180.0,0.7166666666666667,0.23333333333333334,53.0,0.20754716981132076,27.0,ok,
EP3141801B1,F0001,/home/safe/Desktop/yassine/Vectorization/data/PatentData/ReorganisedData/EP3141801B1/EP3141801B1_F0001.tif,output/RELEASE_2026-09-28/EP3141801B1/cleaned/F0001_skeleton.png,output/RELEASE_2026-09-28/EP3141801B1/graphs/F0001_graph.json,output/RELEASE_2026-09-28/EP3141801B1/primitives/F0001_primitives.json,output/RELEASE_2026-09-28/EP3141801B1/vectors/F0001.svg,output/RELEASE_2026-09-28/EP3141801B1/vectors/F0001.dxf,long_engineering_lines,acceptance_rejected,rejected,2026-09-19.1,"[""content_ink_routing_pending"", ""exports_validation_missing"", ""geometry_validation_missing"", ""hachures_validation_missing"", ""quality_gate_stage2"", ""references_validation_missing"", ""s2_flagged"", ""s3_flagged_missing"", ""s4_flagged_missing""]",e550476b60a9b67f9aedb31b471a2ea73767229aa97e3bbbe64580e3e5ce967b,0,291.2060773288831,0.8950760450177955,2085,8.242640687119286,0.3516320474777448,0.6933728981206726,,,,0.03488846680682976,67.0,0.92986560903929,64.0,0.5,0.34375,67.0,0.1791044776119403,42.0,quality_gate_stage2,"graph fragmentation/isolation too high: edges=2085, median_len=8.2, micro_ratio=0.352, short_ratio=0.693, isolation=0.400, noncycle_residuals=0, max_noncycle_residual_pixels=0"
EP3145734B1,F0001,/home/safe/Desktop/yassine/Vectorization/data/PatentData/ReorganisedData/EP3145734B1/EP3145734B1_F0001.tif,output/RELEASE_2026-09-28/EP3145734B1/cleaned/F0001_skeleton.png,output/RELEASE_2026-09-28/EP3145734B1/graphs/F0001_graph.json,output/RELEASE_2026-09-28/EP3145734B1/primitives/F0001_primitives.json,output/RELEASE_2026-09-28/EP3145734B1/vectors/F0001.svg,output/RELEASE_2026-09-28/EP3145734B1/vectors/F0001.dxf,chart_or_axis_plot,acceptance_rejected,rejected,2026-09-19.1,"[""content_ink_routing_pending"", ""exports_validation_missing"", ""geometry_validation_missing"", ""hachures_validation_missing"", ""quality_gate_stage3"", ""references_validation_missing"", ""s4_flagged_missing""]",3845d81f5edbb58c39e2ce7a20801fd183e548e622bb18226b85bb4fdd92c56c,0,684.0713345399126,0.8743224306434825,5524,6.0,0.4715752566992236,0.7768595041322314,7490,0.9081874422393028,0.029326574945691526,0.06723279403618906,973.0,0.7808148640820443,151.0,0.8807947019867549,0.0728476821192053,973.0,0.8674203494347379,4.0,quality_gate_stage3,"primitive set not suitable for accurate CAD export: n=7490, budget_n=66965, mean_conf=0.908, low_conf_ratio=0.029, max_low_conf_ratio=None"
EP3178608B1,F0001,/home/safe/Desktop/yassine/Vectorization/data/PatentData/ReorganisedData/EP3178608B1/EP3178608B1_F0001.tif,output/RELEASE_2026-09-28/EP3178608B1/cleaned/F0001_skeleton.png,output/RELEASE_2026-09-28/EP3178608B1/graphs/F0001_graph.json,output/RELEASE_2026-09-28/EP3178608B1/primitives/F0001_primitives.json,output/RELEASE_2026-09-28/EP3178608B1/vectors/F0001.svg,output/RELEASE_2026-09-28/EP3178608B1/vectors/F0001.dxf,long_engineering_lines,acceptance_review,review,2026-09-19.1,"[""geometry_hatch_pattern_unverified"", ""geometry_raster_coverage_incomplete""]",65797aac5f7537c8ab3e852cb4e45f4dd3eaecbbfcfe5ffef8592b4f1317c27d,0,57.23956074472517,0.9993066246724095,1897,29.21320343559643,0.1552190373174689,0.3347755543537047,1962,0.7325428703685954,0.3073273589878756,0.16618920006229235,87.0,0.9836793659160347,148.0,0.42567567567567566,0.33783783783783783,87.0,0.16091954022988506,54.0,ok,
EP3195940B1,F0001,/home/safe/Desktop/yassine/Vectorization/data/PatentData/ReorganisedData/EP3195940B1/EP3195940B1_F0001.tif,output/RELEASE_2026-09-28/EP3195940B1/cleaned/F0001_skeleton.png,output/RELEASE_2026-09-28/EP3195940B1/graphs/F0001_graph.json,output/RELEASE_2026-09-28/EP3195940B1/primitives/F0001_primitives.json,output/RELEASE_2026-09-28/EP3195940B1/vectors/F0001.svg,output/RELEASE_2026-09-28/EP3195940B1/vectors/F0001.dxf,long_engineering_lines,acceptance_rejected,rejected,2026-09-19.1,"[""content_ink_routing_pending"", ""exports_validation_missing"", ""geometry_validation_missing"", ""hachures_validation_missing"", ""quality_gate_stage2"", ""references_validation_missing"", ""s2_flagged"", ""s3_flagged_missing"", ""s4_flagged_missing""]",59e9d8a26c32a09e62da35ad0e45dedae70b9d0382437ae98252bcd35ff66e00,0,178.694314036984,0.8211055771980867,2300,10.414213562373096,0.1649058337161231,0.6531924666972898,,,,0.037676949786324784,873.0,0.6862206468763846,60.0,0.7,0.13333333333333333,873.0,0.8132875143184422,3.0,quality_gate_stage2,"graph fragmentation/isolation too high: edges=2300, median_len=10.4, micro_ratio=0.165, short_ratio=0.653, isolation=0.359, noncycle_residuals=0, max_noncycle_residual_pixels=0"
EP3199194B1,F0001,/home/safe/Desktop/yassine/Vectorization/data/PatentData/ReorganisedData/EP3199194B1/EP3199194B1_F0001.tif,output/RELEASE_2026-09-28/EP3199194B1/cleaned/F0001_skeleton.png,output/RELEASE_2026-09-28/EP3199194B1/graphs/F0001_graph.json,output/RELEASE_2026-09-28/EP3199194B1/primitives/F0001_primitives.json,output/RELEASE_2026-09-28/EP3199194B1/vectors/F0001.svg,output/RELEASE_2026-09-28/EP3199194B1/vectors/F0001.dxf,long_engineering_lines,acceptance_rejected,rejected,2026-09-19.1,"[""geometry_skeleton_coverage_lost""]",bb369ae9cded0ae8d6f4f4d2975123f9cf81a6bf03f8b4958133a559729fd9e1,0,13.63723320281133,0.8518718892014715,359,21.485281374238568,0.16332378223495703,0.40974212034383956,402,0.8488564741098941,0.08635097493036212,0.020772914693813132,85.0,0.8120733661779546,34.0,0.0,0.9705882352941176,85.0,0.16470588235294117,32.0,ok,
EP3201480B1,F0001,/home/safe/Desktop/yassine/Vectorization/data/PatentData/ReorganisedData/EP3201480B1/EP3201480B1_F0001.tif,output/RELEASE_2026-09-28/EP3201480B1/cleaned/F0001_skeleton.png,output/RELEASE_2026-09-28/EP3201480B1/graphs/F0001_graph.json,output/RELEASE_2026-09-28/EP3201480B1/primitives/F0001_primitives.json,output/RELEASE_2026-09-28/EP3201480B1/vectors/F0001.svg,output/RELEASE_2026-09-28/EP3201480B1/vectors/F0001.dxf,long_engineering_lines,acceptance_rejected,rejected,2026-09-19.1,"[""geometry_skeleton_coverage_lost""]",cbd7a2b57a189c13904f392c2f8720b1608f9bdbb9c90b5b5069fd5e8da3b968,0,17.07903172681108,0.925111667247442,1492,4.0,0.7160409556313994,0.8122866894197952,1492,0.9346372437403555,0.05160857908847185,0.06008662591789052,97.0,0.9387002278398612,60.0,0.15,0.8166666666666667,97.0,0.4639175257731959,18.0,ok,
EP3222506B1,F0003,/home/safe/Desktop/yassine/Vectorization/data/PatentData/ReorganisedData/EP3222506B1/EP3222506B1_F0003.tif,output/RELEASE_2026-09-28/EP3222506B1/cleaned/F0003_skeleton.png,output/RELEASE_2026-09-28/EP3222506B1/graphs/F0003_graph.json,output/RELEASE_2026-09-28/EP3222506B1/primitives/F0003_primitives.json,output/RELEASE_2026-09-28/EP3222506B1/vectors/F0003.svg,output/RELEASE_2026-09-28/EP3222506B1/vectors/F0003.dxf,long_engineering_lines,acceptance_rejected,rejected,2026-09-19.1,"[""content_ink_routing_pending"", ""exports_validation_missing"", ""geometry_validation_missing"", ""hachures_validation_missing"", ""quality_gate_stage2"", ""references_validation_missing"", ""s2_flagged"", ""s3_flagged_missing"", ""s4_flagged_missing""]",2c4f78aa589421969defb02a09b37a45d5345cf5c5da265e3cfd7378538f7671,0,634.6516146361828,0.8710699270392595,4559,6.82842712474619,0.42219730941704037,0.7289237668161435,,,,0.06541195661662011,416.0,0.7544569319627181,72.0,0.75,0.2361111111111111,416.0,0.7067307692307693,5.0,quality_gate_stage2,"graph fragmentation/isolation too high: edges=4559, median_len=6.8, micro_ratio=0.422, short_ratio=0.729, isolation=0.353, noncycle_residuals=0, max_noncycle_residual_pixels=0"
EP3230156B1,F0001,/home/safe/Desktop/yassine/Vectorization/data/PatentData/ReorganisedData/EP3230156B1/EP3230156B1_F0001.tif,output/RELEASE_2026-09-28/EP3230156B1/cleaned/F0001_skeleton.png,output/RELEASE_2026-09-28/EP3230156B1/graphs/F0001_graph.json,output/RELEASE_2026-09-28/EP3230156B1/primitives/F0001_primitives.json,output/RELEASE_2026-09-28/EP3230156B1/vectors/F0001.svg,output/RELEASE_2026-09-28/EP3230156B1/vectors/F0001.dxf,long_engineering_lines,acceptance_review,review,2026-09-19.1,"[""geometry_raster_coverage_incomplete"", ""geometry_sampling_budget""]",d7b1c61f5d6f64c00cfb45872c49c981fb74c45779ecb95b6069183db5ab5057,0,1132.5258606225252,0.8977132674448727,4288,1.0,0.813599062133646,0.9240328253223915,4733,0.9480431329797164,0.0240205223880597,0.0761031774215368,361.0,0.9265904703709361,69.0,0.17391304347826086,0.6376811594202898,361.0,0.6814404432132964,4.0,ok,
EP3231602B1,F0002,/home/safe/Desktop/yassine/Vectorization/data/PatentData/ReorganisedData/EP3231602B1/EP3231602B1_F0002.tif,output/RELEASE_2026-09-28/EP3231602B1/cleaned/F0002_skeleton.png,output/RELEASE_2026-09-28/EP3231602B1/graphs/F0002_graph.json,output/RELEASE_2026-09-28/EP3231602B1/primitives/F0002_primitives.json,output/RELEASE_2026-09-28/EP3231602B1/vectors/F0002.svg,output/RELEASE_2026-09-28/EP3231602B1/vectors/F0002.dxf,long_engineering_lines,acceptance_review,review,2026-09-19.1,"[""geometry_skeleton_coverage_lost""]",d805c5a09ecc4e7651696bcdc415f63ea4442604d023f8fdd1b07c6f42ce541b,0,281.6671458519995,0.8496221838472365,3222,7.82842712474619,0.28748326639892907,0.7540160642570282,4093,0.9095105262407231,0.027932960893854747,0.03843164282694476,385.0,0.7762053456326812,56.0,0.9107142857142857,0.08928571428571429,385.0,0.35844155844155845,10.0,ok,
EP3236034B1,F0001,/home/safe/Desktop/yassine/Vectorization/data/PatentData/ReorganisedData/EP3236034B1/EP3236034B1_F0001.tif,output/RELEASE_2026-09-28/EP3236034B1/cleaned/F0001_skeleton.png,output/RELEASE_2026-09-28/EP3236034B1/graphs/F0001_graph.json,output/RELEASE_2026-09-28/EP3236034B1/primitives/F0001_primitives.json,output/RELEASE_2026-09-28/EP3236034B1/vectors/F0001.svg,output/RELEASE_2026-09-28/EP3236034B1/vectors/F0001.dxf,long_engineering_lines,acceptance_review,review,2026-09-19.1,"[""geometry_skeleton_coverage_lost""]",72b050d7f4cbfc16d40eaf66d1776147c27b1c6665e622c6bceba79826171fa9,0,72.48149143531919,0.8863160977242303,1515,13.899494936611667,0.10808926080892609,0.5292887029288703,1805,0.9019135604243455,0.02838283828382838,0.0329816222360913,1064.0,0.3764730728616684,12.0,0.08333333333333333,0.8333333333333334,1064.0,0.6795112781954887,4.0,ok,
EP3236109B1,F0001,/home/safe/Desktop/yassine/Vectorization/data/PatentData/ReorganisedData/EP3236109B1/EP3236109B1_F0001.tif,output/RELEASE_2026-09-28/EP3236109B1/cleaned/F0001_skeleton.png,output/RELEASE_2026-09-28/EP3236109B1/graphs/F0001_graph.json,output/RELEASE_2026-09-28/EP3236109B1/primitives/F0001_primitives.json,output/RELEASE_2026-09-28/EP3236109B1/vectors/F0001.svg,output/RELEASE_2026-09-28/EP3236109B1/vectors/F0001.dxf,long_engineering_lines,acceptance_review,review,2026-09-19.1,"[""geometry_raster_coverage_incomplete"", ""geometry_sampling_budget""]",55002472d471b3897ed2e98e5a0de06736852f9d8faaca933d7717f0c99ee418,0,1275.218107982073,0.9064651331902941,1039,6.242640687119285,0.4873294346978557,0.7933723196881092,1524,0.9130441698949558,0.026948989412897015,0.10542899173027989,707.0,0.8422975393607994,120.0,0.8083333333333333,0.16666666666666666,707.0,0.6082036775106082,3.0,ok,
EP3239026B1,F0001,/home/safe/Desktop/yassine/Vectorization/data/PatentData/ReorganisedData/EP3239026B1/EP3239026B1_F0001.tif,output/RELEASE_2026-09-28/EP3239026B1/cleaned/F0001_skeleton.png,output/RELEASE_2026-09-28/EP3239026B1/graphs/F0001_graph.json,output/RELEASE_2026-09-28/EP3239026B1/primitives/F0001_primitives.json,output/RELEASE_2026-09-28/EP3239026B1/vectors/F0001.svg,output/RELEASE_2026-09-28/EP3239026B1/vectors/F0001.dxf,long_engineering_lines,acceptance_rejected,rejected,2026-09-19.1,"[""content_ink_routing_pending"", ""exports_validation_missing"", ""geometry_validation_missing"", ""hachures_validation_missing"", ""quality_gate_stage3"", ""references_validation_missing"", ""s4_flagged_missing""]",acfb24aafa0d6d1b0f20dae5602a94b2b26d288d5ce1e7b69cdc33898e78372d,0,556.9002192788757,0.8338318953754434,4564,8.242640687119284,0.3307314897413024,0.7024977698483497,6260,0.8846326189245025,0.041849255039439086,0.05607306287936267,323.0,0.8057295383070378,52.0,0.19230769230769232,0.5192307692307693,323.0,0.7647058823529411,4.0,quality_gate_stage3,"primitive set not suitable for accurate CAD export: n=6260, budget_n=57563, mean_conf=0.885, low_conf_ratio=0.042, max_low_conf_ratio=None"
EP3239476B1,F0001,/home/safe/Desktop/yassine/Vectorization/data/PatentData/ReorganisedData/EP3239476B1/EP3239476B1_F0001.tif,output/RELEASE_2026-09-28/EP3239476B1/cleaned/F0001_skeleton.png,output/RELEASE_2026-09-28/EP3239476B1/graphs/F0001_graph.json,output/RELEASE_2026-09-28/EP3239476B1/primitives/F0001_primitives.json,output/RELEASE_2026-09-28/EP3239476B1/vectors/F0001.svg,output/RELEASE_2026-09-28/EP3239476B1/vectors/F0001.dxf,long_engineering_lines,acceptance_review,review,2026-09-19.1,"[""geometry_raster_coverage_incomplete"", ""geometry_sampling_budget""]",f97b414eec2d720cf8b2f13549013c759d349af5fa0aff26eadb0469bae2b148,0,591.7136956229806,0.9201325929283771,4036,2.0,0.8355,0.958,4038,0.9644437535745838,0.01808721506442022,0.059647769245723174,38.0,0.9572999949075724,87.0,0.9425287356321839,0.022988505747126436,38.0,0.02631578947368421,31.0,ok,
EP3246140B1,F0003,/home/safe/Desktop/yassine/Vectorization/data/PatentData/ReorganisedData/EP3246140B1/EP3246140B1_F0003.tif,output/RELEASE_2026-09-28/EP3246140B1/cleaned/F0003_skeleton.png,output/RELEASE_2026-09-28/EP3246140B1/graphs/F0003_graph.json,output/RELEASE_2026-09-28/EP3246140B1/primitives/F0003_primitives.json,output/RELEASE_2026-09-28/EP3246140B1/vectors/F0003.svg,output/RELEASE_2026-09-28/EP3246140B1/vectors/F0003.dxf,orthogonal_text_table_or_flowchart,acceptance_rejected,rejected,2026-09-19.1,"[""content_ink_routing_pending"", ""exports_validation_missing"", ""geometry_validation_missing"", ""hachures_validation_missing"", ""quality_gate_stage2"", ""references_validation_missing"", ""s2_flagged"", ""s3_flagged_missing"", ""s4_flagged_missing""]",5849ee7d50151608bea18a4fc217c7a85bb8de33f680469cec74ea049d92c45f,0,1868.3345122551546,0.854095680701872,4473,7.65685424949238,0.2568306010928962,0.7942504157757186,,,,0.08237862558892815,194.0,0.8869278672959312,205.0,0.9804878048780488,0.0,194.0,0.44329896907216493,22.0,quality_gate_stage2,"graph fragmentation/isolation too high: edges=4473, median_len=7.7, micro_ratio=0.257, short_ratio=0.794, isolation=0.468, noncycle_residuals=0, max_noncycle_residual_pixels=0"
EP3246180B1,F0001,/home/safe/Desktop/yassine/Vectorization/data/PatentData/ReorganisedData/EP3246180B1/EP3246180B1_F0001.tif,output/RELEASE_2026-09-28/EP3246180B1/cleaned/F0001_skeleton.png,output/RELEASE_2026-09-28/EP3246180B1/graphs/F0001_graph.json,output/RELEASE_2026-09-28/EP3246180B1/primitives/F0001_primitives.json,output/RELEASE_2026-09-28/EP3246180B1/vectors/F0001.svg,output/RELEASE_2026-09-28/EP3246180B1/vectors/F0001.dxf,long_engineering_lines,acceptance_rejected,rejected,2026-09-19.1,"[""content_ink_routing_pending"", ""exports_validation_missing"", ""geometry_validation_missing"", ""hachures_validation_missing"", ""quality_gate_stage3"", ""references_validation_missing"", ""s4_flagged_missing""]",36bc111da45a950432fea5de0b5e775b1fd596439bf02176369a6794266e4223,0,492.0765776638873,0.9773653156224983,4137,7.82842712474619,0.319811567652447,0.72206228735933,5705,0.8961904511920596,0.03287406333091612,0.07268580767804154,705.0,0.7460032691464339,20.0,0.05,0.2,705.0,0.6553191489361702,3.0,quality_gate_stage3,"primitive set not suitable for accurate CAD export: n=5705, budget_n=53325, mean_conf=0.896, low_conf_ratio=0.033, max_low_conf_ratio=None"
EP3260374B1,F0003,/home/safe/Desktop/yassine/Vectorization/data/PatentData/ReorganisedData/EP3260374B1/EP3260374B1_F0003.tif,output/RELEASE_2026-09-28/EP3260374B1/cleaned/F0003_skeleton.png,output/RELEASE_2026-09-28/EP3260374B1/graphs/F0003_graph.json,output/RELEASE_2026-09-28/EP3260374B1/primitives/F0003_primitives.json,output/RELEASE_2026-09-28/EP3260374B1/vectors/F0003.svg,output/RELEASE_2026-09-28/EP3260374B1/vectors/F0003.dxf,long_engineering_lines,acceptance_rejected,rejected,2026-09-19.1,"[""geometry_output_off_skeleton"", ""geometry_unsupported_primitive"", ""geometry_unsupported_run""]",ba13444e1b24a985b4b40c0b7fc65551af41e75ab51b5cfeb227d3d5798fe157,0,27.182262773625553,0.9989149020123635,499,68.27817459305201,0.18723404255319148,0.2702127659574468,531,0.6686161839277477,0.4028056112224449,0.0751953125,106.0,0.8606931312313748,108.0,0.25,0.4444444444444444,106.0,0.02830188679245283,31.0,ok,
EP3263247B1,F0002,/home/safe/Desktop/yassine/Vectorization/data/PatentData/ReorganisedData/EP3263247B1/EP3263247B1_F0002.tif,output/RELEASE_2026-09-28/EP3263247B1/cleaned/F0002_skeleton.png,output/RELEASE_2026-09-28/EP3263247B1/graphs/F0002_graph.json,output/RELEASE_2026-09-28/EP3263247B1/primitives/F0002_primitives.json,output/RELEASE_2026-09-28/EP3263247B1/vectors/F0002.svg,output/RELEASE_2026-09-28/EP3263247B1/vectors/F0002.dxf,orthogonal_text_table_or_flowchart,acceptance_rejected,rejected,2026-09-19.1,"[""geometry_skeleton_coverage_lost""]",621d8e3ae73ef6e47b0479f9db2cbd7321609301eccd7b26d4bd5bd5bb4ac944,0,47.35540300421417,0.8334865742217552,14070,3.0,0.7934272300469484,0.94679186228482,14070,0.9802685327238909,0.011300639658848614,0.02922259102504638,45.0,0.86998573997148,35.0,1.0,0.0,45.0,0.26666666666666666,24.0,ok,
EP3267081B1,F0001,/home/safe/Desktop/yassine/Vectorization/data/PatentData/ReorganisedData/EP3267081B1/EP3267081B1_F0001.tif,output/RELEASE_2026-09-28/EP3267081B1/cleaned/F0001_skeleton.png,output/RELEASE_2026-09-28/EP3267081B1/graphs/F0001_graph.json,output/RELEASE_2026-09-28/EP3267081B1/primitives/F0001_primitives.json,output/RELEASE_2026-09-28/EP3267081B1/vectors/F0001.svg,output/RELEASE_2026-09-28/EP3267081B1/vectors/F0001.dxf,long_engineering_lines,acceptance_rejected,rejected,2026-09-19.1,"[""content_ink_routing_pending"", ""exports_validation_missing"", ""geometry_validation_missing"", ""hachures_validation_missing"", ""quality_gate_stage2"", ""references_validation_missing"", ""s2_flagged"", ""s3_flagged_missing"", ""s4_flagged_missing""]",4d191db4f8018f377380e41aba27df8be1a818ef08be4e72329ecd59d42e9a81,0,145.8954929620959,0.8156402601309912,1822,10.0,0.05989110707803993,0.7102238354506957,,,,0.028182900017076504,912.0,0.5195739644970414,13.0,0.46153846153846156,0.5384615384615384,912.0,0.7258771929824561,3.0,quality_gate_stage2,"graph fragmentation/isolation too high: edges=1822, median_len=10.0, micro_ratio=0.060, short_ratio=0.710, isolation=0.308, noncycle_residuals=0, max_noncycle_residual_pixels=0"
EP3276317B1,F0001,/home/safe/Desktop/yassine/Vectorization/data/PatentData/ReorganisedData/EP3276317B1/EP3276317B1_F0001.tif,output/RELEASE_2026-09-28/EP3276317B1/cleaned/F0001_skeleton.png,output/RELEASE_2026-09-28/EP3276317B1/graphs/F0001_graph.json,output/RELEASE_2026-09-28/EP3276317B1/primitives/F0001_primitives.json,output/RELEASE_2026-09-28/EP3276317B1/vectors/F0001.svg,output/RELEASE_2026-09-28/EP3276317B1/vectors/F0001.dxf,long_engineering_lines,acceptance_review,review,2026-09-19.1,"[""geometry_skeleton_coverage_lost""]",d07ecc4b3ecfc68d8cbde2c8484e96f8a331b4a0262bd9fee80f9ba82168e646,0,25.663922091946006,0.9186376537369915,8800,3.0,0.8230689536088408,0.9563715897317832,8801,0.9618308607548027,0.01090909090909091,0.030756207674943567,135.0,0.776161123853211,69.0,0.6086956521739131,0.391304347826087,135.0,0.4444444444444444,11.0,ok,
EP3279066B1,F0001,/home/safe/Desktop/yassine/Vectorization/data/PatentData/ReorganisedData/EP3279066B1/EP3279066B1_F0001.tif,output/RELEASE_2026-09-28/EP3279066B1/cleaned/F0001_skeleton.png,output/RELEASE_2026-09-28/EP3279066B1/graphs/F0001_graph.json,output/RELEASE_2026-09-28/EP3279066B1/primitives/F0001_primitives.json,output/RELEASE_2026-09-28/EP3279066B1/vectors/F0001.svg,output/RELEASE_2026-09-28/EP3279066B1/vectors/F0001.dxf,long_engineering_lines,acceptance_review,review,2026-09-19.1,"[""geometry_raster_coverage_incomplete"", ""geometry_sampling_budget""]",0b56998901f7ce6253342ae01bf41f32272845fca74664bdd39146c64d4fee55,0,887.2820465695113,0.8763802626560374,1915,3.414213562373095,0.5429666119321291,0.8549534756431308,2213,0.9152728878532166,0.03603133159268929,0.06646058086661912,332.0,0.8479049196134739,50.0,0.3,0.56,332.0,0.5873493975903614,4.0,ok,
EP3279510B1,F0001,/home/safe/Desktop/yassine/Vectorization/data/PatentData/ReorganisedData/EP3279510B1/EP3279510B1_F0001.tif,output/RELEASE_2026-09-28/EP3279510B1/cleaned/F0001_skeleton.png,output/RELEASE_2026-09-28/EP3279510B1/graphs/F0001_graph.json,output/RELEASE_2026-09-28/EP3279510B1/primitives/F0001_primitives.json,output/RELEASE_2026-09-28/EP3279510B1/vectors/F0001.svg,output/RELEASE_2026-09-28/EP3279510B1/vectors/F0001.dxf,long_engineering_lines,acceptance_rejected,rejected,2026-09-19.1,"[""content_ink_routing_pending"", ""exports_validation_missing"", ""geometry_validation_missing"", ""hachures_validation_missing"", ""quality_gate_stage2"", ""references_validation_missing"", ""s2_flagged"", ""s3_flagged_missing"", ""s4_flagged_missing""]",8222a1bd0d129284a9cdb03cd90a6cb20178d312450bb9398dffc5e2b9e918eb,0,253.84838582528755,0.8523872708212681,3434,8.82842712474619,0.3339280404400833,0.6526910496580434,,,,0.04175620581619537,130.0,0.7454157397943847,43.0,0.20930232558139536,0.6976744186046512,130.0,0.015384615384615385,31.0,quality_gate_stage2,"graph fragmentation/isolation too high: edges=3434, median_len=8.8, micro_ratio=0.334, short_ratio=0.653, isolation=0.357, noncycle_residuals=0, max_noncycle_residual_pixels=0"
EP3281834B1,F0001,/home/safe/Desktop/yassine/Vectorization/data/PatentData/ReorganisedData/EP3281834B1/EP3281834B1_F0001.tif,output/RELEASE_2026-09-28/EP3281834B1/cleaned/F0001_skeleton.png,output/RELEASE_2026-09-28/EP3281834B1/graphs/F0001_graph.json,output/RELEASE_2026-09-28/EP3281834B1/primitives/F0001_primitives.json,output/RELEASE_2026-09-28/EP3281834B1/vectors/F0001.svg,output/RELEASE_2026-09-28/EP3281834B1/vectors/F0001.dxf,orthogonal_text_table_or_flowchart,acceptance_rejected,rejected,2026-09-19.1,"[""geometry_output_off_skeleton"", ""geometry_unsupported_primitive"", ""geometry_unsupported_run""]",80b9e614f658f6357b537512acff008e2e430ccce8de44c2ba00b8816c3d0374,0,52.8027877965942,0.9791019403247553,1815,25.535533905932738,0.12763466042154567,0.398711943793911,1900,0.7827028086796939,0.24848484848484848,0.08389335258688783,241.0,0.8503282517148164,49.0,1.0,0.0,241.0,0.24896265560165975,19.0,ok,
EP3283311B1,F0001,/home/safe/Desktop/yassine/Vectorization/data/PatentData/ReorganisedData/EP3283311B1/EP3283311B1_F0001.tif,output/RELEASE_2026-09-28/EP3283311B1/cleaned/F0001_skeleton.png,output/RELEASE_2026-09-28/EP3283311B1/graphs/F0001_graph.json,output/RELEASE_2026-09-28/EP3283311B1/primitives/F0001_primitives.json,output/RELEASE_2026-09-28/EP3283311B1/vectors/F0001.svg,output/RELEASE_2026-09-28/EP3283311B1/vectors/F0001.dxf,long_engineering_lines,acceptance_rejected,rejected,2026-09-19.1,"[""content_ink_routing_pending"", ""exports_validation_missing"", ""geometry_validation_missing"", ""hachures_validation_missing"", ""quality_gate_stage3"", ""references_validation_missing"", ""s4_flagged_missing""]",3d94550220e015dc63554cc2fe04b15b813da4d2dc6f63644a47e1a22d672d94,0,656.073587432038,0.9813232500298278,6893,11.65685424949238,0.19849900444172155,0.61234492265278,8628,0.8862388617047244,0.04671405773973596,0.08871201940597667,350.0,0.8389524527817449,132.0,0.2196969696969697,0.7803030303030303,350.0,0.26,21.0,quality_gate_stage3,"primitive set not suitable for accurate CAD export: n=8628, budget_n=61088, mean_conf=0.886, low_conf_ratio=0.047, max_low_conf_ratio=None"
EP3286053B1,F0002,/home/safe/Desktop/yassine/Vectorization/data/PatentData/ReorganisedData/EP3286053B1/EP3286053B1_F0002.tif,output/RELEASE_2026-09-28/EP3286053B1/cleaned/F0002_skeleton.png,output/RELEASE_2026-09-28/EP3286053B1/graphs/F0002_graph.json,output/RELEASE_2026-09-28/EP3286053B1/primitives/F0002_primitives.json,output/RELEASE_2026-09-28/EP3286053B1/vectors/F0002.svg,output/RELEASE_2026-09-28/EP3286053B1/vectors/F0002.dxf,long_engineering_lines,acceptance_rejected,rejected,2026-09-19.1,"[""content_ink_routing_pending"", ""exports_validation_missing"", ""geometry_validation_missing"", ""hachures_validation_missing"", ""quality_gate_stage2"", ""references_validation_missing"", ""s2_flagged"", ""s3_flagged_missing"", ""s4_flagged_missing""]",ad984958034d2067a6ec23c321e1b7314079ccc50c2a01501e09da67d93aaeb4,0,696.835705419071,0.8931810873079854,1981,7.82842712474619,0.28369565217391307,0.7972826086956522,,,,0.08703592414529915,205.0,0.9168169089723426,113.0,0.9203539823008849,0.07964601769911504,205.0,0.47804878048780486,8.0,quality_gate_stage2,"graph fragmentation/isolation too high: edges=1981, median_len=7.8, micro_ratio=0.284, short_ratio=0.797, isolation=0.652, noncycle_residuals=0, max_noncycle_residual_pixels=0"
EP3290209B1,F0004,/home/safe/Desktop/yassine/Vectorization/data/PatentData/ReorganisedData/EP3290209B1/EP3290209B1_F0004.tif,output/RELEASE_2026-09-28/EP3290209B1/cleaned/F0004_skeleton.png,output/RELEASE_2026-09-28/EP3290209B1/graphs/F0004_graph.json,output/RELEASE_2026-09-28/EP3290209B1/primitives/F0004_primitives.json,output/RELEASE_2026-09-28/EP3290209B1/vectors/F0004.svg,output/RELEASE_2026-09-28/EP3290209B1/vectors/F0004.dxf,long_engineering_lines,acceptance_rejected,rejected,2026-09-19.1,"[""content_ink_routing_pending"", ""exports_validation_missing"", ""geometry_validation_missing"", ""hachures_validation_missing"", ""quality_gate_stage2"", ""references_validation_missing"", ""s2_flagged"", ""s3_flagged_missing"", ""s4_flagged_missing""]",e1afbcbcb412babc67e63622cd77f59abea8640a475a717575903d7b5c000ea5,0,309.42378082079813,0.7173939989918439,3849,9.742640687119284,0.12059620596205962,0.7222222222222222,,,,0.039083373091603056,910.0,0.24105439841306173,58.0,0.017241379310344827,0.9827586206896551,910.0,0.4340659340659341,8.0,quality_gate_stage2,"graph fragmentation/isolation too high: edges=3849, median_len=9.7, micro_ratio=0.121, short_ratio=0.722, isolation=0.343, noncycle_residuals=0, max_noncycle_residual_pixels=0"
EP3290718B1,F0001,/home/safe/Desktop/yassine/Vectorization/data/PatentData/ReorganisedData/EP3290718B1/EP3290718B1_F0001.tif,output/RELEASE_2026-09-28/EP3290718B1/cleaned/F0001_skeleton.png,output/RELEASE_2026-09-28/EP3290718B1/graphs/F0001_graph.json,output/RELEASE_2026-09-28/EP3290718B1/primitives/F0001_primitives.json,output/RELEASE_2026-09-28/EP3290718B1/vectors/F0001.svg,output/RELEASE_2026-09-28/EP3290718B1/vectors/F0001.dxf,orthogonal_text_table_or_flowchart,acceptance_rejected,rejected,2026-09-19.1,"[""geometry_skeleton_coverage_lost""]",26ffc1f341e6ac0c4b149a27331f17dcbd42e20c96c7c95049430a43ac2162e9,0,148.76960606640205,0.8906713895804992,2106,8.242640687119284,0.3539325842696629,0.697752808988764,2657,0.8892460390389973,0.06600189933523266,0.134517578125,83.0,0.964674110318993,104.0,1.0,0.0,83.0,0.4939759036144578,8.0,ok,
EP3291933B1,F0001,/home/safe/Desktop/yassine/Vectorization/data/PatentData/ReorganisedData/EP3291933B1/EP3291933B1_F0001.tif,output/RELEASE_2026-09-28/EP3291933B1/cleaned/F0001_skeleton.png,output/RELEASE_2026-09-28/EP3291933B1/graphs/F0001_graph.json,output/RELEASE_2026-09-28/EP3291933B1/primitives/F0001_primitives.json,output/RELEASE_2026-09-28/EP3291933B1/vectors/F0001.svg,output/RELEASE_2026-09-28/EP3291933B1/vectors/F0001.dxf,long_engineering_lines,acceptance_rejected,rejected,2026-09-19.1,"[""content_ink_routing_pending"", ""exports_validation_missing"", ""geometry_validation_missing"", ""hachures_validation_missing"", ""quality_gate_stage2"", ""references_validation_missing"", ""s2_flagged"", ""s3_flagged_missing"", ""s4_flagged_missing""]",0f46596d36e10bb0276fdde67a0566810da3c8dde823ee3ff780fcaae94d7039,0,74.04102282691747,0.9374204597231606,1341,6.82842712474619,0.4220830070477682,0.7987470634299139,,,,0.045195022431930694,70.0,0.9273145424399636,83.0,0.8072289156626506,0.14457831325301204,70.0,0.2857142857142857,21.0,quality_gate_stage2,"graph fragmentation/isolation too high: edges=1341, median_len=6.8, micro_ratio=0.422, short_ratio=0.799, isolation=0.355, noncycle_residuals=0, max_noncycle_residual_pixels=0"
EP3292058B1,F0001,/home/safe/Desktop/yassine/Vectorization/data/PatentData/ReorganisedData/EP3292058B1/EP3292058B1_F0001.tif,output/RELEASE_2026-09-28/EP3292058B1/cleaned/F0001_skeleton.png,output/RELEASE_2026-09-28/EP3292058B1/graphs/F0001_graph.json,output/RELEASE_2026-09-28/EP3292058B1/primitives/F0001_primitives.json,output/RELEASE_2026-09-28/EP3292058B1/vectors/F0001.svg,output/RELEASE_2026-09-28/EP3292058B1/vectors/F0001.dxf,chart_or_axis_plot,acceptance_rejected,rejected,2026-09-19.1,"[""content_ink_routing_pending"", ""exports_validation_missing"", ""geometry_validation_missing"", ""hachures_validation_missing"", ""quality_gate_stage2"", ""references_validation_missing"", ""s2_flagged"", ""s3_flagged_missing"", ""s4_flagged_missing""]",869eb14d7dc0f836a9c6def74e061f91c2b5226c5a7e2ae12c6573afbe5fd303,0,238.18488600989804,0.8704344857853415,2041,7.414213562373095,0.25854700854700857,0.8237179487179487,,,,0.02715006284674064,948.0,0.8083811424295335,46.0,0.9565217391304348,0.043478260869565216,948.0,0.9240506329113924,2.0,quality_gate_stage2,"graph fragmentation/isolation too high: edges=2041, median_len=7.4, micro_ratio=0.259, short_ratio=0.824, isolation=0.310, noncycle_residuals=0, max_noncycle_residual_pixels=0"
EP3299201B1,F0002,/home/safe/Desktop/yassine/Vectorization/data/PatentData/ReorganisedData/EP3299201B1/EP3299201B1_F0002.tif,output/RELEASE_2026-09-28/EP3299201B1/cleaned/F0002_skeleton.png,output/RELEASE_2026-09-28/EP3299201B1/graphs/F0002_graph.json,output/RELEASE_2026-09-28/EP3299201B1/primitives/F0002_primitives.json,output/RELEASE_2026-09-28/EP3299201B1/vectors/F0002.svg,output/RELEASE_2026-09-28/EP3299201B1/vectors/F0002.dxf,long_engineering_lines,acceptance_review,review,2026-09-19.1,"[""geometry_raster_coverage_incomplete"", ""geometry_sampling_budget""]",6992527306d55e813c19b154194f963ffac93513a5e58407bde4c012ad994d60,0,1502.2665733243339,0.8571351152153649,2388,2.8284271247461903,0.5776636713735558,0.8476679503637141,3052,0.911170637543329,0.05067001675041876,0.06524580550254452,624.0,0.8978177247971969,115.0,0.09565217391304348,0.8260869565217391,624.0,0.8365384615384616,2.0,ok,
EP3299694B1,F0001,/home/safe/Desktop/yassine/Vectorization/data/PatentData/ReorganisedData/EP3299694B1/EP3299694B1_F0001.tif,output/RELEASE_2026-09-28/EP3299694B1/cleaned/F0001_skeleton.png,output/RELEASE_2026-09-28/EP3299694B1/graphs/F0001_graph.json,output/RELEASE_2026-09-28/EP3299694B1/primitives/F0001_primitives.json,output/RELEASE_2026-09-28/EP3299694B1/vectors/F0001.svg,output/RELEASE_2026-09-28/EP3299694B1/vectors/F0001.dxf,orthogonal_text_table_or_flowchart,acceptance_rejected,rejected,2026-09-19.1,"[""geometry_skeleton_coverage_lost""]",0b67749f7c7905282cf5f7b56eb32c9c7d34bd995778f8609bc4c4b87dec6955,0,16.936731792986393,0.7058880169467046,614,7.82842712474619,0.47254575707154745,0.5740432612312812,614,0.8029671583954643,0.2280130293159609,0.03823818249648876,99.0,0.8438609706230497,35.0,1.0,0.0,99.0,0.0707070707070707,27.0,ok,
EP3303012B1,F0001,/home/safe/Desktop/yassine/Vectorization/data/PatentData/ReorganisedData/EP3303012B1/EP3303012B1_F0001.tif,output/RELEASE_2026-09-28/EP3303012B1/cleaned/F0001_skeleton.png,output/RELEASE_2026-09-28/EP3303012B1/graphs/F0001_graph.json,output/RELEASE_2026-09-28/EP3303012B1/primitives/F0001_primitives.json,output/RELEASE_2026-09-28/EP3303012B1/vectors/F0001.svg,output/RELEASE_2026-09-28/EP3303012B1/vectors/F0001.dxf,long_engineering_lines,acceptance_review,review,2026-09-19.1,"[""geometry_raster_coverage_incomplete"", ""geometry_sampling_budget""]",544ff7cf300d0c1f4f43de7d9b146018f5d4e47713c60d8f6af68fcb5402d156,0,552.6247951532714,0.9822147922849758,1793,1.0,0.8457415128052412,0.9362715902322811,2064,0.9380867997843014,0.03179029559397657,0.0677585407838983,90.0,0.905830910911889,86.0,0.6976744186046512,0.23255813953488372,90.0,0.2222222222222222,18.5,ok,
EP3305642B1,F0001,/home/safe/Desktop/yassine/Vectorization/data/PatentData/ReorganisedData/EP3305642B1/EP3305642B1_F0001.tif,output/RELEASE_2026-09-28/EP3305642B1/cleaned/F0001_skeleton.png,output/RELEASE_2026-09-28/EP3305642B1/graphs/F0001_graph.json,output/RELEASE_2026-09-28/EP3305642B1/primitives/F0001_primitives.json,output/RELEASE_2026-09-28/EP3305642B1/vectors/F0001.svg,output/RELEASE_2026-09-28/EP3305642B1/vectors/F0001.dxf,long_engineering_lines,acceptance_review,review,2026-09-19.1,"[""geometry_raster_coverage_incomplete"", ""geometry_sampling_budget""]",3ffa1865a7579a42eb99e76a9e6098a403f55014469b2d74f497e3c0f41cd3c5,0,1821.8745091934688,0.9455327644292062,5540,2.0,0.5935887988209285,0.7523949889462048,6434,0.8743292054637655,0.10631768953068592,0.11692991394927536,207.0,0.9296158222179186,113.0,0.23893805309734514,0.6194690265486725,207.0,0.5120772946859904,7.0,ok,
EP3322881B1,F0001,/home/safe/Desktop/yassine/Vectorization/data/PatentData/ReorganisedData/EP3322881B1/EP3322881B1_F0001.tif,output/RELEASE_2026-09-28/EP3322881B1/cleaned/F0001_skeleton.png,output/RELEASE_2026-09-28/EP3322881B1/graphs/F0001_graph.json,output/RELEASE_2026-09-28/EP3322881B1/primitives/F0001_primitives.json,output/RELEASE_2026-09-28/EP3322881B1/vectors/F0001.svg,output/RELEASE_2026-09-28/EP3322881B1/vectors/F0001.dxf,long_engineering_lines,acceptance_review,review,2026-09-19.1,"[""geometry_raster_coverage_incomplete"", ""geometry_sampling_budget""]",c66db637d2fdcaa1d167bbb3102cd73cdf0077aca528f4ce74031c565f1343ba,0,766.5415771347471,0.9889128440580573,3886,8.242640687119284,0.3992,0.6608,4326,0.8714879728929263,0.09675759135357695,0.13957992372776679,185.0,0.9783193335407376,239.0,0.05439330543933055,0.8744769874476988,185.0,0.7027027027027027,3.0,ok,
EP3323629B1,F0001,/home/safe/Desktop/yassine/Vectorization/data/PatentData/ReorganisedData/EP3323629B1/EP3323629B1_F0001.tif,output/RELEASE_2026-09-28/EP3323629B1/cleaned/F0001_skeleton.png,output/RELEASE_2026-09-28/EP3323629B1/graphs/F0001_graph.json,output/RELEASE_2026-09-28/EP3323629B1/primitives/F0001_primitives.json,output/RELEASE_2026-09-28/EP3323629B1/vectors/F0001.svg,output/RELEASE_2026-09-28/EP3323629B1/vectors/F0001.dxf,long_engineering_lines,acceptance_review,review,2026-09-19.1,"[""geometry_raster_coverage_incomplete"", ""geometry_sampling_budget""]",818f849c1915fc57c78615e1ae5ba48c99e699fe9832d04b8872ef4f1be3b8f8,0,552.7756679197773,0.8929443945626527,821,2.0,0.6881443298969072,0.8762886597938144,920,0.9178611309789705,0.048721071863580996,0.049202525958466456,90.0,0.9442401183682096,153.0,0.45098039215686275,0.2875816993464052,90.0,0.35555555555555557,13.0,ok,
EP3325368B1,F0004,/home/safe/Desktop/yassine/Vectorization/data/PatentData/ReorganisedData/EP3325368B1/EP3325368B1_F0004.tif,output/RELEASE_2026-09-28/EP3325368B1/cleaned/F0004_skeleton.png,output/RELEASE_2026-09-28/EP3325368B1/graphs/F0004_graph.json,output/RELEASE_2026-09-28/EP3325368B1/primitives/F0004_primitives.json,output/RELEASE_2026-09-28/EP3325368B1/vectors/F0004.svg,output/RELEASE_2026-09-28/EP3325368B1/vectors/F0004.dxf,long_engineering_lines,acceptance_rejected,rejected,2026-09-19.1,"[""content_ink_routing_pending"", ""exports_validation_missing"", ""geometry_validation_missing"", ""hachures_validation_missing"", ""quality_gate_stage1"", ""references_validation_missing"", ""s1_flagged"", ""s2_flagged_missing"", ""s3_flagged_missing"", ""s4_flagged_missing""]",697dcedb414aab6c2bbd7ca8c7e00bd45462bcd70a70a254b88e6fe674a52d04,0,1.5844461657106876,0.6003528804366896,,,,,,,,0.04352460588727679,79.0,0.9374467871988782,26.0,0.6153846153846154,0.3076923076923077,79.0,0.6835443037974683,2.0,quality_gate_stage1,skeleton quality 0.600 below threshold; not suitable for accurate vectorization
EP3330189B1,F0001,/home/safe/Desktop/yassine/Vectorization/data/PatentData/ReorganisedData/EP3330189B1/EP3330189B1_F0001.tif,output/RELEASE_2026-09-28/EP3330189B1/cleaned/F0001_skeleton.png,output/RELEASE_2026-09-28/EP3330189B1/graphs/F0001_graph.json,output/RELEASE_2026-09-28/EP3330189B1/primitives/F0001_primitives.json,output/RELEASE_2026-09-28/EP3330189B1/vectors/F0001.svg,output/RELEASE_2026-09-28/EP3330189B1/vectors/F0001.dxf,long_engineering_lines,acceptance_rejected,rejected,2026-09-19.1,"[""content_ink_routing_pending"", ""exports_validation_missing"", ""geometry_validation_missing"", ""hachures_validation_missing"", ""quality_gate_stage2"", ""references_validation_missing"", ""s2_flagged"", ""s3_flagged_missing"", ""s4_flagged_missing""]",95c3e335b11afd3524cd33bdcc620cb486966a4b5218a2885d88da32c6ea77f7,0,115.04882121505216,0.8653831707500295,1993,6.414213562373095,0.45788336933045354,0.8569114470842333,,,,0.05174845247603834,286.0,0.8139997588327506,64.0,0.640625,0.0,286.0,0.7342657342657343,2.0,quality_gate_stage2,"graph fragmentation/isolation too high: edges=1993, median_len=6.4, micro_ratio=0.458, short_ratio=0.857, isolation=0.477, noncycle_residuals=0, max_noncycle_residual_pixels=0"
EP3331712B1,F0001,/home/safe/Desktop/yassine/Vectorization/data/PatentData/ReorganisedData/EP3331712B1/EP3331712B1_F0001.tif,output/RELEASE_2026-09-28/EP3331712B1/cleaned/F0001_skeleton.png,output/RELEASE_2026-09-28/EP3331712B1/graphs/F0001_graph.json,output/RELEASE_2026-09-28/EP3331712B1/primitives/F0001_primitives.json,output/RELEASE_2026-09-28/EP3331712B1/vectors/F0001.svg,output/RELEASE_2026-09-28/EP3331712B1/vectors/F0001.dxf,long_engineering_lines,acceptance_review,review,2026-09-19.1,"[""geometry_raster_coverage_incomplete"", ""geometry_sampling_budget""]",ee629b8ea753ac12df7cbe43f5504c307360dc8d1585f81b957a611119f8012c,0,513.4297938430682,0.9889073460293967,681,7.414213562373095,0.4148148148148148,0.6548148148148148,760,0.8497663089505147,0.09985315712187959,0.09136758917095116,548.0,0.9403489490314604,105.0,0.13333333333333333,0.8666666666666667,548.0,0.8759124087591241,2.0,ok,
EP3335929B1,F0001,/home/safe/Desktop/yassine/Vectorization/data/PatentData/ReorganisedData/EP3335929B1/EP3335929B1_F0001.tif,output/RELEASE_2026-09-28/EP3335929B1/cleaned/F0001_skeleton.png,output/RELEASE_2026-09-28/EP3335929B1/graphs/F0001_graph.json,output/RELEASE_2026-09-28/EP3335929B1/primitives/F0001_primitives.json,output/RELEASE_2026-09-28/EP3335929B1/vectors/F0001.svg,output/RELEASE_2026-09-28/EP3335929B1/vectors/F0001.dxf,long_engineering_lines,acceptance_review,review,2026-09-19.1,"[""geometry_raster_coverage_incomplete"", ""geometry_sampling_budget""]",fe96f0af4231f8128873da658a1bf51f76f4d5df2d11d161fc35df4d0c3b829b,0,664.1201001489535,0.9820158201084523,1840,7.414213562373095,0.3540983606557377,0.7816393442622951,2107,0.8981085809112517,0.04076086956521739,0.07492571815345081,326.0,0.8413749545445846,125.0,0.008,0.984,326.0,0.5398773006134969,7.0,ok,
EP3347213B1,F0001,/home/safe/Desktop/yassine/Vectorization/data/PatentData/ReorganisedData/EP3347213B1/EP3347213B1_F0001.tif,output/RELEASE_2026-09-28/EP3347213B1/cleaned/F0001_skeleton.png,output/RELEASE_2026-09-28/EP3347213B1/graphs/F0001_graph.json,output/RELEASE_2026-09-28/EP3347213B1/primitives/F0001_primitives.json,output/RELEASE_2026-09-28/EP3347213B1/vectors/F0001.svg,output/RELEASE_2026-09-28/EP3347213B1/vectors/F0001.dxf,long_engineering_lines,acceptance_rejected,rejected,2026-09-19.1,"[""content_ink_routing_pending"", ""exports_validation_missing"", ""geometry_validation_missing"", ""hachures_validation_missing"", ""quality_gate_stage2"", ""references_validation_missing"", ""s2_flagged"", ""s3_flagged_missing"", ""s4_flagged_missing""]",9f7b0df99d727a47400795cee5fd9b7591026c50b5fedb650bf46b473f0707f2,0,77.88241796614602,0.8182518115942029,1162,6.82842712474619,0.4009478672985782,0.8075829383886256,,,,0.026579845270681267,399.0,0.8745809681312297,30.0,0.8333333333333334,0.06666666666666667,399.0,0.8395989974937343,1.0,quality_gate_stage2,"graph fragmentation/isolation too high: edges=1162, median_len=6.8, micro_ratio=0.401, short_ratio=0.808, isolation=0.480, noncycle_residuals=0, max_noncycle_residual_pixels=0"
EP3349901B1,F0001,/home/safe/Desktop/yassine/Vectorization/data/PatentData/ReorganisedData/EP3349901B1/EP3349901B1_F0001.tif,output/RELEASE_2026-09-28/EP3349901B1/cleaned/F0001_skeleton.png,output/RELEASE_2026-09-28/EP3349901B1/graphs/F0001_graph.json,output/RELEASE_2026-09-28/EP3349901B1/primitives/F0001_primitives.json,output/RELEASE_2026-09-28/EP3349901B1/vectors/F0001.svg,output/RELEASE_2026-09-28/EP3349901B1/vectors/F0001.dxf,long_engineering_lines,acceptance_rejected,rejected,2026-09-19.1,"[""content_ink_routing_pending"", ""exports_validation_missing"", ""geometry_validation_missing"", ""hachures_validation_missing"", ""quality_gate_stage2"", ""references_validation_missing"", ""s2_flagged"", ""s3_flagged_missing"", ""s4_flagged_missing""]",68cdfd65bf982cbc4d4dbb54217ad9d104dc0ede2a6b9ea363852bca80103d0e,0,45.04946089768782,0.8879649152399427,997,6.82842712474619,0.42,0.7725,,,,0.04880772682767624,97.0,0.8749869397137185,43.0,0.813953488372093,0.09302325581395349,97.0,0.5773195876288659,5.0,quality_gate_stage2,"graph fragmentation/isolation too high: edges=997, median_len=6.8, micro_ratio=0.420, short_ratio=0.772, isolation=0.395, noncycle_residuals=0, max_noncycle_residual_pixels=0"
EP3354572B1,F0001,/home/safe/Desktop/yassine/Vectorization/data/PatentData/ReorganisedData/EP3354572B1/EP3354572B1_F0001.tif,output/RELEASE_2026-09-28/EP3354572B1/cleaned/F0001_skeleton.png,output/RELEASE_2026-09-28/EP3354572B1/graphs/F0001_graph.json,output/RELEASE_2026-09-28/EP3354572B1/primitives/F0001_primitives.json,output/RELEASE_2026-09-28/EP3354572B1/vectors/F0001.svg,output/RELEASE_2026-09-28/EP3354572B1/vectors/F0001.dxf,long_engineering_lines,acceptance_rejected,rejected,2026-09-19.1,"[""content_ink_routing_pending"", ""exports_validation_missing"", ""geometry_validation_missing"", ""hachures_validation_missing"", ""quality_gate_stage2"", ""references_validation_missing"", ""s2_flagged"", ""s3_flagged_missing"", ""s4_flagged_missing""]",4d640df99355df0296d146254e2f2cff33ce01dedc1eaa415105681aa671dceb,0,401.33771379617974,0.8749936570761658,2445,7.65685424949238,0.31399747793190413,0.8129466162253047,,,,0.033164881993006996,483.0,0.827485380116959,31.0,0.6774193548387096,0.06451612903225806,483.0,0.8136645962732919,4.0,quality_gate_stage2,"graph fragmentation/isolation too high: edges=2445, median_len=7.7, micro_ratio=0.314, short_ratio=0.813, isolation=0.538, noncycle_residuals=0, max_noncycle_residual_pixels=0"
EP3359283B1,F0001,/home/safe/Desktop/yassine/Vectorization/data/PatentData/ReorganisedData/EP3359283B1/EP3359283B1_F0001.tif,output/RELEASE_2026-09-28/EP3359283B1/cleaned/F0001_skeleton.png,output/RELEASE_2026-09-28/EP3359283B1/graphs/F0001_graph.json,output/RELEASE_2026-09-28/EP3359283B1/primitives/F0001_primitives.json,output/RELEASE_2026-09-28/EP3359283B1/vectors/F0001.svg,output/RELEASE_2026-09-28/EP3359283B1/vectors/F0001.dxf,long_engineering_lines,acceptance_review,review,2026-09-19.1,"[""geometry_raster_coverage_incomplete"", ""geometry_sampling_budget""]",d12681ceeb4fef8c55ede5057f9065b564e4fe9cb0fa16967c71ef87a211d451,0,1666.1609221859835,0.9188590369853454,2808,1.0,0.8569872958257714,0.9215970961887477,2965,0.9361459682800513,0.042735042735042736,0.11312654702970297,40.0,0.9854212454212454,260.0,0.926923076923077,0.046153846153846156,40.0,0.475,8.0,ok,
EP3366484B1,F0001,/home/safe/Desktop/yassine/Vectorization/data/PatentData/ReorganisedData/EP3366484B1/EP3366484B1_F0001.tif,output/RELEASE_2026-09-28/EP3366484B1/cleaned/F0001_skeleton.png,output/RELEASE_2026-09-28/EP3366484B1/graphs/F0001_graph.json,output/RELEASE_2026-09-28/EP3366484B1/primitives/F0001_primitives.json,output/RELEASE_2026-09-28/EP3366484B1/vectors/F0001.svg,output/RELEASE_2026-09-28/EP3366484B1/vectors/F0001.dxf,long_engineering_lines,acceptance_rejected,rejected,2026-09-19.1,"[""content_ink_routing_pending"", ""exports_validation_missing"", ""geometry_validation_missing"", ""hachures_validation_missing"", ""quality_gate_stage2"", ""references_validation_missing"", ""s2_flagged"", ""s3_flagged_missing"", ""s4_flagged_missing""]",e9b30d1f8e3e04101e67f3ef16810f91487d392fee766d60e5fd97c865f3b8a1,0,78.90865227719769,0.9499868501797142,823,3.414213562373095,0.5538243626062322,0.9617563739376771,,,,0.03321967690677966,57.0,0.9011317531496904,73.0,0.3424657534246575,0.4520547945205479,57.0,0.03508771929824561,31.0,quality_gate_stage2,"graph fragmentation/isolation too high: edges=823, median_len=3.4, micro_ratio=0.554, short_ratio=0.962, isolation=0.548, noncycle_residuals=0, max_noncycle_residual_pixels=0"
EP3366561B1,F0001,/home/safe/Desktop/yassine/Vectorization/data/PatentData/ReorganisedData/EP3366561B1/EP3366561B1_F0001.tif,output/RELEASE_2026-09-28/EP3366561B1/cleaned/F0001_skeleton.png,output/RELEASE_2026-09-28/EP3366561B1/graphs/F0001_graph.json,output/RELEASE_2026-09-28/EP3366561B1/primitives/F0001_primitives.json,output/RELEASE_2026-09-28/EP3366561B1/vectors/F0001.svg,output/RELEASE_2026-09-28/EP3366561B1/vectors/F0001.dxf,long_engineering_lines,acceptance_review,review,2026-09-19.1,"[""geometry_raster_coverage_incomplete"", ""geometry_sampling_budget""]",f9c1a9d27fd0b83d9f3f6311bf387493220dbf53cf912e29135870759d94c05f,0,1013.4521060902625,0.9320896131746667,2629,3.0,0.5701042873696408,0.7921977597528003,3212,0.9068368171520719,0.047546595663750475,0.060729808538732395,933.0,0.7251828867800603,52.0,0.09615384615384616,0.4423076923076923,933.0,0.6291532690246516,5.0,ok,
EP3375593B1,F0001,/home/safe/Desktop/yassine/Vectorization/data/PatentData/ReorganisedData/EP3375593B1/EP3375593B1_F0001.tif,output/RELEASE_2026-09-28/EP3375593B1/cleaned/F0001_skeleton.png,output/RELEASE_2026-09-28/EP3375593B1/graphs/F0001_graph.json,output/RELEASE_2026-09-28/EP3375593B1/primitives/F0001_primitives.json,output/RELEASE_2026-09-28/EP3375593B1/vectors/F0001.svg,output/RELEASE_2026-09-28/EP3375593B1/vectors/F0001.dxf,long_engineering_lines,acceptance_review,review,2026-09-19.1,"[""geometry_skeleton_coverage_lost""]",16a1063b64b118716295c95c2dfa0adaeb6f140710e4af5a9aea689746e60d48,0,6.960511534009129,0.9187115591909201,145,15.485281374238571,0.07586206896551724,0.4896551724137931,181,0.8295340741568646,0.12413793103448276,0.0353075021043771,38.0,0.8371205066120321,21.0,0.8095238095238095,0.19047619047619047,38.0,0.10526315789473684,27.0,ok,
EP3395675B1,F0003,/home/safe/Desktop/yassine/Vectorization/data/PatentData/ReorganisedData/EP3395675B1/EP3395675B1_F0003.tif,output/RELEASE_2026-09-28/EP3395675B1/cleaned/F0003_skeleton.png,output/RELEASE_2026-09-28/EP3395675B1/graphs/F0003_graph.json,output/RELEASE_2026-09-28/EP3395675B1/primitives/F0003_primitives.json,output/RELEASE_2026-09-28/EP3395675B1/vectors/F0003.svg,output/RELEASE_2026-09-28/EP3395675B1/vectors/F0003.dxf,long_engineering_lines,acceptance_rejected,rejected,2026-09-19.1,"[""content_ink_routing_pending"", ""exports_validation_missing"", ""geometry_validation_missing"", ""hachures_validation_missing"", ""quality_gate_stage3"", ""references_validation_missing"", ""s4_flagged_missing""]",78dd101074c5e03c76bbe5715aa778107c75e66831e54a28d17a0004a712a2e1,0,1028.8705988330767,0.9897967226898116,7365,9.242640687119284,0.2951977401129944,0.6655367231638418,9382,0.8922559978192864,0.052002715546503736,0.08552880644273128,737.0,0.7280653219992288,98.0,0.336734693877551,0.6530612244897959,737.0,0.46675712347354137,10.0,quality_gate_stage3,"primitive set not suitable for accurate CAD export: n=9382, budget_n=70173, mean_conf=0.892, low_conf_ratio=0.052, max_low_conf_ratio=None"
EP3395676B1,F0002,/home/safe/Desktop/yassine/Vectorization/data/PatentData/ReorganisedData/EP3395676B1/EP3395676B1_F0002.tif,output/RELEASE_2026-09-28/EP3395676B1/cleaned/F0002_skeleton.png,output/RELEASE_2026-09-28/EP3395676B1/graphs/F0002_graph.json,output/RELEASE_2026-09-28/EP3395676B1/primitives/F0002_primitives.json,output/RELEASE_2026-09-28/EP3395676B1/vectors/F0002.svg,output/RELEASE_2026-09-28/EP3395676B1/vectors/F0002.dxf,long_engineering_lines,acceptance_rejected,rejected,2026-09-19.1,"[""content_ink_routing_pending"", ""exports_validation_missing"", ""geometry_validation_missing"", ""hachures_validation_missing"", ""quality_gate_stage2"", ""references_validation_missing"", ""s2_flagged"", ""s3_flagged_missing"", ""s4_flagged_missing""]",48d35f7de76e5375b0ab7d6f54ce0ed3f9150af0a317ef0d8cc84042e8a6e677,0,653.2750298050232,0.7069951690821256,3500,6.0,0.49532146091156054,0.7235134319348023,,,,0.08330508757112376,969.0,0.8190565125314746,219.0,0.2054794520547945,0.7488584474885844,969.0,0.7244582043343654,4.0,quality_gate_stage2,"graph fragmentation/isolation too high: edges=3500, median_len=6.0, micro_ratio=0.495, short_ratio=0.724, isolation=0.638, noncycle_residuals=0, max_noncycle_residual_pixels=0"
EP3402725B1,F0001,/home/safe/Desktop/yassine/Vectorization/data/PatentData/ReorganisedData/EP3402725B1/EP3402725B1_F0001.tif,output/RELEASE_2026-09-28/EP3402725B1/cleaned/F0001_skeleton.png,output/RELEASE_2026-09-28/EP3402725B1/graphs/F0001_graph.json,output/RELEASE_2026-09-28/EP3402725B1/primitives/F0001_primitives.json,output/RELEASE_2026-09-28/EP3402725B1/vectors/F0001.svg,output/RELEASE_2026-09-28/EP3402725B1/vectors/F0001.dxf,long_engineering_lines,acceptance_review,review,2026-09-19.1,"[""geometry_skeleton_coverage_lost""]",ef3df2f491389a7957c7355e99d2d3289252ae86256b15632367d2c3ebbcc0ff,0,117.46042238594964,0.8395693135935397,2308,11.828427124746192,0.06792622582096267,0.6086369770580297,2735,0.897804806452913,0.013431542461005199,0.01930554218027735,1003.0,0.04988308651597818,12.0,0.75,0.25,1003.0,0.6570289132602194,3.0,ok,
EP3424829B1,F0001,/home/safe/Desktop/yassine/Vectorization/data/PatentData/ReorganisedData/EP3424829B1/EP3424829B1_F0001.tif,output/RELEASE_2026-09-28/EP3424829B1/cleaned/F0001_skeleton.png,output/RELEASE_2026-09-28/EP3424829B1/graphs/F0001_graph.json,output/RELEASE_2026-09-28/EP3424829B1/primitives/F0001_primitives.json,output/RELEASE_2026-09-28/EP3424829B1/vectors/F0001.svg,output/RELEASE_2026-09-28/EP3424829B1/vectors/F0001.dxf,long_engineering_lines,acceptance_review,review,2026-09-19.1,"[""geometry_raster_coverage_incomplete"", ""geometry_sampling_budget""]",f5f5989f374c1437c608edf3bc9c48b5530bf2848f21765f5eff8cdacedc3646,0,1070.7572806971148,0.9284566690487414,2596,1.0,0.8843457943925234,0.9447040498442367,2745,0.9474652411067567,0.030431432973805857,0.08273415273826458,87.0,0.9697941502401021,110.0,0.7818181818181819,0.20909090909090908,87.0,0.5057471264367817,7.0,ok,
EP3460147A3,A0001,/home/safe/Desktop/yassine/Vectorization/data/PatentData/ReorganisedData/EP3460147A3/EP3460147A3_A0001.tif,output/RELEASE_2026-09-28/EP3460147A3/cleaned/A0001_skeleton.png,output/RELEASE_2026-09-28/EP3460147A3/graphs/A0001_graph.json,output/RELEASE_2026-09-28/EP3460147A3/primitives/A0001_primitives.json,output/RELEASE_2026-09-28/EP3460147A3/vectors/A0001.svg,output/RELEASE_2026-09-28/EP3460147A3/vectors/A0001.dxf,long_engineering_lines,acceptance_review,review,2026-09-19.1,"[""geometry_skeleton_coverage_lost""]",c223a801426eb9dcd80a1209f4dcc244d7c6285a76a3dc7b9f2e3e808ee7f3c1,0,13.283378320280463,0.9184540089247157,361,11.242640687119286,0.12280701754385964,0.6345029239766082,482,0.9029332982264424,0.0221606648199446,0.022808576440177253,166.0,0.9027953453073615,63.0,0.2222222222222222,0.5873015873015873,166.0,0.8614457831325302,1.0,ok,
EP3492156A1,F0001,/home/safe/Desktop/yassine/Vectorization/data/PatentData/ReorganisedData/EP3492156A1/EP3492156A1_F0001.tif,output/RELEASE_2026-09-28/EP3492156A1/cleaned/F0001_skeleton.png,output/RELEASE_2026-09-28/EP3492156A1/graphs/F0001_graph.json,output/RELEASE_2026-09-28/EP3492156A1/primitives/F0001_primitives.json,output/RELEASE_2026-09-28/EP3492156A1/vectors/F0001.svg,output/RELEASE_2026-09-28/EP3492156A1/vectors/F0001.dxf,long_engineering_lines,acceptance_rejected,rejected,2026-09-19.1,"[""content_ink_routing_pending"", ""exports_validation_missing"", ""geometry_validation_missing"", ""hachures_validation_missing"", ""quality_gate_stage2"", ""references_validation_missing"", ""s2_flagged"", ""s3_flagged_missing"", ""s4_flagged_missing""]",d85a6b1dd7b8dd7fb38615a066814006c4da6ceba152738721d2631887c3d480,0,57.98621706292033,0.8667499300157195,794,9.242640687119284,0.14285714285714285,0.7428571428571429,,,,0.03277507791994751,658.0,0.6453429264096348,35.0,0.6857142857142857,0.22857142857142856,658.0,0.8829787234042553,2.0,quality_gate_stage2,"graph fragmentation/isolation too high: edges=794, median_len=9.2, micro_ratio=0.143, short_ratio=0.743, isolation=0.412, noncycle_residuals=0, max_noncycle_residual_pixels=0"
EP3492159A1,F0001,/home/safe/Desktop/yassine/Vectorization/data/PatentData/ReorganisedData/EP3492159A1/EP3492159A1_F0001.tif,output/RELEASE_2026-09-28/EP3492159A1/cleaned/F0001_skeleton.png,output/RELEASE_2026-09-28/EP3492159A1/graphs/F0001_graph.json,output/RELEASE_2026-09-28/EP3492159A1/primitives/F0001_primitives.json,output/RELEASE_2026-09-28/EP3492159A1/vectors/F0001.svg,output/RELEASE_2026-09-28/EP3492159A1/vectors/F0001.dxf,long_engineering_lines,acceptance_rejected,rejected,2026-09-19.1,"[""content_ink_routing_pending"", ""exports_validation_missing"", ""geometry_validation_missing"", ""hachures_validation_missing"", ""quality_gate_stage2"", ""references_validation_missing"", ""s2_flagged"", ""s3_flagged_missing"", ""s4_flagged_missing""]",ff8b853188128685e91db4f9e4fbd7083cef287933715de80928c33ce6083069,0,107.06413805205375,0.9247266069572962,2004,7.242640687119285,0.3606194690265487,0.790929203539823,,,,0.04509839650145773,38.0,0.9460227272727273,90.0,0.7888888888888889,0.15555555555555556,38.0,0.10526315789473684,29.5,quality_gate_stage2,"graph fragmentation/isolation too high: edges=2004, median_len=7.2, micro_ratio=0.361, short_ratio=0.791, isolation=0.472, noncycle_residuals=0, max_noncycle_residual_pixels=0"
EP3492231A1,F0002,/home/safe/Desktop/yassine/Vectorization/data/PatentData/ReorganisedData/EP3492231A1/EP3492231A1_F0002.tif,output/RELEASE_2026-09-28/EP3492231A1/cleaned/F0002_skeleton.png,output/RELEASE_2026-09-28/EP3492231A1/graphs/F0002_graph.json,output/RELEASE_2026-09-28/EP3492231A1/primitives/F0002_primitives.json,output/RELEASE_2026-09-28/EP3492231A1/vectors/F0002.svg,output/RELEASE_2026-09-28/EP3492231A1/vectors/F0002.dxf,long_engineering_lines,acceptance_review,review,2026-09-19.1,"[""geometry_raster_coverage_incomplete"", ""geometry_sampling_budget""]",e268179bbcf26faf0cca879dd85dcc9e26e12237f558e544e545e9e19f837286,0,675.2120461752638,0.9527293360617639,1829,7.242640687119285,0.4216589861751152,0.7286866359447005,2196,0.9140961219071451,0.02405686167304538,0.09033405172413793,1002.0,0.7951509006322319,208.0,0.33653846153846156,0.4567307692307692,1002.0,0.6387225548902196,5.0,ok,
EP3492421A2,F0001,/home/safe/Desktop/yassine/Vectorization/data/PatentData/ReorganisedData/EP3492421A2/EP3492421A2_F0001.tif,output/RELEASE_2026-09-28/EP3492421A2/cleaned/F0001_skeleton.png,output/RELEASE_2026-09-28/EP3492421A2/graphs/F0001_graph.json,output/RELEASE_2026-09-28/EP3492421A2/primitives/F0001_primitives.json,output/RELEASE_2026-09-28/EP3492421A2/vectors/F0001.svg,output/RELEASE_2026-09-28/EP3492421A2/vectors/F0001.dxf,long_engineering_lines,acceptance_rejected,rejected,2026-09-19.1,"[""content_ink_routing_pending"", ""exports_validation_missing"", ""geometry_validation_missing"", ""hachures_validation_missing"", ""quality_gate_stage2"", ""references_validation_missing"", ""s2_flagged"", ""s3_flagged_missing"", ""s4_flagged_missing""]",64f45ef2f1f12385ca0cf54cba6f35e706bce1debbd6b95af1c103695b9593f4,0,207.29205634538084,0.9056613990595922,2224,7.0710678118654755,0.38639724001971415,0.7930014785608674,,,,0.10134198588709678,107.0,0.8920578178427107,59.0,0.8983050847457628,0.0847457627118644,107.0,0.4766355140186916,10.0,quality_gate_stage2,"graph fragmentation/isolation too high: edges=2224, median_len=7.1, micro_ratio=0.386, short_ratio=0.793, isolation=0.417, noncycle_residuals=0, max_noncycle_residual_pixels=0"
EP3492704A1,F0002,/home/safe/Desktop/yassine/Vectorization/data/PatentData/ReorganisedData/EP3492704A1/EP3492704A1_F0002.tif,output/RELEASE_2026-09-28/EP3492704A1/cleaned/F0002_skeleton.png,output/RELEASE_2026-09-28/EP3492704A1/graphs/F0002_graph.json,output/RELEASE_2026-09-28/EP3492704A1/primitives/F0002_primitives.json,output/RELEASE_2026-09-28/EP3492704A1/vectors/F0002.svg,output/RELEASE_2026-09-28/EP3492704A1/vectors/F0002.dxf,long_engineering_lines,acceptance_review,review,2026-09-19.1,"[""geometry_raster_coverage_incomplete"", ""geometry_sampling_budget""]",6148f2850f95896a3bc63a09eea15b2cad395e1fb21177b68aa0b91c3d12e21a,0,830.1825644141063,0.9040699840538889,20776,1.4142135623730951,0.9258028792912514,0.9923443593817709,20777,0.9947784528628166,0.001588371197535618,0.059891374143835614,91.0,0.9169898674030905,139.0,0.8129496402877698,0.1510791366906475,91.0,0.16483516483516483,21.0,ok,
EP3492793A1,F0001,/home/safe/Desktop/yassine/Vectorization/data/PatentData/ReorganisedData/EP3492793A1/EP3492793A1_F0001.tif,output/RELEASE_2026-09-28/EP3492793A1/cleaned/F0001_skeleton.png,output/RELEASE_2026-09-28/EP3492793A1/graphs/F0001_graph.json,output/RELEASE_2026-09-28/EP3492793A1/primitives/F0001_primitives.json,output/RELEASE_2026-09-28/EP3492793A1/vectors/F0001.svg,output/RELEASE_2026-09-28/EP3492793A1/vectors/F0001.dxf,long_engineering_lines,acceptance_rejected,rejected,2026-09-19.1,"[""content_ink_routing_pending"", ""exports_validation_missing"", ""geometry_validation_missing"", ""hachures_validation_missing"", ""quality_gate_stage2"", ""references_validation_missing"", ""s2_flagged"", ""s3_flagged_missing"", ""s4_flagged_missing""]",834e656e9f84bff880fa442ae6bf165f4a86a56bffbd31da213076a73d9c328e,0,124.93543899198994,0.8006999829272456,1029,13.828427124746192,0.030864197530864196,0.5452674897119342,,,,0.027774586397058824,842.0,0.6860957036758485,34.0,0.5882352941176471,0.38235294117647056,842.0,0.827790973871734,2.0,quality_gate_stage2,"graph fragmentation/isolation too high: edges=1029, median_len=13.8, micro_ratio=0.031, short_ratio=0.545, isolation=0.430, noncycle_residuals=0, max_noncycle_residual_pixels=0"
EP3495037A1,A0001,/home/safe/Desktop/yassine/Vectorization/data/PatentData/ReorganisedData/EP3495037A1/EP3495037A1_A0001.tif,output/RELEASE_2026-09-28/EP3495037A1/cleaned/A0001_skeleton.png,output/RELEASE_2026-09-28/EP3495037A1/graphs/A0001_graph.json,output/RELEASE_2026-09-28/EP3495037A1/primitives/A0001_primitives.json,output/RELEASE_2026-09-28/EP3495037A1/vectors/A0001.svg,output/RELEASE_2026-09-28/EP3495037A1/vectors/A0001.dxf,long_engineering_lines,acceptance_rejected,rejected,2026-09-19.1,"[""content_ink_routing_pending"", ""exports_validation_missing"", ""geometry_validation_missing"", ""hachures_validation_missing"", ""quality_gate_stage2"", ""references_validation_missing"", ""s2_flagged"", ""s3_flagged_missing"", ""s4_flagged_missing""]",5946b457c898c39fc0b090528b066585810b72256c73cbcef1669cb058a6c263,0,53.975485120434314,0.818628628847288,830,2.0,0.6443037974683544,0.9683544303797469,,,,0.041356965537383175,71.0,0.8281325859557752,46.0,0.717391304347826,0.2391304347826087,71.0,0.15492957746478872,25.0,quality_gate_stage2,"graph fragmentation/isolation too high: edges=830, median_len=2.0, micro_ratio=0.644, short_ratio=0.968, isolation=0.379, noncycle_residuals=0, max_noncycle_residual_pixels=0"
EP3495076A1,A0001,/home/safe/Desktop/yassine/Vectorization/data/PatentData/ReorganisedData/EP3495076A1/EP3495076A1_A0001.tif,output/RELEASE_2026-09-28/EP3495076A1/cleaned/A0001_skeleton.png,output/RELEASE_2026-09-28/EP3495076A1/graphs/A0001_graph.json,output/RELEASE_2026-09-28/EP3495076A1/primitives/A0001_primitives.json,output/RELEASE_2026-09-28/EP3495076A1/vectors/A0001.svg,output/RELEASE_2026-09-28/EP3495076A1/vectors/A0001.dxf,long_engineering_lines,acceptance_rejected,rejected,2026-09-19.1,"[""content_ink_routing_pending"", ""exports_validation_missing"", ""geometry_validation_missing"", ""hachures_validation_missing"", ""quality_gate_stage2"", ""references_validation_missing"", ""s2_flagged"", ""s3_flagged_missing"", ""s4_flagged_missing""]",3176103bd1c192e11e877bbb4baf0431202fff122715c26166c75a319af4035f,0,109.03685458516702,0.9842234120446641,246,10.242640687119286,0.1638418079096045,0.6836158192090396,,,,0.10649176018133175,413.0,0.8887132124437078,278.0,0.025179856115107913,0.960431654676259,413.0,0.5326876513317191,3.0,quality_gate_stage2,"graph fragmentation/isolation too high: edges=246, median_len=10.2, micro_ratio=0.164, short_ratio=0.684, isolation=0.396, noncycle_residuals=0, max_noncycle_residual_pixels=0"
EP3495110A1,F0001,/home/safe/Desktop/yassine/Vectorization/data/PatentData/ReorganisedData/EP3495110A1/EP3495110A1_F0001.tif,output/RELEASE_2026-09-28/EP3495110A1/cleaned/F0001_skeleton.png,output/RELEASE_2026-09-28/EP3495110A1/graphs/F0001_graph.json,output/RELEASE_2026-09-28/EP3495110A1/primitives/F0001_primitives.json,output/RELEASE_2026-09-28/EP3495110A1/vectors/F0001.svg,output/RELEASE_2026-09-28/EP3495110A1/vectors/F0001.dxf,orthogonal_text_table_or_flowchart,acceptance_review,review,2026-09-19.1,"[""geometry_skeleton_coverage_lost""]",14a8a25b4f0e7634e001d55e7e45d3f6b20a8dd6308b7accf325f0bc79c178fa,0,51.51699863979593,0.916665319516966,21326,2.414213562373095,0.8660345475028164,0.9676117161096508,21329,0.9823982802636141,0.0033292694363687516,0.022013726635514017,31.0,0.92590618336887,58.0,1.0,0.0,31.0,0.3870967741935484,23.0,ok,
EP3495140A1,F0002,/home/safe/Desktop/yassine/Vectorization/data/PatentData/ReorganisedData/EP3495140A1/EP3495140A1_F0002.tif,output/RELEASE_2026-09-28/EP3495140A1/cleaned/F0002_skeleton.png,output/RELEASE_2026-09-28/EP3495140A1/graphs/F0002_graph.json,output/RELEASE_2026-09-28/EP3495140A1/primitives/F0002_primitives.json,output/RELEASE_2026-09-28/EP3495140A1/vectors/F0002.svg,output/RELEASE_2026-09-28/EP3495140A1/vectors/F0002.dxf,orthogonal_text_table_or_flowchart,acceptance_rejected,rejected,2026-09-19.1,"[""content_ink_routing_pending"", ""exports_validation_missing"", ""geometry_validation_missing"", ""hachures_validation_missing"", ""quality_gate_stage2"", ""references_validation_missing"", ""s2_flagged"", ""s3_flagged_missing"", ""s4_flagged_missing""]",c6f27b76f7aff367486d09a3cb68e1acf43f2e5c1202b302a4433bf303119c3c,0,499.1385321877897,0.9197604446423185,1706,7.0,0.35694249649368864,0.8583450210378681,,,,0.05777406501004016,504.0,0.8959337451632612,136.0,1.0,0.0,504.0,0.8492063492063492,2.0,quality_gate_stage2,"graph fragmentation/isolation too high: edges=1706, median_len=7.0, micro_ratio=0.357, short_ratio=0.858, isolation=0.434, noncycle_residuals=0, max_noncycle_residual_pixels=0"
EP3495161A1,F0001,/home/safe/Desktop/yassine/Vectorization/data/PatentData/ReorganisedData/EP3495161A1/EP3495161A1_F0001.tif,output/RELEASE_2026-09-28/EP3495161A1/cleaned/F0001_skeleton.png,output/RELEASE_2026-09-28/EP3495161A1/graphs/F0001_graph.json,output/RELEASE_2026-09-28/EP3495161A1/primitives/F0001_primitives.json,output/RELEASE_2026-09-28/EP3495161A1/vectors/F0001.svg,output/RELEASE_2026-09-28/EP3495161A1/vectors/F0001.dxf,long_engineering_lines,acceptance_rejected,rejected,2026-09-19.1,"[""content_ink_routing_pending"", ""exports_validation_missing"", ""geometry_validation_missing"", ""hachures_validation_missing"", ""quality_gate_stage1"", ""references_validation_missing"", ""s1_flagged"", ""s2_flagged_missing"", ""s3_flagged_missing"", ""s4_flagged_missing""]",36f44270ac8f761eb2479fd87e8402d8f575cd6d8d833fef67ca8b12c16b4ef5,0,1.5014268774539232,0.672753549419186,,,,,,,,0.02111031549247606,666.0,0.5963169219086192,32.0,0.09375,0.59375,666.0,0.7867867867867868,2.0,quality_gate_stage1,skeleton quality 0.673 below threshold; not suitable for accurate vectorization
EP3495171A1,F0002,/home/safe/Desktop/yassine/Vectorization/data/PatentData/ReorganisedData/EP3495171A1/EP3495171A1_F0002.tif,output/RELEASE_2026-09-28/EP3495171A1/cleaned/F0002_skeleton.png,output/RELEASE_2026-09-28/EP3495171A1/graphs/F0002_graph.json,output/RELEASE_2026-09-28/EP3495171A1/primitives/F0002_primitives.json,output/RELEASE_2026-09-28/EP3495171A1/vectors/F0002.svg,output/RELEASE_2026-09-28/EP3495171A1/vectors/F0002.dxf,orthogonal_text_table_or_flowchart,acceptance_rejected,rejected,2026-09-19.1,"[""content_ink_routing_pending"", ""exports_validation_missing"", ""geometry_validation_missing"", ""hachures_validation_missing"", ""quality_gate_stage3"", ""references_validation_missing"", ""s4_flagged_missing""]",4f7c20570631bb19ac38f7471733044662e9955f8870b511190642ca02739ad4,0,625.329886069987,0.9685653888983259,5451,7.0,0.38601941747572815,0.7646601941747573,7277,0.9028454806433299,0.03302146395156852,0.07608683725421349,331.0,0.8507408876230306,35.0,1.0,0.0,331.0,0.4380664652567976,10.0,quality_gate_stage3,"primitive set not suitable for accurate CAD export: n=7277, budget_n=62435, mean_conf=0.903, low_conf_ratio=0.033, max_low_conf_ratio=None"
EP3495181A1,A0001,/home/safe/Desktop/yassine/Vectorization/data/PatentData/ReorganisedData/EP3495181A1/EP3495181A1_A0001.tif,output/RELEASE_2026-09-28/EP3495181A1/cleaned/A0001_skeleton.png,output/RELEASE_2026-09-28/EP3495181A1/graphs/A0001_graph.json,output/RELEASE_2026-09-28/EP3495181A1/primitives/A0001_primitives.json,output/RELEASE_2026-09-28/EP3495181A1/vectors/A0001.svg,output/RELEASE_2026-09-28/EP3495181A1/vectors/A0001.dxf,long_engineering_lines,acceptance_rejected,rejected,2026-09-19.1,"[""content_ink_routing_pending"", ""exports_validation_missing"", ""geometry_validation_missing"", ""hachures_validation_missing"", ""quality_gate_stage2"", ""references_validation_missing"", ""s2_flagged"", ""s3_flagged_missing"", ""s4_flagged_missing""]",e902ff19994c7d051bff8834c3eaaa7efb211f921d9bcc0e292161ff6e7be3da,0,5.5408536796458066,0.9135930735930736,119,3.82842712474619,0.5392156862745098,0.9117647058823529,,,,0.0162353515625,334.0,0.7490277417682136,31.0,0.41935483870967744,0.25806451612903225,334.0,0.7874251497005988,1.0,quality_gate_stage2,"graph fragmentation/isolation too high: edges=119, median_len=3.8, micro_ratio=0.539, short_ratio=0.912, isolation=0.466, noncycle_residuals=0, max_noncycle_residual_pixels=0"
EP3495197A1,F0001,/home/safe/Desktop/yassine/Vectorization/data/PatentData/ReorganisedData/EP3495197A1/EP3495197A1_F0001.tif,output/RELEASE_2026-09-28/EP3495197A1/cleaned/F0001_skeleton.png,output/RELEASE_2026-09-28/EP3495197A1/graphs/F0001_graph.json,output/RELEASE_2026-09-28/EP3495197A1/primitives/F0001_primitives.json,output/RELEASE_2026-09-28/EP3495197A1/vectors/F0001.svg,output/RELEASE_2026-09-28/EP3495197A1/vectors/F0001.dxf,long_engineering_lines,acceptance_review,review,2026-09-19.1,"[""geometry_raster_coverage_incomplete"", ""geometry_sampling_budget""]",60b2b4b7c151c53bf6797eb4d7dba39361c96e487dfd5107bba75897cde5a321,0,1140.4082199581899,0.9082120162910592,3326,6.656854249492381,0.44636135508155583,0.8042659974905897,3967,0.9110951719624516,0.03156945279615153,0.09128081542351454,280.0,0.7798366154512011,118.0,0.05084745762711865,0.711864406779661,280.0,0.07142857142857142,30.0,ok,
EP3495213A1,A0001,/home/safe/Desktop/yassine/Vectorization/data/PatentData/ReorganisedData/EP3495213A1/EP3495213A1_A0001.tif,output/RELEASE_2026-09-28/EP3495213A1/cleaned/A0001_skeleton.png,output/RELEASE_2026-09-28/EP3495213A1/graphs/A0001_graph.json,output/RELEASE_2026-09-28/EP3495213A1/primitives/A0001_primitives.json,output/RELEASE_2026-09-28/EP3495213A1/vectors/A0001.svg,output/RELEASE_2026-09-28/EP3495213A1/vectors/A0001.dxf,long_engineering_lines,acceptance_review,review,2026-09-19.1,"[""geometry_skeleton_coverage_lost""]",14582d2365e820daf0cc42fd09db9debc77fb7ac49e74bb04da4aa2d9352d854,0,8.357239826116711,0.9320558765450158,154,6.82842712474619,0.4318181818181818,0.7803030303030303,222,0.8705348142770648,0.05194805194805195,0.028516064893018018,35.0,0.840262244504435,20.0,0.95,0.05,35.0,0.3142857142857143,39.0,ok,
EP3495227A1,F0002,/home/safe/Desktop/yassine/Vectorization/data/PatentData/ReorganisedData/EP3495227A1/EP3495227A1_F0002.tif,output/RELEASE_2026-09-28/EP3495227A1/cleaned/F0002_skeleton.png,output/RELEASE_2026-09-28/EP3495227A1/graphs/F0002_graph.json,output/RELEASE_2026-09-28/EP3495227A1/primitives/F0002_primitives.json,output/RELEASE_2026-09-28/EP3495227A1/vectors/F0002.svg,output/RELEASE_2026-09-28/EP3495227A1/vectors/F0002.dxf,long_engineering_lines,acceptance_rejected,rejected,2026-09-19.1,"[""content_ink_routing_pending"", ""exports_validation_missing"", ""geometry_validation_missing"", ""hachures_validation_missing"", ""quality_gate_stage2"", ""references_validation_missing"", ""s2_flagged"", ""s3_flagged_missing"", ""s4_flagged_missing""]",6ad9a7300e1650e62561aa1a860d8395d4ad52819289ab4015034c81b15478cd,0,291.9958968483843,0.9061995468769725,2040,9.65685424949238,0.10146443514644352,0.7180962343096234,,,,0.06276190263908701,1161.0,0.6142457604545858,101.0,0.26732673267326734,0.06930693069306931,1161.0,0.6701119724375538,4.0,quality_gate_stage2,"graph fragmentation/isolation too high: edges=2040, median_len=9.7, micro_ratio=0.101, short_ratio=0.718, isolation=0.445, noncycle_residuals=0, max_noncycle_residual_pixels=0"
EP3495239A1,A0001,/home/safe/Desktop/yassine/Vectorization/data/PatentData/ReorganisedData/EP3495239A1/EP3495239A1_A0001.tif,output/RELEASE_2026-09-28/EP3495239A1/cleaned/A0001_skeleton.png,output/RELEASE_2026-09-28/EP3495239A1/graphs/A0001_graph.json,output/RELEASE_2026-09-28/EP3495239A1/primitives/A0001_primitives.json,output/RELEASE_2026-09-28/EP3495239A1/vectors/A0001.svg,output/RELEASE_2026-09-28/EP3495239A1/vectors/A0001.dxf,orthogonal_text_table_or_flowchart,acceptance_rejected,rejected,2026-09-19.1,"[""content_ink_routing_pending"", ""exports_validation_missing"", ""geometry_validation_missing"", ""hachures_validation_missing"", ""quality_gate_stage1"", ""references_validation_missing"", ""s1_flagged"", ""s2_flagged_missing"", ""s3_flagged_missing"", ""s4_flagged_missing""]",2de1e192521cd630c8fe56bfe3950811b9e7694842b553440a25259c560958ba,0,3.088637998793274,0.6400514343446714,,,,,,,,0.04999812799520767,95.0,0.8646177847113885,72.0,1.0,0.0,95.0,0.1368421052631579,22.0,quality_gate_stage1,skeleton quality 0.640 below threshold; not suitable for accurate vectorization
EP3495249A1,F0001,/home/safe/Desktop/yassine/Vectorization/data/PatentData/ReorganisedData/EP3495249A1/EP3495249A1_F0001.tif,output/RELEASE_2026-09-28/EP3495249A1/cleaned/F0001_skeleton.png,output/RELEASE_2026-09-28/EP3495249A1/graphs/F0001_graph.json,output/RELEASE_2026-09-28/EP3495249A1/primitives/F0001_primitives.json,output/RELEASE_2026-09-28/EP3495249A1/vectors/F0001.svg,output/RELEASE_2026-09-28/EP3495249A1/vectors/F0001.dxf,long_engineering_lines,acceptance_rejected,rejected,2026-09-19.1,"[""content_ink_routing_pending"", ""exports_validation_missing"", ""geometry_validation_missing"", ""hachures_validation_missing"", ""quality_gate_stage2"", ""references_validation_missing"", ""s2_flagged"", ""s3_flagged_missing"", ""s4_flagged_missing""]",4260276d9046dc8479bb6d6ee23fcc9df98b8baa71d107b95a020c4c8c9b4003,0,413.2903857603669,0.8658609224087883,2288,9.071067811865476,0.11364673664993154,0.7558192606115929,,,,0.03955362339930151,987.0,0.619510232237296,18.0,0.3888888888888889,0.5555555555555556,987.0,0.6818642350557245,5.0,quality_gate_stage2,"graph fragmentation/isolation too high: edges=2288, median_len=9.1, micro_ratio=0.114, short_ratio=0.756, isolation=0.454, noncycle_residuals=0, max_noncycle_residual_pixels=0"
EP3495256A1,F0001,/home/safe/Desktop/yassine/Vectorization/data/PatentData/ReorganisedData/EP3495256A1/EP3495256A1_F0001.tif,output/RELEASE_2026-09-28/EP3495256A1/cleaned/F0001_skeleton.png,output/RELEASE_2026-09-28/EP3495256A1/graphs/F0001_graph.json,output/RELEASE_2026-09-28/EP3495256A1/primitives/F0001_primitives.json,output/RELEASE_2026-09-28/EP3495256A1/vectors/F0001.svg,output/RELEASE_2026-09-28/EP3495256A1/vectors/F0001.dxf,orthogonal_text_table_or_flowchart,acceptance_rejected,rejected,2026-09-19.1,"[""content_ink_routing_pending"", ""exports_validation_missing"", ""geometry_validation_missing"", ""hachures_validation_missing"", ""quality_gate_stage2"", ""references_validation_missing"", ""s2_flagged"", ""s3_flagged_missing"", ""s4_flagged_missing""]",03d6d1fa8071d76b89578e7084b77ec6e160e4acc133fb9b8896c286b3266cce,0,189.50710789579898,0.8067655058805502,1695,6.414213562373095,0.4306306306306306,0.8816816816816817,,,,0.03404929421164773,516.0,0.8103153263260816,42.0,1.0,0.0,516.0,0.7984496124031008,2.0,quality_gate_stage2,"graph fragmentation/isolation too high: edges=1695, median_len=6.4, micro_ratio=0.431, short_ratio=0.882, isolation=0.654, noncycle_residuals=0, max_noncycle_residual_pixels=0"
EP3495270A2,F0001,/home/safe/Desktop/yassine/Vectorization/data/PatentData/ReorganisedData/EP3495270A2/EP3495270A2_F0001.tif,output/RELEASE_2026-09-28/EP3495270A2/cleaned/F0001_skeleton.png,output/RELEASE_2026-09-28/EP3495270A2/graphs/F0001_graph.json,output/RELEASE_2026-09-28/EP3495270A2/primitives/F0001_primitives.json,output/RELEASE_2026-09-28/EP3495270A2/vectors/F0001.svg,output/RELEASE_2026-09-28/EP3495270A2/vectors/F0001.dxf,long_engineering_lines,acceptance_rejected,rejected,2026-09-19.1,"[""content_ink_routing_pending"", ""exports_validation_missing"", ""geometry_validation_missing"", ""hachures_validation_missing"", ""quality_gate_stage2"", ""references_validation_missing"", ""s2_flagged"", ""s3_flagged_missing"", ""s4_flagged_missing""]",333c78471e77a020c98de02244610d10b58b7ce2fc33c25f4e24f3b0487bd467,0,68.0253873411566,0.8565499627540705,726,1.4142135623730951,0.745839636913767,0.9636913767019667,,,,0.030795094936708862,205.0,0.8089675658317277,71.0,0.2676056338028169,0.49295774647887325,205.0,0.551219512195122,4.0,quality_gate_stage2,"graph fragmentation/isolation too high: edges=726, median_len=1.4, micro_ratio=0.746, short_ratio=0.964, isolation=0.679, noncycle_residuals=0, max_noncycle_residual_pixels=0"
EP3495300A1,A0001,/home/safe/Desktop/yassine/Vectorization/data/PatentData/ReorganisedData/EP3495300A1/EP3495300A1_A0001.tif,output/RELEASE_2026-09-28/EP3495300A1/cleaned/A0001_skeleton.png,output/RELEASE_2026-09-28/EP3495300A1/graphs/A0001_graph.json,output/RELEASE_2026-09-28/EP3495300A1/primitives/A0001_primitives.json,output/RELEASE_2026-09-28/EP3495300A1/vectors/A0001.svg,output/RELEASE_2026-09-28/EP3495300A1/vectors/A0001.dxf,orthogonal_text_table_or_flowchart,acceptance_review,review,2026-09-19.1,"[""geometry_skeleton_coverage_lost""]",5f939f0769855498e9713c34480550e6db4491dc77df92b0a7dced3579c90e46,0,31.50571446446702,0.911387279636205,388,9.82842712474619,0.27927927927927926,0.6156156156156156,600,0.8875025707460216,0.04896907216494845,0.04828913204747774,612.0,0.8042786845895343,53.0,1.0,0.0,612.0,0.7271241830065359,2.0,ok,
EP3495630A1,F0002,/home/safe/Desktop/yassine/Vectorization/data/PatentData/ReorganisedData/EP3495630A1/EP3495630A1_F0002.tif,output/RELEASE_2026-09-28/EP3495630A1/cleaned/F0002_skeleton.png,output/RELEASE_2026-09-28/EP3495630A1/graphs/F0002_graph.json,output/RELEASE_2026-09-28/EP3495630A1/primitives/F0002_primitives.json,output/RELEASE_2026-09-28/EP3495630A1/vectors/F0002.svg,output/RELEASE_2026-09-28/EP3495630A1/vectors/F0002.dxf,chart_or_axis_plot,acceptance_rejected,rejected,2026-09-19.1,"[""content_ink_routing_pending"", ""exports_validation_missing"", ""geometry_validation_missing"", ""hachures_validation_missing"", ""quality_gate_stage3"", ""references_validation_missing"", ""s4_flagged_missing""]",b67839bd82e8af1368608272ab759c905f73c5128c50f2a6316a580b404442e9,0,504.8665982503444,0.993210580375232,4574,7.414213562373095,0.3952478866803747,0.7411469042723327,6151,0.894476520071412,0.07170966331438566,0.06674448008501259,593.0,0.8211804595794866,65.0,0.9384615384615385,0.046153846153846156,593.0,0.6290050590219224,3.0,quality_gate_stage3,"primitive set not suitable for accurate CAD export: n=6151, budget_n=54008, mean_conf=0.894, low_conf_ratio=0.072, max_low_conf_ratio=None"
EP3495677A1,A0001,/home/safe/Desktop/yassine/Vectorization/data/PatentData/ReorganisedData/EP3495677A1/EP3495677A1_A0001.tif,output/RELEASE_2026-09-28/EP3495677A1/cleaned/A0001_skeleton.png,output/RELEASE_2026-09-28/EP3495677A1/graphs/A0001_graph.json,output/RELEASE_2026-09-28/EP3495677A1/primitives/A0001_primitives.json,output/RELEASE_2026-09-28/EP3495677A1/vectors/A0001.svg,output/RELEASE_2026-09-28/EP3495677A1/vectors/A0001.dxf,orthogonal_text_table_or_flowchart,acceptance_rejected,rejected,2026-09-19.1,"[""content_ink_routing_pending"", ""exports_validation_missing"", ""geometry_validation_missing"", ""hachures_validation_missing"", ""quality_gate_stage2"", ""references_validation_missing"", ""s2_flagged"", ""s3_flagged_missing"", ""s4_flagged_missing""]",cc3cd352bb00194078f736f958d9aaf9846fdeeb6d9b2baff39fcb7930039e79,0,39.2699002539739,0.7411227204379843,1211,10.828427124746192,0.28693424423569597,0.5849701110162254,,,,0.04793421427408854,231.0,0.7499535772077354,102.0,0.9607843137254902,0.00980392156862745,231.0,0.3333333333333333,11.0,quality_gate_stage2,"graph fragmentation/isolation too high: edges=1211, median_len=10.8, micro_ratio=0.287, short_ratio=0.585, isolation=0.348, noncycle_residuals=0, max_noncycle_residual_pixels=0"
EP3495690A1,F0004,/home/safe/Desktop/yassine/Vectorization/data/PatentData/ReorganisedData/EP3495690A1/EP3495690A1_F0004.tif,output/RELEASE_2026-09-28/EP3495690A1/cleaned/F0004_skeleton.png,output/RELEASE_2026-09-28/EP3495690A1/graphs/F0004_graph.json,output/RELEASE_2026-09-28/EP3495690A1/primitives/F0004_primitives.json,output/RELEASE_2026-09-28/EP3495690A1/vectors/F0004.svg,output/RELEASE_2026-09-28/EP3495690A1/vectors/F0004.dxf,long_engineering_lines,acceptance_rejected,rejected,2026-09-19.1,"[""content_ink_routing_pending"", ""exports_validation_missing"", ""geometry_validation_missing"", ""hachures_validation_missing"", ""quality_gate_stage2"", ""references_validation_missing"", ""s2_flagged"", ""s3_flagged_missing"", ""s4_flagged_missing""]",2048cdc25f8df50a8277483052a05d1b8a6973e679ebb9c84379a89a4bda02b3,0,99.81450863974169,0.8182358771060456,1402,9.071067811865476,0.13984962406015036,0.7609022556390977,,,,0.0319233471627409,459.0,0.7326739158915236,17.0,0.0,1.0,459.0,0.8474945533769063,2.0,quality_gate_stage2,"graph fragmentation/isolation too high: edges=1402, median_len=9.1, micro_ratio=0.140, short_ratio=0.761, isolation=0.441, noncycle_residuals=0, max_noncycle_residual_pixels=0"
EP3495697A1,A0001,/home/safe/Desktop/yassine/Vectorization/data/PatentData/ReorganisedData/EP3495697A1/EP3495697A1_A0001.tif,output/RELEASE_2026-09-28/EP3495697A1/cleaned/A0001_skeleton.png,output/RELEASE_2026-09-28/EP3495697A1/graphs/A0001_graph.json,output/RELEASE_2026-09-28/EP3495697A1/primitives/A0001_primitives.json,output/RELEASE_2026-09-28/EP3495697A1/vectors/A0001.svg,output/RELEASE_2026-09-28/EP3495697A1/vectors/A0001.dxf,long_engineering_lines,acceptance_rejected,rejected,2026-09-19.1,"[""geometry_skeleton_coverage_lost""]",40e5ad7464edae6cd857dbfd295c2153548fa22c08267c12574f42d8ec145a96,0,30.03016266785562,0.8532218863003141,729,14.656854249492381,0.21037037037037037,0.5051851851851852,815,0.8412982909381176,0.13168724279835392,0.05295346699726402,277.0,0.8089964175790908,45.0,0.26666666666666666,0.4888888888888889,277.0,0.6534296028880866,4.0,ok,
EP3495698A1,F0001,/home/safe/Desktop/yassine/Vectorization/data/PatentData/ReorganisedData/EP3495698A1/EP3495698A1_F0001.tif,output/RELEASE_2026-09-28/EP3495698A1/cleaned/F0001_skeleton.png,output/RELEASE_2026-09-28/EP3495698A1/graphs/F0001_graph.json,output/RELEASE_2026-09-28/EP3495698A1/primitives/F0001_primitives.json,output/RELEASE_2026-09-28/EP3495698A1/vectors/F0001.svg,output/RELEASE_2026-09-28/EP3495698A1/vectors/F0001.dxf,long_engineering_lines,acceptance_review,review,2026-09-19.1,"[""geometry_raster_coverage_incomplete"", ""geometry_sampling_budget""]",a419f129c703b2f4ac02f8047971167e8ff5e631a1437dab35a46ad08cd81816,0,730.4457298642956,0.8923888149134487,3480,3.82842712474619,0.5419959028387474,0.742756804214223,4001,0.8598502109232311,0.12241379310344827,0.06675502232142858,259.0,0.8064360075854329,61.0,0.22950819672131148,0.47540983606557374,259.0,0.6254826254826255,5.0,ok,
EP3495706A1,F0001,/home/safe/Desktop/yassine/Vectorization/data/PatentData/ReorganisedData/EP3495706A1/EP3495706A1_F0001.tif,output/RELEASE_2026-09-28/EP3495706A1/cleaned/F0001_skeleton.png,output/RELEASE_2026-09-28/EP3495706A1/graphs/F0001_graph.json,output/RELEASE_2026-09-28/EP3495706A1/primitives/F0001_primitives.json,output/RELEASE_2026-09-28/EP3495706A1/vectors/F0001.svg,output/RELEASE_2026-09-28/EP3495706A1/vectors/F0001.dxf,long_engineering_lines,acceptance_review,review,2026-09-19.1,"[""geometry_raster_coverage_incomplete"", ""geometry_sampling_budget""]",d300ec8bef4610bf4483cc2533817dab0b4b01689cc43033edc3168d22b46ed9,0,727.913449366577,0.9458425598455193,2615,1.4142135623730951,0.6785295267892061,0.865467344544388,3280,0.9347493301975963,0.022562141491395793,0.10048828125,86.0,0.930720956663537,132.0,0.7954545454545454,0.030303030303030304,86.0,0.09302325581395349,33.0,ok,
EP3495711A1,F0001,/home/safe/Desktop/yassine/Vectorization/data/PatentData/ReorganisedData/EP3495711A1/EP3495711A1_F0001.tif,output/RELEASE_2026-09-28/EP3495711A1/cleaned/F0001_skeleton.png,output/RELEASE_2026-09-28/EP3495711A1/graphs/F0001_graph.json,output/RELEASE_2026-09-28/EP3495711A1/primitives/F0001_primitives.json,output/RELEASE_2026-09-28/EP3495711A1/vectors/F0001.svg,output/RELEASE_2026-09-28/EP3495711A1/vectors/F0001.dxf,long_engineering_lines,acceptance_review,review,2026-09-19.1,"[""geometry_skeleton_coverage_lost""]",7c99038adf3fef9624f6680aadd32817f11aa8fe78344efad3700838139dcb8f,0,17.33571566781029,0.9013671318712617,4609,2.0,0.8018785495849716,0.8925294888597641,4611,0.9705786003903284,0.010631373399869819,0.029329616891399415,143.0,0.7860505751589575,26.0,0.9230769230769231,0.0,143.0,0.25874125874125875,11.0,ok,
EP3495725A1,A0001,/home/safe/Desktop/yassine/Vectorization/data/PatentData/ReorganisedData/EP3495725A1/EP3495725A1_A0001.tif,output/RELEASE_2026-09-28/EP3495725A1/cleaned/A0001_skeleton.png,output/RELEASE_2026-09-28/EP3495725A1/graphs/A0001_graph.json,output/RELEASE_2026-09-28/EP3495725A1/primitives/A0001_primitives.json,output/RELEASE_2026-09-28/EP3495725A1/vectors/A0001.svg,output/RELEASE_2026-09-28/EP3495725A1/vectors/A0001.dxf,long_engineering_lines,acceptance_rejected,rejected,2026-09-19.1,"[""content_ink_routing_pending"", ""exports_validation_missing"", ""geometry_validation_missing"", ""hachures_validation_missing"", ""quality_gate_stage2"", ""references_validation_missing"", ""s2_flagged"", ""s3_flagged_missing"", ""s4_flagged_missing""]",39c24aad4cee7fe33c5e1010fbae40eef8a1e235b9f1abc8345f23b24a159aee,0,5.585242160130292,0.8,143,4.82842712474619,0.5294117647058824,0.7647058823529411,,,,0.016088332572992702,800.0,0.35285777580859545,10.0,0.7,0.3,800.0,0.81,2.0,quality_gate_stage2,"graph fragmentation/isolation too high: edges=143, median_len=4.8, micro_ratio=0.529, short_ratio=0.765, isolation=0.354, noncycle_residuals=0, max_noncycle_residual_pixels=0"
EP3498357A1,F0001,/home/safe/Desktop/yassine/Vectorization/data/PatentData/ReorganisedData/EP3498357A1/EP3498357A1_F0001.tif,output/RELEASE_2026-09-28/EP3498357A1/cleaned/F0001_skeleton.png,output/RELEASE_2026-09-28/EP3498357A1/graphs/F0001_graph.json,output/RELEASE_2026-09-28/EP3498357A1/primitives/F0001_primitives.json,output/RELEASE_2026-09-28/EP3498357A1/vectors/F0001.svg,output/RELEASE_2026-09-28/EP3498357A1/vectors/F0001.dxf,long_engineering_lines,acceptance_rejected,rejected,2026-09-19.1,"[""content_ink_routing_pending"", ""exports_validation_missing"", ""geometry_validation_missing"", ""hachures_validation_missing"", ""quality_gate_stage1"", ""references_validation_missing"", ""s1_flagged"", ""s2_flagged_missing"", ""s3_flagged_missing"", ""s4_flagged_missing""]",a9774be1fb02ece5cbb64ec1466acdafc5f76f768cbc9533ba90ee705afd4b70,0,2.879243802279234,0.5571063385143582,,,,,,,,0.021269699622844827,710.0,0.4283593904611122,35.0,0.7142857142857143,0.17142857142857143,710.0,0.7859154929577464,2.0,quality_gate_stage1,skeleton quality 0.557 below threshold; not suitable for accurate vectorization
EP3498380A1,A0001,/home/safe/Desktop/yassine/Vectorization/data/PatentData/ReorganisedData/EP3498380A1/EP3498380A1_A0001.tif,output/RELEASE_2026-09-28/EP3498380A1/cleaned/A0001_skeleton.png,output/RELEASE_2026-09-28/EP3498380A1/graphs/A0001_graph.json,output/RELEASE_2026-09-28/EP3498380A1/primitives/A0001_primitives.json,output/RELEASE_2026-09-28/EP3498380A1/vectors/A0001.svg,output/RELEASE_2026-09-28/EP3498380A1/vectors/A0001.dxf,long_engineering_lines,acceptance_rejected,rejected,2026-09-19.1,"[""content_ink_routing_pending"", ""exports_validation_missing"", ""geometry_validation_missing"", ""hachures_validation_missing"", ""quality_gate_stage2"", ""references_validation_missing"", ""s2_flagged"", ""s3_flagged_missing"", ""s4_flagged_missing""]",18c134417fa97bdba92d813f917de95a41819cfccc248d2f73470a5ecb134cd8,0,31.628408080432564,0.8405745870557234,1037,8.242640687119284,0.11370262390670553,0.8328474246841594,,,,0.015446602249661705,476.0,0.5020959876807255,11.0,0.36363636363636365,0.6363636363636364,476.0,0.7310924369747899,3.0,quality_gate_stage2,"graph fragmentation/isolation too high: edges=1037, median_len=8.2, micro_ratio=0.114, short_ratio=0.833, isolation=0.467, noncycle_residuals=0, max_noncycle_residual_pixels=0"
EP3498391A1,F0002,/home/safe/Desktop/yassine/Vectorization/data/PatentData/ReorganisedData/EP3498391A1/EP3498391A1_F0002.tif,output/RELEASE_2026-09-28/EP3498391A1/cleaned/F0002_skeleton.png,output/RELEASE_2026-09-28/EP3498391A1/graphs/F0002_graph.json,output/RELEASE_2026-09-28/EP3498391A1/primitives/F0002_primitives.json,output/RELEASE_2026-09-28/EP3498391A1/vectors/F0002.svg,output/RELEASE_2026-09-28/EP3498391A1/vectors/F0002.dxf,long_engineering_lines,acceptance_rejected,rejected,2026-09-19.1,"[""content_ink_routing_pending"", ""exports_validation_missing"", ""geometry_validation_missing"", ""hachures_validation_missing"", ""quality_gate_stage2"", ""references_validation_missing"", ""s2_flagged"", ""s3_flagged_missing"", ""s4_flagged_missing""]",d591e6e6ff48e2fd48dd543b089d81153c4ab6b4c7c13e313ea8d9889c3c1821,0,79.37690056720749,0.957038177133871,676,2.0,0.6681887366818874,0.9832572298325722,,,,0.042482101797658864,80.0,0.8016452679326517,22.0,0.8636363636363636,0.045454545454545456,80.0,0.05,20.0,quality_gate_stage2,"graph fragmentation/isolation too high: edges=676, median_len=2.0, micro_ratio=0.668, short_ratio=0.983, isolation=0.520, noncycle_residuals=0, max_noncycle_residual_pixels=0"
EP3498395A1,F0005,/home/safe/Desktop/yassine/Vectorization/data/PatentData/ReorganisedData/EP3498395A1/EP3498395A1_F0005.tif,output/RELEASE_2026-09-28/EP3498395A1/cleaned/F0005_skeleton.png,output/RELEASE_2026-09-28/EP3498395A1/graphs/F0005_graph.json,output/RELEASE_2026-09-28/EP3498395A1/primitives/F0005_primitives.json,output/RELEASE_2026-09-28/EP3498395A1/vectors/F0005.svg,output/RELEASE_2026-09-28/EP3498395A1/vectors/F0005.dxf,long_engineering_lines,acceptance_review,review,2026-09-19.1,"[""geometry_skeleton_coverage_lost""]",88f39524019328e6c0d47245dc35e565109a87d4ffeaadcb52c25dd2bd69462e,0,53.10229791281745,0.9212189782817227,840,13.313708498984763,0.08904933814681107,0.5451263537906137,1099,0.885114137831493,0.03214285714285714,0.03581293845663265,113.0,0.8390884554383817,112.0,0.4017857142857143,0.35714285714285715,113.0,0.3185840707964602,32.0,ok,
EP3498438A1,F0002,/home/safe/Desktop/yassine/Vectorization/data/PatentData/ReorganisedData/EP3498438A1/EP3498438A1_F0002.tif,output/RELEASE_2026-09-28/EP3498438A1/cleaned/F0002_skeleton.png,output/RELEASE_2026-09-28/EP3498438A1/graphs/F0002_graph.json,output/RELEASE_2026-09-28/EP3498438A1/primitives/F0002_primitives.json,output/RELEASE_2026-09-28/EP3498438A1/vectors/F0002.svg,output/RELEASE_2026-09-28/EP3498438A1/vectors/F0002.dxf,long_engineering_lines,acceptance_review,review,2026-09-19.1,"[""geometry_raster_coverage_incomplete"", ""geometry_sampling_budget""]",25fd1170d4ee4f204d3f93b35b9daa7cb0d69d77e6b5801ad7e9e87719cc26b5,0,552.9922840693034,0.8861634630829363,6692,2.0,0.878975131876413,0.9599095704596835,6692,0.9712646397986101,0.015690376569037656,0.05538655013489208,74.0,0.9170736348068751,68.0,0.39705882352941174,0.45588235294117646,74.0,0.20270270270270271,12.0,ok,
EP3498477A1,F0001,/home/safe/Desktop/yassine/Vectorization/data/PatentData/ReorganisedData/EP3498477A1/EP3498477A1_F0001.tif,output/RELEASE_2026-09-28/EP3498477A1/cleaned/F0001_skeleton.png,output/RELEASE_2026-09-28/EP3498477A1/graphs/F0001_graph.json,output/RELEASE_2026-09-28/EP3498477A1/primitives/F0001_primitives.json,output/RELEASE_2026-09-28/EP3498477A1/vectors/F0001.svg,output/RELEASE_2026-09-28/EP3498477A1/vectors/F0001.dxf,long_engineering_lines,acceptance_rejected,rejected,2026-09-19.1,"[""geometry_skeleton_coverage_lost""]",7929d67a70b1be5bacaf4e1b3d991547561f9f15b905c032c73c832e48dff8aa,0,54.59119586320594,0.8708500547245531,864,12.899494936611667,0.07305389221556886,0.5724550898203593,1208,0.8844304913748907,0.013888888888888888,0.052763477855960264,90.0,0.9108904823190538,63.0,0.8571428571428571,0.14285714285714285,90.0,0.6333333333333333,4.0,ok,
EP3498500A1,A0001,/home/safe/Desktop/yassine/Vectorization/data/PatentData/ReorganisedData/EP3498500A1/EP3498500A1_A0001.tif,output/RELEASE_2026-09-28/EP3498500A1/cleaned/A0001_skeleton.png,output/RELEASE_2026-09-28/EP3498500A1/graphs/A0001_graph.json,output/RELEASE_2026-09-28/EP3498500A1/primitives/A0001_primitives.json,output/RELEASE_2026-09-28/EP3498500A1/vectors/A0001.svg,output/RELEASE_2026-09-28/EP3498500A1/vectors/A0001.dxf,long_engineering_lines,acceptance_rejected,rejected,2026-09-19.1,"[""content_ink_routing_pending"", ""exports_validation_missing"", ""geometry_validation_missing"", ""hachures_validation_missing"", ""quality_gate_stage1"", ""references_validation_missing"", ""s1_flagged"", ""s2_flagged_missing"", ""s3_flagged_missing"", ""s4_flagged_missing""]",0259665ca919e99f8de23f3853e9d36b5b00976bab951d88f863edd16c3adf1a,0,2.8404477736912668,0.6471595663935543,,,,,,,,0.014890569917743832,485.0,0.7341245376078915,20.0,0.05,0.8,485.0,0.843298969072165,1.0,quality_gate_stage1,skeleton quality 0.647 below threshold; not suitable for accurate vectorization
EP3498530A1,F0001,/home/safe/Desktop/yassine/Vectorization/data/PatentData/ReorganisedData/EP3498530A1/EP3498530A1_F0001.tif,output/RELEASE_2026-09-28/EP3498530A1/cleaned/F0001_skeleton.png,output/RELEASE_2026-09-28/EP3498530A1/graphs/F0001_graph.json,output/RELEASE_2026-09-28/EP3498530A1/primitives/F0001_primitives.json,output/RELEASE_2026-09-28/EP3498530A1/vectors/F0001.svg,output/RELEASE_2026-09-28/EP3498530A1/vectors/F0001.dxf,long_engineering_lines,acceptance_review,review,2026-09-19.1,"[""geometry_raster_coverage_incomplete"", ""geometry_sampling_budget""]",b892340ad2b05e3a6b6950dc891ccee91351331564779150943380b75e917bd5,0,567.7602946148254,0.9827055729244206,2454,7.414213562373095,0.4274159216687952,0.6947637292464879,2812,0.8912496413049877,0.06356968215158924,0.052623155381944446,661.0,0.6856281251610907,59.0,0.03389830508474576,0.7627118644067796,661.0,0.4795763993948563,8.0,ok,
EP3498553A1,F0001,/home/safe/Desktop/yassine/Vectorization/data/PatentData/ReorganisedData/EP3498553A1/EP3498553A1_F0001.tif,output/RELEASE_2026-09-28/EP3498553A1/cleaned/F0001_skeleton.png,output/RELEASE_2026-09-28/EP3498553A1/graphs/F0001_graph.json,output/RELEASE_2026-09-28/EP3498553A1/primitives/F0001_primitives.json,output/RELEASE_2026-09-28/EP3498553A1/vectors/F0001.svg,output/RELEASE_2026-09-28/EP3498553A1/vectors/F0001.dxf,long_engineering_lines,acceptance_rejected,rejected,2026-09-19.1,"[""content_ink_routing_pending"", ""exports_validation_missing"", ""geometry_validation_missing"", ""hachures_validation_missing"", ""quality_gate_stage2"", ""references_validation_missing"", ""s2_flagged"", ""s3_flagged_missing"", ""s4_flagged_missing""]",f9a2bea6c0e41f67983925cf3a00e93738f767ccb6994cd22bf7fd156bf21003,0,67.66473741596565,0.824601730357884,1815,9.65685424949238,0.1225407532321529,0.7566048341765037,,,,0.025542960679235536,669.0,0.38785102097239227,41.0,0.04878048780487805,0.8536585365853658,669.0,0.5007473841554559,7.0,quality_gate_stage2,"graph fragmentation/isolation too high: edges=1815, median_len=9.7, micro_ratio=0.123, short_ratio=0.757, isolation=0.461, noncycle_residuals=0, max_noncycle_residual_pixels=0"
EP3498565A1,F0001,/home/safe/Desktop/yassine/Vectorization/data/PatentData/ReorganisedData/EP3498565A1/EP3498565A1_F0001.tif,output/RELEASE_2026-09-28/EP3498565A1/cleaned/F0001_skeleton.png,output/RELEASE_2026-09-28/EP3498565A1/graphs/F0001_graph.json,output/RELEASE_2026-09-28/EP3498565A1/primitives/F0001_primitives.json,output/RELEASE_2026-09-28/EP3498565A1/vectors/F0001.svg,output/RELEASE_2026-09-28/EP3498565A1/vectors/F0001.dxf,long_engineering_lines,acceptance_review,review,2026-09-19.1,"[""geometry_skeleton_coverage_lost""]",65e136e36438b64ed3cb7e5d2bcca8b64778a26a14411b6127a2c0aeeff1a805,0,200.8811974581331,0.9227443793108273,1377,12.899494936611667,0.12221368178324366,0.5626441199077633,1988,0.8943028996189881,0.037037037037037035,0.04299617297191888,719.0,0.7376160442208206,77.0,0.5974025974025974,0.4025974025974026,719.0,0.8052851182197497,2.0,ok,
EP3498617A1,F0001,/home/safe/Desktop/yassine/Vectorization/data/PatentData/ReorganisedData/EP3498617A1/EP3498617A1_F0001.tif,output/RELEASE_2026-09-28/EP3498617A1/cleaned/F0001_skeleton.png,output/RELEASE_2026-09-28/EP3498617A1/graphs/F0001_graph.json,output/RELEASE_2026-09-28/EP3498617A1/primitives/F0001_primitives.json,output/RELEASE_2026-09-28/EP3498617A1/vectors/F0001.svg,output/RELEASE_2026-09-28/EP3498617A1/vectors/F0001.dxf,orthogonal_text_table_or_flowchart,acceptance_rejected,rejected,2026-09-19.1,"[""content_ink_routing_pending"", ""exports_validation_missing"", ""geometry_validation_missing"", ""hachures_validation_missing"", ""quality_gate_stage2"", ""references_validation_missing"", ""s2_flagged"", ""s3_flagged_missing"", ""s4_flagged_missing""]",5a73bd7b1e7277cb10e2abe2e715a11f827238ec2c2540bb51bf7917d2b59c44,0,236.41496347729117,0.8180654383236731,3677,9.0,0.0660093125171186,0.7663653793481238,,,,0.03804721174568965,324.0,0.863742974731159,51.0,1.0,0.0,324.0,0.7808641975308642,1.0,quality_gate_stage2,"graph fragmentation/isolation too high: edges=3677, median_len=9.0, micro_ratio=0.066, short_ratio=0.766, isolation=0.406, noncycle_residuals=0, max_noncycle_residual_pixels=0"
EP3498622A1,F0001,/home/safe/Desktop/yassine/Vectorization/data/PatentData/ReorganisedData/EP3498622A1/EP3498622A1_F0001.tif,output/RELEASE_2026-09-28/EP3498622A1/cleaned/F0001_skeleton.png,output/RELEASE_2026-09-28/EP3498622A1/graphs/F0001_graph.json,output/RELEASE_2026-09-28/EP3498622A1/primitives/F0001_primitives.json,output/RELEASE_2026-09-28/EP3498622A1/vectors/F0001.svg,output/RELEASE_2026-09-28/EP3498622A1/vectors/F0001.dxf,long_engineering_lines,acceptance_rejected,rejected,2026-09-19.1,"[""content_ink_routing_pending"", ""exports_validation_missing"", ""geometry_validation_missing"", ""hachures_validation_missing"", ""quality_gate_stage1"", ""references_validation_missing"", ""s1_flagged"", ""s2_flagged_missing"", ""s3_flagged_missing"", ""s4_flagged_missing""]",8cb8e6c0e568a355710b8529f68df479f768eff3e0f22d7d10af0c7abf6658e5,0,1.0749670243822038,0.6416881206325855,,,,,,,,0.01424024470899471,103.0,0.673621190130624,5.0,0.8,0.0,103.0,0.6019417475728155,5.0,quality_gate_stage1,skeleton quality 0.642 below threshold; not suitable for accurate vectorization
EP3498643A1,A0001,/home/safe/Desktop/yassine/Vectorization/data/PatentData/ReorganisedData/EP3498643A1/EP3498643A1_A0001.tif,output/RELEASE_2026-09-28/EP3498643A1/cleaned/A0001_skeleton.png,output/RELEASE_2026-09-28/EP3498643A1/graphs/A0001_graph.json,output/RELEASE_2026-09-28/EP3498643A1/primitives/A0001_primitives.json,output/RELEASE_2026-09-28/EP3498643A1/vectors/A0001.svg,output/RELEASE_2026-09-28/EP3498643A1/vectors/A0001.dxf,long_engineering_lines,acceptance_rejected,rejected,2026-09-19.1,"[""geometry_skeleton_coverage_lost""]",e6b95d21221a419aa1abad2cea707616de8a92fd3972d0849599646a8776d995,0,23.790037363767624,0.871463499825358,8845,1.4142135623730951,0.8871899422358138,0.9620568580813229,8845,0.9819865605186943,0.010853589598643302,0.03227285215978593,512.0,0.8434738351917828,49.0,0.7959183673469388,0.10204081632653061,512.0,0.89453125,2.0,ok,
EP3498652A1,F0001,/home/safe/Desktop/yassine/Vectorization/data/PatentData/ReorganisedData/EP3498652A1/EP3498652A1_F0001.tif,output/RELEASE_2026-09-28/EP3498652A1/cleaned/F0001_skeleton.png,output/RELEASE_2026-09-28/EP3498652A1/graphs/F0001_graph.json,output/RELEASE_2026-09-28/EP3498652A1/primitives/F0001_primitives.json,output/RELEASE_2026-09-28/EP3498652A1/vectors/F0001.svg,output/RELEASE_2026-09-28/EP3498652A1/vectors/F0001.dxf,long_engineering_lines,acceptance_rejected,rejected,2026-09-19.1,"[""content_ink_routing_pending"", ""exports_validation_missing"", ""geometry_validation_missing"", ""hachures_validation_missing"", ""quality_gate_stage1"", ""references_validation_missing"", ""s1_flagged"", ""s2_flagged_missing"", ""s3_flagged_missing"", ""s4_flagged_missing""]",463aaad614a40abeea34c786390885adbe093019faea808fada83b924b669e7e,0,1.9788915920071304,0.6163802624022617,,,,,,,,0.017706805618231045,314.0,0.6096565455450473,7.0,0.14285714285714285,0.8571428571428571,314.0,0.6942675159235668,2.0,quality_gate_stage1,skeleton quality 0.616 below threshold; not suitable for accurate vectorization
EP3498970A1,F0001,/home/safe/Desktop/yassine/Vectorization/data/PatentData/ReorganisedData/EP3498970A1/EP3498970A1_F0001.tif,output/RELEASE_2026-09-28/EP3498970A1/cleaned/F0001_skeleton.png,output/RELEASE_2026-09-28/EP3498970A1/graphs/F0001_graph.json,output/RELEASE_2026-09-28/EP3498970A1/primitives/F0001_primitives.json,output/RELEASE_2026-09-28/EP3498970A1/vectors/F0001.svg,output/RELEASE_2026-09-28/EP3498970A1/vectors/F0001.dxf,long_engineering_lines,acceptance_rejected,rejected,2026-09-19.1,"[""content_ink_routing_pending"", ""exports_validation_missing"", ""geometry_validation_missing"", ""hachures_validation_missing"", ""quality_gate_stage2"", ""references_validation_missing"", ""s2_flagged"", ""s3_flagged_missing"", ""s4_flagged_missing""]",4ecdc4a01503eb8667c6f1fe6c82e8abe8b4b47fd520018d4f5f080359d31370,0,189.85917469486594,0.7769694432817078,2371,2.414213562373095,0.5922122379118528,0.8930252460419341,,,,0.06111560105363985,78.0,0.8510162850495898,78.0,0.9230769230769231,0.038461538461538464,78.0,0.32051282051282054,29.0,quality_gate_stage2,"graph fragmentation/isolation too high: edges=2371, median_len=2.4, micro_ratio=0.592, short_ratio=0.893, isolation=0.764, noncycle_residuals=0, max_noncycle_residual_pixels=0"
EP3498984A1,A0001,/home/safe/Desktop/yassine/Vectorization/data/PatentData/ReorganisedData/EP3498984A1/EP3498984A1_A0001.tif,output/RELEASE_2026-09-28/EP3498984A1/cleaned/A0001_skeleton.png,output/RELEASE_2026-09-28/EP3498984A1/graphs/A0001_graph.json,output/RELEASE_2026-09-28/EP3498984A1/primitives/A0001_primitives.json,output/RELEASE_2026-09-28/EP3498984A1/vectors/A0001.svg,output/RELEASE_2026-09-28/EP3498984A1/vectors/A0001.dxf,long_engineering_lines,acceptance_rejected,rejected,2026-09-19.1,"[""content_ink_routing_pending"", ""exports_validation_missing"", ""geometry_validation_missing"", ""hachures_validation_missing"", ""quality_gate_stage2"", ""references_validation_missing"", ""s2_flagged"", ""s3_flagged_missing"", ""s4_flagged_missing""]",47b0da8f30fd424a52b7a976fbf06812b4f4cade9d15d1a80def3a9621507656,0,48.642448431346565,0.8856770607139756,1083,9.414213562373096,0.16966824644549763,0.7251184834123223,,,,0.04784778225806452,62.0,0.9660802696723901,71.0,0.2676056338028169,0.647887323943662,62.0,0.5161290322580645,6.0,quality_gate_stage2,"graph fragmentation/isolation too high: edges=1083, median_len=9.4, micro_ratio=0.170, short_ratio=0.725, isolation=0.440, noncycle_residuals=0, max_noncycle_residual_pixels=0"
EP3499001A1,F0001,/home/safe/Desktop/yassine/Vectorization/data/PatentData/ReorganisedData/EP3499001A1/EP3499001A1_F0001.tif,output/RELEASE_2026-09-28/EP3499001A1/cleaned/F0001_skeleton.png,output/RELEASE_2026-09-28/EP3499001A1/graphs/F0001_graph.json,output/RELEASE_2026-09-28/EP3499001A1/primitives/F0001_primitives.json,output/RELEASE_2026-09-28/EP3499001A1/vectors/F0001.svg,output/RELEASE_2026-09-28/EP3499001A1/vectors/F0001.dxf,long_engineering_lines,acceptance_rejected,rejected,2026-09-19.1,"[""content_ink_routing_pending"", ""exports_validation_missing"", ""geometry_validation_missing"", ""hachures_validation_missing"", ""quality_gate_stage2"", ""references_validation_missing"", ""s2_flagged"", ""s3_flagged_missing"", ""s4_flagged_missing""]",e2d0399eabdfa0129d2233a91104d9bd517cd6bbf726886f6eb0be8747f8f3f6,0,211.94637722196057,0.862093958545101,2350,8.242640687119286,0.3414106447425357,0.6841194288186933,,,,0.03279407429245283,53.0,0.9373712402142563,23.0,0.21739130434782608,0.17391304347826086,53.0,0.32075471698113206,9.0,quality_gate_stage2,"graph fragmentation/isolation too high: edges=2350, median_len=8.2, micro_ratio=0.341, short_ratio=0.684, isolation=0.460, noncycle_residuals=0, max_noncycle_residual_pixels=0"
EP3499004A1,A0001,/home/safe/Desktop/yassine/Vectorization/data/PatentData/ReorganisedData/EP3499004A1/EP3499004A1_A0001.tif,output/RELEASE_2026-09-28/EP3499004A1/cleaned/A0001_skeleton.png,output/RELEASE_2026-09-28/EP3499004A1/graphs/A0001_graph.json,output/RELEASE_2026-09-28/EP3499004A1/primitives/A0001_primitives.json,output/RELEASE_2026-09-28/EP3499004A1/vectors/A0001.svg,output/RELEASE_2026-09-28/EP3499004A1/vectors/A0001.dxf,long_engineering_lines,acceptance_rejected,rejected,2026-09-19.1,"[""content_ink_routing_pending"", ""exports_validation_missing"", ""geometry_validation_missing"", ""hachures_validation_missing"", ""quality_gate_stage2"", ""references_validation_missing"", ""s2_flagged"", ""s3_flagged_missing"", ""s4_flagged_missing""]",602c4bb90ad6c95c8d5315028fac2c960eeb4c5ab8022373b120e6e78bc8154d,0,45.38778025144711,0.8619889823137141,1215,12.15685424949238,0.1695205479452055,0.583904109589041,,,,0.03860294117647059,68.0,0.9377367424242424,24.0,0.3333333333333333,0.16666666666666666,68.0,0.35294117647058826,11.5,quality_gate_stage2,"graph fragmentation/isolation too high: edges=1215, median_len=12.2, micro_ratio=0.170, short_ratio=0.584, isolation=0.348, noncycle_residuals=0, max_noncycle_residual_pixels=0"
EP3499006A1,F0002,/home/safe/Desktop/yassine/Vectorization/data/PatentData/ReorganisedData/EP3499006A1/EP3499006A1_F0002.tif,output/RELEASE_2026-09-28/EP3499006A1/cleaned/F0002_skeleton.png,output/RELEASE_2026-09-28/EP3499006A1/graphs/F0002_graph.json,output/RELEASE_2026-09-28/EP3499006A1/primitives/F0002_primitives.json,output/RELEASE_2026-09-28/EP3499006A1/vectors/F0002.svg,output/RELEASE_2026-09-28/EP3499006A1/vectors/F0002.dxf,long_engineering_lines,acceptance_rejected,rejected,2026-09-19.1,"[""content_ink_routing_pending"", ""exports_validation_missing"", ""geometry_validation_missing"", ""hachures_validation_missing"", ""quality_gate_stage2"", ""references_validation_missing"", ""s2_flagged"", ""s3_flagged_missing"", ""s4_flagged_missing""]",12a9bbfdcc4f227f37dea7efa0f391c7f422a7238cb2a0baa52233ae8c793947,0,421.4017528598197,0.8323933001269656,3431,8.414213562373096,0.18365472910927455,0.7636975818794001,,,,0.05124228176847662,1178.0,0.5959354968524534,41.0,0.1951219512195122,0.4634146341463415,1178.0,0.6816638370118846,2.0,quality_gate_stage2,"graph fragmentation/isolation too high: edges=3431, median_len=8.4, micro_ratio=0.184, short_ratio=0.764, isolation=0.490, noncycle_residuals=0, max_noncycle_residual_pixels=0"
EP3499008A1,F0002,/home/safe/Desktop/yassine/Vectorization/data/PatentData/ReorganisedData/EP3499008A1/EP3499008A1_F0002.tif,output/RELEASE_2026-09-28/EP3499008A1/cleaned/F0002_skeleton.png,output/RELEASE_2026-09-28/EP3499008A1/graphs/F0002_graph.json,output/RELEASE_2026-09-28/EP3499008A1/primitives/F0002_primitives.json,output/RELEASE_2026-09-28/EP3499008A1/vectors/F0002.svg,output/RELEASE_2026-09-28/EP3499008A1/vectors/F0002.dxf,long_engineering_lines,acceptance_rejected,rejected,2026-09-19.1,"[""content_ink_routing_pending"", ""exports_validation_missing"", ""geometry_validation_missing"", ""hachures_validation_missing"", ""quality_gate_stage2"", ""references_validation_missing"", ""s2_flagged"", ""s3_flagged_missing"", ""s4_flagged_missing""]",f51f09231a0ae62633c04ea690927894786b9c77eb7b211c8acaae78662cfa69,0,693.7383798076771,0.8493653447177404,4740,6.82842712474619,0.40351267229879945,0.8223654957759003,,,,0.06477486620101597,979.0,0.5534889827356075,84.0,0.39285714285714285,0.5714285714285714,979.0,0.5607763023493361,6.0,quality_gate_stage2,"graph fragmentation/isolation too high: edges=4740, median_len=6.8, micro_ratio=0.404, short_ratio=0.822, isolation=0.321, noncycle_residuals=0, max_noncycle_residual_pixels=0"
EP3499033A1,A0001,/home/safe/Desktop/yassine/Vectorization/data/PatentData/ReorganisedData/EP3499033A1/EP3499033A1_A0001.tif,output/RELEASE_2026-09-28/EP3499033A1/cleaned/A0001_skeleton.png,output/RELEASE_2026-09-28/EP3499033A1/graphs/A0001_graph.json,output/RELEASE_2026-09-28/EP3499033A1/primitives/A0001_primitives.json,output/RELEASE_2026-09-28/EP3499033A1/vectors/A0001.svg,output/RELEASE_2026-09-28/EP3499033A1/vectors/A0001.dxf,long_engineering_lines,acceptance_review,review,2026-09-19.1,"[""geometry_raster_coverage_incomplete"", ""geometry_sampling_budget""]",0c9b31d9e0f7d61808db884f3400cebdf6a24fcef4b18c2de94e6a88b5f1ccfa,0,565.4024161072448,0.8874741651632347,530,2.414213562373095,0.6791569086651054,0.8946135831381733,782,0.9366497540885891,0.016981132075471698,0.08999438996010638,1146.0,0.7506493506493507,176.0,0.17613636363636365,0.7727272727272727,1146.0,0.5610820244328097,6.5,ok,
EP3499036A1,F0002,/home/safe/Desktop/yassine/Vectorization/data/PatentData/ReorganisedData/EP3499036A1/EP3499036A1_F0002.tif,output/RELEASE_2026-09-28/EP3499036A1/cleaned/F0002_skeleton.png,output/RELEASE_2026-09-28/EP3499036A1/graphs/F0002_graph.json,output/RELEASE_2026-09-28/EP3499036A1/primitives/F0002_primitives.json,output/RELEASE_2026-09-28/EP3499036A1/vectors/F0002.svg,output/RELEASE_2026-09-28/EP3499036A1/vectors/F0002.dxf,long_engineering_lines,acceptance_review,review,2026-09-19.1,"[""geometry_hatch_pattern_unverified"", ""geometry_raster_coverage_incomplete"", ""geometry_sampling_budget""]",df7bf9d35d6f129af924988c74645e2fad900e7f89236717631d1472ebdfc5fa,0,1051.2460768460296,0.9992558257365544,5582,2.0,0.6356746765249538,0.7672828096118299,6067,0.8880404559410577,0.09978502328914368,0.12069169943432671,167.0,0.962302739102089,127.0,0.15748031496062992,0.7086614173228346,167.0,0.46107784431137727,8.0,ok,
EP3499038A1,F0001,/home/safe/Desktop/yassine/Vectorization/data/PatentData/ReorganisedData/EP3499038A1/EP3499038A1_F0001.tif,output/RELEASE_2026-09-28/EP3499038A1/cleaned/F0001_skeleton.png,output/RELEASE_2026-09-28/EP3499038A1/graphs/F0001_graph.json,output/RELEASE_2026-09-28/EP3499038A1/primitives/F0001_primitives.json,output/RELEASE_2026-09-28/EP3499038A1/vectors/F0001.svg,output/RELEASE_2026-09-28/EP3499038A1/vectors/F0001.dxf,long_engineering_lines,acceptance_rejected,rejected,2026-09-19.1,"[""geometry_skeleton_coverage_lost""]",fa99c7a3130dd0b2e56c9613846252f488863319410c6348a52277689c7bd32f,0,170.09436582308263,0.8770971375964531,1127,8.65685424949238,0.08812949640287769,0.7949640287769785,1960,0.9164969530999193,0.03637976929902396,0.036671045796035806,419.0,0.7577047505533798,38.0,0.5263157894736842,0.42105263157894735,419.0,0.568019093078759,5.0,ok,
EP3499043A1,F0001,/home/safe/Desktop/yassine/Vectorization/data/PatentData/ReorganisedData/EP3499043A1/EP3499043A1_F0001.tif,output/RELEASE_2026-09-28/EP3499043A1/cleaned/F0001_skeleton.png,output/RELEASE_2026-09-28/EP3499043A1/graphs/F0001_graph.json,output/RELEASE_2026-09-28/EP3499043A1/primitives/F0001_primitives.json,output/RELEASE_2026-09-28/EP3499043A1/vectors/F0001.svg,output/RELEASE_2026-09-28/EP3499043A1/vectors/F0001.dxf,long_engineering_lines,acceptance_rejected,rejected,2026-09-19.1,"[""content_ink_routing_pending"", ""exports_validation_missing"", ""geometry_validation_missing"", ""hachures_validation_missing"", ""quality_gate_stage3"", ""references_validation_missing"", ""s4_flagged_missing""]",e27d9ebf80e1ee812503ce13983ac8b6c2d49e3736d6829e6455fc1babc7be8e,0,570.0522171217017,0.9913700661354623,6600,9.65685424949238,0.26637988087359366,0.6580079417604235,8021,0.881539807678011,0.054696969696969695,0.08265500812861272,329.0,0.8653406180638552,67.0,0.1791044776119403,0.7910447761194029,329.0,0.5045592705167173,7.0,quality_gate_stage3,"primitive set not suitable for accurate CAD export: n=8021, budget_n=50648, mean_conf=0.882, low_conf_ratio=0.055, max_low_conf_ratio=None"
EP3499055A1,A0001,/home/safe/Desktop/yassine/Vectorization/data/PatentData/ReorganisedData/EP3499055A1/EP3499055A1_A0001.tif,output/RELEASE_2026-09-28/EP3499055A1/cleaned/A0001_skeleton.png,output/RELEASE_2026-09-28/EP3499055A1/graphs/A0001_graph.json,output/RELEASE_2026-09-28/EP3499055A1/primitives/A0001_primitives.json,output/RELEASE_2026-09-28/EP3499055A1/vectors/A0001.svg,output/RELEASE_2026-09-28/EP3499055A1/vectors/A0001.dxf,long_engineering_lines,acceptance_rejected,rejected,2026-09-19.1,"[""content_ink_routing_pending"", ""exports_validation_missing"", ""geometry_validation_missing"", ""hachures_validation_missing"", ""quality_gate_stage2"", ""references_validation_missing"", ""s2_flagged"", ""s3_flagged_missing"", ""s4_flagged_missing""]",43379831262c80ab733e8d73f80a83381aa91abfa3f00c0278b791d272b36287,0,100.46671094791964,0.9595248438366014,776,7.82842712474619,0.2810810810810811,0.7783783783783784,,,,0.07974587639109698,354.0,0.7998403551125302,155.0,0.7741935483870968,0.15483870967741936,354.0,0.519774011299435,7.0,quality_gate_stage2,"graph fragmentation/isolation too high: edges=776, median_len=7.8, micro_ratio=0.281, short_ratio=0.778, isolation=0.318, noncycle_residuals=0, max_noncycle_residual_pixels=0"
EP3499062A1,F0001,/home/safe/Desktop/yassine/Vectorization/data/PatentData/ReorganisedData/EP3499062A1/EP3499062A1_F0001.tif,output/RELEASE_2026-09-28/EP3499062A1/cleaned/F0001_skeleton.png,output/RELEASE_2026-09-28/EP3499062A1/graphs/F0001_graph.json,output/RELEASE_2026-09-28/EP3499062A1/primitives/F0001_primitives.json,output/RELEASE_2026-09-28/EP3499062A1/vectors/F0001.svg,output/RELEASE_2026-09-28/EP3499062A1/vectors/F0001.dxf,orthogonal_text_table_or_flowchart,acceptance_rejected,rejected,2026-09-19.1,"[""content_ink_routing_pending"", ""exports_validation_missing"", ""geometry_validation_missing"", ""hachures_validation_missing"", ""quality_gate_stage1"", ""references_validation_missing"", ""s1_flagged"", ""s2_flagged_missing"", ""s3_flagged_missing"", ""s4_flagged_missing""]",c33ad1685918930e99a4c620aa79804d0213c349e23cee047f79513f7d58fa87,0,4.643449004739523,0.6998457757817134,,,,,,,,0.04974217638691323,542.0,0.8223581322609472,44.0,0.9772727272727273,0.0,542.0,0.7804428044280443,1.0,quality_gate_stage1,skeleton quality 0.700 below threshold; not suitable for accurate vectorization
EP3499068A1,F0002,/home/safe/Desktop/yassine/Vectorization/data/PatentData/ReorganisedData/EP3499068A1/EP3499068A1_F0002.tif,output/RELEASE_2026-09-28/EP3499068A1/cleaned/F0002_skeleton.png,output/RELEASE_2026-09-28/EP3499068A1/graphs/F0002_graph.json,output/RELEASE_2026-09-28/EP3499068A1/primitives/F0002_primitives.json,output/RELEASE_2026-09-28/EP3499068A1/vectors/F0002.svg,output/RELEASE_2026-09-28/EP3499068A1/vectors/F0002.dxf,long_engineering_lines,acceptance_review,review,2026-09-19.1,"[""geometry_skeleton_coverage_lost""]",aa55ffc7ca81949d9d01e4766dd6d2d29f8a5b23d4249871eebb2daef3062f04,0,260.4847331661731,0.9039929189614477,2780,10.242640687119284,0.12129593046226787,0.699723429474516,3740,0.9064492183134856,0.016546762589928057,0.038153456998313656,600.0,0.7263035220994475,48.0,0.0,1.0,600.0,0.645,4.0,ok,
EP3499096A1,F0003,/home/safe/Desktop/yassine/Vectorization/data/PatentData/ReorganisedData/EP3499096A1/EP3499096A1_F0003.tif,output/RELEASE_2026-09-28/EP3499096A1/cleaned/F0003_skeleton.png,output/RELEASE_2026-09-28/EP3499096A1/graphs/F0003_graph.json,output/RELEASE_2026-09-28/EP3499096A1/primitives/F0003_primitives.json,output/RELEASE_2026-09-28/EP3499096A1/vectors/F0003.svg,output/RELEASE_2026-09-28/EP3499096A1/vectors/F0003.dxf,long_engineering_lines,acceptance_rejected,rejected,2026-09-19.1,"[""content_ink_routing_pending"", ""exports_validation_missing"", ""geometry_validation_missing"", ""hachures_validation_missing"", ""quality_gate_stage2"", ""references_validation_missing"", ""s2_flagged"", ""s3_flagged_missing"", ""s4_flagged_missing""]",79da5115ad37ebdeb21de6039808e48fad0eb902bf9b6952ce016ed01ecb5fb4,0,72.64092938229442,0.8895569014042999,1292,8.82842712474619,0.24649629018961253,0.7328936521022259,,,,0.040851962863573406,99.0,0.8337913452306063,61.0,0.5737704918032787,0.2786885245901639,99.0,0.24242424242424243,21.0,quality_gate_stage2,"graph fragmentation/isolation too high: edges=1292, median_len=8.8, micro_ratio=0.246, short_ratio=0.733, isolation=0.406, noncycle_residuals=0, max_noncycle_residual_pixels=0"
EP3499113A1,F0002,/home/safe/Desktop/yassine/Vectorization/data/PatentData/ReorganisedData/EP3499113A1/EP3499113A1_F0002.tif,output/RELEASE_2026-09-28/EP3499113A1/cleaned/F0002_skeleton.png,output/RELEASE_2026-09-28/EP3499113A1/graphs/F0002_graph.json,output/RELEASE_2026-09-28/EP3499113A1/primitives/F0002_primitives.json,output/RELEASE_2026-09-28/EP3499113A1/vectors/F0002.svg,output/RELEASE_2026-09-28/EP3499113A1/vectors/F0002.dxf,long_engineering_lines,acceptance_rejected,rejected,2026-09-19.1,"[""content_ink_routing_pending"", ""exports_validation_missing"", ""geometry_validation_missing"", ""hachures_validation_missing"", ""quality_gate_stage1"", ""references_validation_missing"", ""s1_flagged"", ""s2_flagged_missing"", ""s3_flagged_missing"", ""s4_flagged_missing""]",990f9f8ba06b3768c19ca355c8fc1a40e0affe6cd11602e54f52e4e9bff5325b,0,1.9786768550984561,0.3889510874552629,,,,,,,,0.010506987235915493,114.0,0.6542741196491687,13.0,0.8461538461538461,0.15384615384615385,114.0,0.43859649122807015,14.0,quality_gate_stage1,skeleton quality 0.389 below threshold; not suitable for accurate vectorization
EP3499127A1,F0001,/home/safe/Desktop/yassine/Vectorization/data/PatentData/ReorganisedData/EP3499127A1/EP3499127A1_F0001.tif,output/RELEASE_2026-09-28/EP3499127A1/cleaned/F0001_skeleton.png,output/RELEASE_2026-09-28/EP3499127A1/graphs/F0001_graph.json,output/RELEASE_2026-09-28/EP3499127A1/primitives/F0001_primitives.json,output/RELEASE_2026-09-28/EP3499127A1/vectors/F0001.svg,output/RELEASE_2026-09-28/EP3499127A1/vectors/F0001.dxf,chart_or_axis_plot,acceptance_review,review,2026-09-19.1,"[""geometry_raster_coverage_incomplete"", ""geometry_sampling_budget""]",035484911ee437582b71e48ab76e04104b8f320ff3ee4f8b6195328659d368ff,0,930.8892552237958,0.9004591487234554,1559,2.414213562373095,0.6068601583113457,0.7453825857519789,1701,0.9046106736566141,0.06093649775497113,0.09841949094401756,758.0,0.8642334335380996,174.0,0.9655172413793104,0.034482758620689655,758.0,0.5844327176781002,5.0,ok,
EP3499165A1,F0002,/home/safe/Desktop/yassine/Vectorization/data/PatentData/ReorganisedData/EP3499165A1/EP3499165A1_F0002.tif,output/RELEASE_2026-09-28/EP3499165A1/cleaned/F0002_skeleton.png,output/RELEASE_2026-09-28/EP3499165A1/graphs/F0002_graph.json,output/RELEASE_2026-09-28/EP3499165A1/primitives/F0002_primitives.json,output/RELEASE_2026-09-28/EP3499165A1/vectors/F0002.svg,output/RELEASE_2026-09-28/EP3499165A1/vectors/F0002.dxf,orthogonal_text_table_or_flowchart,acceptance_rejected,rejected,2026-09-19.1,"[""content_ink_routing_pending"", ""exports_validation_missing"", ""geometry_validation_missing"", ""hachures_validation_missing"", ""quality_gate_stage2"", ""references_validation_missing"", ""s2_flagged"", ""s3_flagged_missing"", ""s4_flagged_missing""]",e4d87f474a1bcb0cd132b3b14dab64b737881a13f149ac9027a2c0d7ba471cb1,0,52.07886676490307,0.7588210315009265,649,7.65685424949238,0.20469798657718122,0.8355704697986577,,,,0.034500925164473686,586.0,0.878895096213532,20.0,1.0,0.0,586.0,0.9573378839590444,1.0,quality_gate_stage2,"graph fragmentation/isolation too high: edges=649, median_len=7.7, micro_ratio=0.205, short_ratio=0.836, isolation=0.643, noncycle_residuals=0, max_noncycle_residual_pixels=0"
EP3499169A1,F0003,/home/safe/Desktop/yassine/Vectorization/data/PatentData/ReorganisedData/EP3499169A1/EP3499169A1_F0003.tif,output/RELEASE_2026-09-28/EP3499169A1/cleaned/F0003_skeleton.png,output/RELEASE_2026-09-28/EP3499169A1/graphs/F0003_graph.json,output/RELEASE_2026-09-28/EP3499169A1/primitives/F0003_primitives.json,output/RELEASE_2026-09-28/EP3499169A1/vectors/F0003.svg,output/RELEASE_2026-09-28/EP3499169A1/vectors/F0003.dxf,orthogonal_text_table_or_flowchart,acceptance_review,review,2026-09-19.1,"[""geometry_raster_coverage_incomplete"", ""geometry_sampling_budget""]",80fa1a8d8cb55e2474cff79c86d3bbc0e627e2afacd17f473de2af02c745d627,0,470.5412947461009,0.9611468070793997,1475,3.414213562373095,0.5888972243060765,0.8192048012003,1643,0.9076476258814077,0.04338983050847458,0.07298571654040405,215.0,0.7533064313710347,65.0,0.9846153846153847,0.015384615384615385,215.0,0.03255813953488372,23.0,ok,
EP3499174A1,F0003,/home/safe/Desktop/yassine/Vectorization/data/PatentData/ReorganisedData/EP3499174A1/EP3499174A1_F0003.tif,output/RELEASE_2026-09-28/EP3499174A1/cleaned/F0003_skeleton.png,output/RELEASE_2026-09-28/EP3499174A1/graphs/F0003_graph.json,output/RELEASE_2026-09-28/EP3499174A1/primitives/F0003_primitives.json,output/RELEASE_2026-09-28/EP3499174A1/vectors/F0003.svg,output/RELEASE_2026-09-28/EP3499174A1/vectors/F0003.dxf,long_engineering_lines,acceptance_review,review,2026-09-19.1,"[""geometry_raster_coverage_incomplete"", ""geometry_sampling_budget""]",a3d9eddaeb705371f7d9f874d98c81774b1ed2e968596d299c5a08bc90f20178,0,1116.708428957034,0.8323205297887581,88,2.0,0.6941176470588235,0.7764705882352941,209,0.8844360401290327,0.11363636363636363,0.1018207256610577,568.0,0.7517637294231567,228.0,0.08771929824561403,0.8991228070175439,568.0,0.18485915492957747,26.0,ok,
EP3501623A1,F0003,/home/safe/Desktop/yassine/Vectorization/data/PatentData/ReorganisedData/EP3501623A1/EP3501623A1_F0003.tif,output/RELEASE_2026-09-28/EP3501623A1/cleaned/F0003_skeleton.png,output/RELEASE_2026-09-28/EP3501623A1/graphs/F0003_graph.json,output/RELEASE_2026-09-28/EP3501623A1/primitives/F0003_primitives.json,output/RELEASE_2026-09-28/EP3501623A1/vectors/F0003.svg,output/RELEASE_2026-09-28/EP3501623A1/vectors/F0003.dxf,long_engineering_lines,acceptance_rejected,rejected,2026-09-19.1,"[""content_ink_routing_pending"", ""exports_validation_missing"", ""geometry_validation_missing"", ""hachures_validation_missing"", ""quality_gate_stage2"", ""references_validation_missing"", ""s2_flagged"", ""s3_flagged_missing"", ""s4_flagged_missing""]",9f162920af413db1d5656907a6f7a22fea653e8b4854b41ecf18d2e45bff01c1,0,59.275874202139676,0.8655873775517835,840,7.914213562373095,0.27638190954773867,0.7487437185929648,,,,0.03260409954896907,126.0,0.7324893211877928,58.0,0.7241379310344828,0.25862068965517243,126.0,0.30158730158730157,22.5,quality_gate_stage2,"graph fragmentation/isolation too high: edges=840, median_len=7.9, micro_ratio=0.276, short_ratio=0.749, isolation=0.447, noncycle_residuals=0, max_noncycle_residual_pixels=0"
EP3501697A1,F0001,/home/safe/Desktop/yassine/Vectorization/data/PatentData/ReorganisedData/EP3501697A1/EP3501697A1_F0001.tif,output/RELEASE_2026-09-28/EP3501697A1/cleaned/F0001_skeleton.png,output/RELEASE_2026-09-28/EP3501697A1/graphs/F0001_graph.json,output/RELEASE_2026-09-28/EP3501697A1/primitives/F0001_primitives.json,output/RELEASE_2026-09-28/EP3501697A1/vectors/F0001.svg,output/RELEASE_2026-09-28/EP3501697A1/vectors/F0001.dxf,orthogonal_text_table_or_flowchart,acceptance_rejected,rejected,2026-09-19.1,"[""content_ink_routing_pending"", ""exports_validation_missing"", ""geometry_validation_missing"", ""hachures_validation_missing"", ""quality_gate_stage2"", ""references_validation_missing"", ""s2_flagged"", ""s3_flagged_missing"", ""s4_flagged_missing""]",10aefcf2d8fa2cc95affbc1a2beeeae6a8dfb616954bcc4168f182a599780929,0,1034.0117075107992,0.7277862988120302,3435,14.142135623730953,0.06649091974223785,0.525776215582894,,,,0.06559244791666667,352.0,0.8575761156406317,93.0,1.0,0.0,352.0,0.7954545454545454,1.0,quality_gate_stage2,"graph fragmentation/isolation too high: edges=3435, median_len=14.1, micro_ratio=0.066, short_ratio=0.526, isolation=0.511, noncycle_residuals=0, max_noncycle_residual_pixels=0"
EP3501715A1,F0002,/home/safe/Desktop/yassine/Vectorization/data/PatentData/ReorganisedData/EP3501715A1/EP3501715A1_F0002.tif,output/RELEASE_2026-09-28/EP3501715A1/cleaned/F0002_skeleton.png,output/RELEASE_2026-09-28/EP3501715A1/graphs/F0002_graph.json,output/RELEASE_2026-09-28/EP3501715A1/primitives/F0002_primitives.json,output/RELEASE_2026-09-28/EP3501715A1/vectors/F0002.svg,output/RELEASE_2026-09-28/EP3501715A1/vectors/F0002.dxf,long_engineering_lines,acceptance_rejected,rejected,2026-09-19.1,"[""content_ink_routing_pending"", ""exports_validation_missing"", ""geometry_validation_missing"", ""hachures_validation_missing"", ""quality_gate_stage2"", ""references_validation_missing"", ""s2_flagged"", ""s3_flagged_missing"", ""s4_flagged_missing""]",9f5985610db7cc3974e6a0cffd68c26ade6b5268ef37b6b5e2db067fbcc31ffb,0,116.39685702137649,0.7696365344316786,1033,7.0710678118654755,0.4104938271604938,0.727366255144033,,,,0.02661772881554307,320.0,0.7040879422878736,25.0,0.8,0.2,320.0,0.778125,3.0,quality_gate_stage2,"graph fragmentation/isolation too high: edges=1033, median_len=7.1, micro_ratio=0.410, short_ratio=0.727, isolation=0.653, noncycle_residuals=0, max_noncycle_residual_pixels=0"
EP3501722A1,F0001,/home/safe/Desktop/yassine/Vectorization/data/PatentData/ReorganisedData/EP3501722A1/EP3501722A1_F0001.tif,output/RELEASE_2026-09-28/EP3501722A1/cleaned/F0001_skeleton.png,output/RELEASE_2026-09-28/EP3501722A1/graphs/F0001_graph.json,output/RELEASE_2026-09-28/EP3501722A1/primitives/F0001_primitives.json,output/RELEASE_2026-09-28/EP3501722A1/vectors/F0001.svg,output/RELEASE_2026-09-28/EP3501722A1/vectors/F0001.dxf,long_engineering_lines,acceptance_rejected,rejected,2026-09-19.1,"[""content_ink_routing_pending"", ""exports_validation_missing"", ""geometry_validation_missing"", ""hachures_validation_missing"", ""quality_gate_stage2"", ""references_validation_missing"", ""s2_flagged"", ""s3_flagged_missing"", ""s4_flagged_missing""]",b98963363b92ae32c1e905339962660095ccf1eb17de98420536fbce13cf3994,0,983.0592229310423,0.8569566350916833,1536,2.0,0.7435558493060146,0.9689358889623265,,,,0.038234927617891816,115.0,0.8025789082149563,56.0,0.7857142857142857,0.125,115.0,0.3652173913043478,9.0,quality_gate_stage2,"graph fragmentation/isolation too high: edges=1536, median_len=2.0, micro_ratio=0.744, short_ratio=0.969, isolation=0.717, noncycle_residuals=0, max_noncycle_residual_pixels=0"
EP3501723A1,F0001,/home/safe/Desktop/yassine/Vectorization/data/PatentData/ReorganisedData/EP3501723A1/EP3501723A1_F0001.tif,output/RELEASE_2026-09-28/EP3501723A1/cleaned/F0001_skeleton.png,output/RELEASE_2026-09-28/EP3501723A1/graphs/F0001_graph.json,output/RELEASE_2026-09-28/EP3501723A1/primitives/F0001_primitives.json,output/RELEASE_2026-09-28/EP3501723A1/vectors/F0001.svg,output/RELEASE_2026-09-28/EP3501723A1/vectors/F0001.dxf,orthogonal_text_table_or_flowchart,acceptance_rejected,rejected,2026-09-19.1,"[""content_ink_routing_pending"", ""exports_validation_missing"", ""geometry_validation_missing"", ""hachures_validation_missing"", ""quality_gate_stage2"", ""references_validation_missing"", ""s2_flagged"", ""s3_flagged_missing"", ""s4_flagged_missing""]",60b06e8b0ec40dcd03b8b19b9e198a7c722f1103659d4a8da9cd76ae91ebc00c,0,506.9205047702417,0.9326299265104261,1584,4.414213562373095,0.524390243902439,0.8703465982028241,,,,0.04307741581259151,74.0,0.8992299522039299,75.0,1.0,0.0,74.0,0.16216216216216217,22.0,quality_gate_stage2,"graph fragmentation/isolation too high: edges=1584, median_len=4.4, micro_ratio=0.524, short_ratio=0.870, isolation=0.608, noncycle_residuals=0, max_noncycle_residual_pixels=0"
EP3501745A1,F0001,/home/safe/Desktop/yassine/Vectorization/data/PatentData/ReorganisedData/EP3501745A1/EP3501745A1_F0001.tif,output/RELEASE_2026-09-28/EP3501745A1/cleaned/F0001_skeleton.png,output/RELEASE_2026-09-28/EP3501745A1/graphs/F0001_graph.json,output/RELEASE_2026-09-28/EP3501745A1/primitives/F0001_primitives.json,output/RELEASE_2026-09-28/EP3501745A1/vectors/F0001.svg,output/RELEASE_2026-09-28/EP3501745A1/vectors/F0001.dxf,orthogonal_text_table_or_flowchart,acceptance_review,review,2026-09-19.1,"[""geometry_raster_coverage_incomplete"", ""geometry_sampling_budget""]",7bafd83ca117a9c8a8e0d51044b9f8c32286850458c1487ddb4ac57bf4fc3608,0,794.0614881883375,0.962232567871528,2491,4.242640687119286,0.5362956445226573,0.8029036515618125,2757,0.8960524767951085,0.04737053392211963,0.056228122891363023,320.0,0.866658853861479,102.0,0.9705882352941176,0.00980392156862745,320.0,0.66875,6.0,ok,
EP3501761A1,F0001,/home/safe/Desktop/yassine/Vectorization/data/PatentData/ReorganisedData/EP3501761A1/EP3501761A1_F0001.tif,output/RELEASE_2026-09-28/EP3501761A1/cleaned/F0001_skeleton.png,output/RELEASE_2026-09-28/EP3501761A1/graphs/F0001_graph.json,output/RELEASE_2026-09-28/EP3501761A1/primitives/F0001_primitives.json,output/RELEASE_2026-09-28/EP3501761A1/vectors/F0001.svg,output/RELEASE_2026-09-28/EP3501761A1/vectors/F0001.dxf,long_engineering_lines,acceptance_rejected,rejected,2026-09-19.1,"[""content_ink_routing_pending"", ""exports_validation_missing"", ""geometry_validation_missing"", ""hachures_validation_missing"", ""quality_gate_stage2"", ""references_validation_missing"", ""s2_flagged"", ""s3_flagged_missing"", ""s4_flagged_missing""]",c01572bda6203979e7571d5d40d2e43641499696e03822e15fe8125eb0d44de8,0,34.14112799009308,0.8677614716356296,152,13.071067811865476,0.2517985611510791,0.5323741007194245,,,,0.06464450062989921,383.0,0.9586554564985705,125.0,0.144,0.744,383.0,0.8981723237597912,2.0,quality_gate_stage2,"graph fragmentation/isolation too high: edges=152, median_len=13.1, micro_ratio=0.252, short_ratio=0.532, isolation=0.374, noncycle_residuals=0, max_noncycle_residual_pixels=0"
EP3501778A1,A0001,/home/safe/Desktop/yassine/Vectorization/data/PatentData/ReorganisedData/EP3501778A1/EP3501778A1_A0001.tif,output/RELEASE_2026-09-28/EP3501778A1/cleaned/A0001_skeleton.png,output/RELEASE_2026-09-28/EP3501778A1/graphs/A0001_graph.json,output/RELEASE_2026-09-28/EP3501778A1/primitives/A0001_primitives.json,output/RELEASE_2026-09-28/EP3501778A1/vectors/A0001.svg,output/RELEASE_2026-09-28/EP3501778A1/vectors/A0001.dxf,long_engineering_lines,acceptance_rejected,rejected,2026-09-19.1,"[""content_ink_routing_pending"", ""exports_validation_missing"", ""geometry_validation_missing"", ""hachures_validation_missing"", ""quality_gate_stage2"", ""references_validation_missing"", ""s2_flagged"", ""s3_flagged_missing"", ""s4_flagged_missing""]",6f4fbe336b0ba0ab5c6af5650a7213b0a46065ed489f7ec67e39a5e547e11637,0,10.8858631295152,0.9307056879867831,293,8.414213562373096,0.2427536231884058,0.717391304347826,,,,0.04878044128417969,184.0,0.9838514173998045,43.0,0.46511627906976744,0.46511627906976744,184.0,0.8315217391304348,1.0,quality_gate_stage2,"graph fragmentation/isolation too high: edges=293, median_len=8.4, micro_ratio=0.243, short_ratio=0.717, isolation=0.330, noncycle_residuals=0, max_noncycle_residual_pixels=0"
EP3501781A1,A0001,/home/safe/Desktop/yassine/Vectorization/data/PatentData/ReorganisedData/EP3501781A1/EP3501781A1_A0001.tif,output/RELEASE_2026-09-28/EP3501781A1/cleaned/A0001_skeleton.png,output/RELEASE_2026-09-28/EP3501781A1/graphs/A0001_graph.json,output/RELEASE_2026-09-28/EP3501781A1/primitives/A0001_primitives.json,output/RELEASE_2026-09-28/EP3501781A1/vectors/A0001.svg,output/RELEASE_2026-09-28/EP3501781A1/vectors/A0001.dxf,long_engineering_lines,acceptance_rejected,rejected,2026-09-19.1,"[""content_ink_routing_pending"", ""exports_validation_missing"", ""geometry_validation_missing"", ""hachures_validation_missing"", ""quality_gate_stage1"", ""references_validation_missing"", ""s1_flagged"", ""s2_flagged_missing"", ""s3_flagged_missing"", ""s4_flagged_missing""]",2d424294dfa33ddb047e2b759a9ea480adc3a9205500f26443d8de919caf703a,0,1.434652536176145,0.5428543913713405,,,,,,,,0.03549830118815104,441.0,0.870437367912025,101.0,0.7821782178217822,0.07920792079207921,441.0,0.8435374149659864,2.0,quality_gate_stage1,skeleton quality 0.543 below threshold; not suitable for accurate vectorization
EP3501855A1,F0001,/home/safe/Desktop/yassine/Vectorization/data/PatentData/ReorganisedData/EP3501855A1/EP3501855A1_F0001.tif,output/RELEASE_2026-09-28/EP3501855A1/cleaned/F0001_skeleton.png,output/RELEASE_2026-09-28/EP3501855A1/graphs/F0001_graph.json,output/RELEASE_2026-09-28/EP3501855A1/primitives/F0001_primitives.json,output/RELEASE_2026-09-28/EP3501855A1/vectors/F0001.svg,output/RELEASE_2026-09-28/EP3501855A1/vectors/F0001.dxf,long_engineering_lines,acceptance_review,review,2026-09-19.1,"[""geometry_raster_coverage_incomplete"", ""geometry_sampling_budget""]",54df8f078fd4fd9d9a4475b08e279ab6f512dd0c3af79407a5c9bbc0cd2c34b9,0,1410.003405481577,0.9469322635619563,4749,2.8284271247461903,0.5627392598894088,0.6739685240323267,5318,0.8164896123109437,0.1981469783112234,0.08708968409400544,54.0,0.9795746891136301,40.0,0.55,0.15,54.0,0.5740740740740741,1.0,ok,
EP3501861A1,F0002,/home/safe/Desktop/yassine/Vectorization/data/PatentData/ReorganisedData/EP3501861A1/EP3501861A1_F0002.tif,output/RELEASE_2026-09-28/EP3501861A1/cleaned/F0002_skeleton.png,output/RELEASE_2026-09-28/EP3501861A1/graphs/F0002_graph.json,output/RELEASE_2026-09-28/EP3501861A1/primitives/F0002_primitives.json,output/RELEASE_2026-09-28/EP3501861A1/vectors/F0002.svg,output/RELEASE_2026-09-28/EP3501861A1/vectors/F0002.dxf,long_engineering_lines,acceptance_rejected,rejected,2026-09-19.1,"[""content_ink_routing_pending"", ""exports_validation_missing"", ""geometry_validation_missing"", ""hachures_validation_missing"", ""quality_gate_stage3"", ""references_validation_missing"", ""s4_flagged_missing""]",a47d7bd66dbebd219ea7d88d51b96a1e19b730fb9f6481c05f33e3efae027211,0,771.9004666646942,0.9273708933109478,5539,8.0,0.3537077826725404,0.6879588839941263,7631,0.8749724763629928,0.06318830113738942,0.0875852691740413,109.0,0.9393665307196422,3.0,0.3333333333333333,0.6666666666666666,109.0,0.45871559633027525,12.0,quality_gate_stage3,"primitive set not suitable for accurate CAD export: n=7631, budget_n=70769, mean_conf=0.875, low_conf_ratio=0.063, max_low_conf_ratio=None"
EP3501886A1,A0001,/home/safe/Desktop/yassine/Vectorization/data/PatentData/ReorganisedData/EP3501886A1/EP3501886A1_A0001.tif,output/RELEASE_2026-09-28/EP3501886A1/cleaned/A0001_skeleton.png,output/RELEASE_2026-09-28/EP3501886A1/graphs/A0001_graph.json,output/RELEASE_2026-09-28/EP3501886A1/primitives/A0001_primitives.json,output/RELEASE_2026-09-28/EP3501886A1/vectors/A0001.svg,output/RELEASE_2026-09-28/EP3501886A1/vectors/A0001.dxf,long_engineering_lines,acceptance_review,review,2026-09-19.1,"[""geometry_skeleton_coverage_lost""]",679881d0afb815f9d180af4c383e55699889dce0b50e1f3ab0a394942a6c8afe,0,7.1082777520641685,0.9245194561650257,1028,3.414213562373095,0.7713717693836978,0.8697813121272365,1028,0.9494982198164897,0.019455252918287938,0.029566714638157895,139.0,0.9916089994316852,63.0,0.1746031746031746,0.6666666666666666,139.0,0.8705035971223022,1.0,ok,
EP3501890A1,F0004,/home/safe/Desktop/yassine/Vectorization/data/PatentData/ReorganisedData/EP3501890A1/EP3501890A1_F0004.tif,output/RELEASE_2026-09-28/EP3501890A1/cleaned/F0004_skeleton.png,output/RELEASE_2026-09-28/EP3501890A1/graphs/F0004_graph.json,output/RELEASE_2026-09-28/EP3501890A1/primitives/F0004_primitives.json,output/RELEASE_2026-09-28/EP3501890A1/vectors/F0004.svg,output/RELEASE_2026-09-28/EP3501890A1/vectors/F0004.dxf,long_engineering_lines,acceptance_rejected,rejected,2026-09-19.1,"[""content_ink_routing_pending"", ""exports_validation_missing"", ""geometry_validation_missing"", ""hachures_validation_missing"", ""quality_gate_stage1"", ""references_validation_missing"", ""s1_flagged"", ""s2_flagged_missing"", ""s3_flagged_missing"", ""s4_flagged_missing""]",2d04e8838773e83dd61353db512f8f440003cdc7416d060de02d66fe4a675a1c,0,2.3500588899478316,0.6942204051291582,,,,,,,,0.016341466938964242,610.0,0.3937808562375654,26.0,0.6923076923076923,0.23076923076923078,610.0,0.8032786885245902,3.0,quality_gate_stage1,skeleton quality 0.694 below threshold; not suitable for accurate vectorization
EP3501922A1,F0001,/home/safe/Desktop/yassine/Vectorization/data/PatentData/ReorganisedData/EP3501922A1/EP3501922A1_F0001.tif,output/RELEASE_2026-09-28/EP3501922A1/cleaned/F0001_skeleton.png,output/RELEASE_2026-09-28/EP3501922A1/graphs/F0001_graph.json,output/RELEASE_2026-09-28/EP3501922A1/primitives/F0001_primitives.json,output/RELEASE_2026-09-28/EP3501922A1/vectors/F0001.svg,output/RELEASE_2026-09-28/EP3501922A1/vectors/F0001.dxf,long_engineering_lines,acceptance_rejected,rejected,2026-09-19.1,"[""content_ink_routing_pending"", ""exports_validation_missing"", ""geometry_validation_missing"", ""hachures_validation_missing"", ""quality_gate_stage2"", ""references_validation_missing"", ""s2_flagged"", ""s3_flagged_missing"", ""s4_flagged_missing""]",e4bdd75cfd23294aaf1b0f97f29eb59a231e7fcd249f789f876fee30c5546973,0,32.07282151468098,0.9176445836645004,860,7.0,0.35799522673031026,0.8007159904534606,,,,0.026883405239427862,72.0,0.9048027831744454,45.0,0.4888888888888889,0.06666666666666667,72.0,0.19444444444444445,23.0,quality_gate_stage2,"graph fragmentation/isolation too high: edges=860, median_len=7.0, micro_ratio=0.358, short_ratio=0.801, isolation=0.360, noncycle_residuals=0, max_noncycle_residual_pixels=0"
EP3501943A1,F0001,/home/safe/Desktop/yassine/Vectorization/data/PatentData/ReorganisedData/EP3501943A1/EP3501943A1_F0001.tif,output/RELEASE_2026-09-28/EP3501943A1/cleaned/F0001_skeleton.png,output/RELEASE_2026-09-28/EP3501943A1/graphs/F0001_graph.json,output/RELEASE_2026-09-28/EP3501943A1/primitives/F0001_primitives.json,output/RELEASE_2026-09-28/EP3501943A1/vectors/F0001.svg,output/RELEASE_2026-09-28/EP3501943A1/vectors/F0001.dxf,long_engineering_lines,acceptance_rejected,rejected,2026-09-19.1,"[""content_ink_routing_pending"", ""exports_validation_missing"", ""geometry_validation_missing"", ""hachures_validation_missing"", ""quality_gate_stage3"", ""references_validation_missing"", ""s4_flagged_missing""]",1a32074ad9cc60be19d426c6790223bc2e45d337b18aa50197b64a5c4db92263,0,624.118987810798,0.9807024824568022,5504,9.65685424949238,0.2532507739938081,0.6761609907120743,7107,0.8954330470385562,0.045421511627906974,0.12868887015177066,116.0,0.947084868959869,101.0,0.5643564356435643,0.1782178217821782,116.0,0.39655172413793105,16.0,quality_gate_stage3,"primitive set not suitable for accurate CAD export: n=7107, budget_n=55107, mean_conf=0.895, low_conf_ratio=0.045, max_low_conf_ratio=None"
EP3501954A1,F0001,/home/safe/Desktop/yassine/Vectorization/data/PatentData/ReorganisedData/EP3501954A1/EP3501954A1_F0001.tif,output/RELEASE_2026-09-28/EP3501954A1/cleaned/F0001_skeleton.png,output/RELEASE_2026-09-28/EP3501954A1/graphs/F0001_graph.json,output/RELEASE_2026-09-28/EP3501954A1/primitives/F0001_primitives.json,output/RELEASE_2026-09-28/EP3501954A1/vectors/F0001.svg,output/RELEASE_2026-09-28/EP3501954A1/vectors/F0001.dxf,chart_or_axis_plot,acceptance_review,review,2026-09-19.1,"[""geometry_raster_coverage_incomplete"", ""geometry_sampling_budget""]",a2b82a7e7f69ef6199638150ec8eaf4d5cf196a00e196f090bb433917dc76047,0,2028.5622480823658,0.8118475552262931,3871,2.0,0.6512455516014235,0.8447851081303038,4210,0.9146031995208183,0.05295789201756652,0.163726806640625,463.0,0.9398215949940087,368.0,0.8858695652173914,0.057065217391304345,463.0,0.7019438444924406,3.0,ok,
EP3501982A1,F0002,/home/safe/Desktop/yassine/Vectorization/data/PatentData/ReorganisedData/EP3501982A1/EP3501982A1_F0002.tif,output/RELEASE_2026-09-28/EP3501982A1/cleaned/F0002_skeleton.png,output/RELEASE_2026-09-28/EP3501982A1/graphs/F0002_graph.json,output/RELEASE_2026-09-28/EP3501982A1/primitives/F0002_primitives.json,output/RELEASE_2026-09-28/EP3501982A1/vectors/F0002.svg,output/RELEASE_2026-09-28/EP3501982A1/vectors/F0002.dxf,orthogonal_text_table_or_flowchart,acceptance_rejected,rejected,2026-09-19.1,"[""content_ink_routing_pending"", ""exports_validation_missing"", ""geometry_validation_missing"", ""hachures_validation_missing"", ""quality_gate_stage2"", ""references_validation_missing"", ""s2_flagged"", ""s3_flagged_missing"", ""s4_flagged_missing""]",ebc09012bbd724b701e62b65d443f6172150274dc1569a418d037117f5fd8756,0,59.787907522171736,0.8720413269255,794,7.242640687119286,0.33992094861660077,0.7562582345191041,,,,0.030546005458047944,197.0,0.7752230798708053,26.0,1.0,0.0,197.0,0.4263959390862944,15.0,quality_gate_stage2,"graph fragmentation/isolation too high: edges=794, median_len=7.2, micro_ratio=0.340, short_ratio=0.756, isolation=0.467, noncycle_residuals=0, max_noncycle_residual_pixels=0"
EP3501992A1,F0001,/home/safe/Desktop/yassine/Vectorization/data/PatentData/ReorganisedData/EP3501992A1/EP3501992A1_F0001.tif,output/RELEASE_2026-09-28/EP3501992A1/cleaned/F0001_skeleton.png,output/RELEASE_2026-09-28/EP3501992A1/graphs/F0001_graph.json,output/RELEASE_2026-09-28/EP3501992A1/primitives/F0001_primitives.json,output/RELEASE_2026-09-28/EP3501992A1/vectors/F0001.svg,output/RELEASE_2026-09-28/EP3501992A1/vectors/F0001.dxf,long_engineering_lines,acceptance_rejected,rejected,2026-09-19.1,"[""content_ink_routing_pending"", ""exports_validation_missing"", ""geometry_validation_missing"", ""hachures_validation_missing"", ""quality_gate_stage2"", ""references_validation_missing"", ""s2_flagged"", ""s3_flagged_missing"", ""s4_flagged_missing""]",433bce59a9d0591b5276f2a83193a317d7b096908940287eb6e96d3c33c6d0d9,0,108.8872504173778,0.8538218126347373,1566,8.65685424949238,0.22733160621761658,0.7642487046632125,,,,0.04259822146302251,74.0,0.8463069438301637,33.0,0.21212121212121213,0.6363636363636364,74.0,0.08108108108108109,31.0,quality_gate_stage2,"graph fragmentation/isolation too high: edges=1566, median_len=8.7, micro_ratio=0.227, short_ratio=0.764, isolation=0.496, noncycle_residuals=0, max_noncycle_residual_pixels=0"
EP3501998A1,F0001,/home/safe/Desktop/yassine/Vectorization/data/PatentData/ReorganisedData/EP3501998A1/EP3501998A1_F0001.tif,output/RELEASE_2026-09-28/EP3501998A1/cleaned/F0001_skeleton.png,output/RELEASE_2026-09-28/EP3501998A1/graphs/F0001_graph.json,output/RELEASE_2026-09-28/EP3501998A1/primitives/F0001_primitives.json,output/RELEASE_2026-09-28/EP3501998A1/vectors/F0001.svg,output/RELEASE_2026-09-28/EP3501998A1/vectors/F0001.dxf,long_engineering_lines,acceptance_review,review,2026-09-19.1,"[""geometry_skeleton_coverage_lost""]",e97f18236efa433256eda91dd5ea9601590795e02ff512496f401f45fa3fcc1c,0,116.64224277529866,0.9300229254066531,1523,9.65685424949238,0.1720510894064613,0.7017280240420737,2169,0.9014022576126978,0.024294156270518712,0.03533825714974293,517.0,0.8363939899833055,22.0,0.6818181818181818,0.18181818181818182,517.0,0.8007736943907157,2.0,ok,
EP3502019A1,A0001,/home/safe/Desktop/yassine/Vectorization/data/PatentData/ReorganisedData/EP3502019A1/EP3502019A1_A0001.tif,output/RELEASE_2026-09-28/EP3502019A1/cleaned/A0001_skeleton.png,output/RELEASE_2026-09-28/EP3502019A1/graphs/A0001_graph.json,output/RELEASE_2026-09-28/EP3502019A1/primitives/A0001_primitives.json,output/RELEASE_2026-09-28/EP3502019A1/vectors/A0001.svg,output/RELEASE_2026-09-28/EP3502019A1/vectors/A0001.dxf,long_engineering_lines,acceptance_rejected,rejected,2026-09-19.1,"[""content_ink_routing_pending"", ""exports_validation_missing"", ""geometry_validation_missing"", ""hachures_validation_missing"", ""quality_gate_stage2"", ""references_validation_missing"", ""s2_flagged"", ""s3_flagged_missing"", ""s4_flagged_missing""]",48bfc1b31cfceb8761deb8258459b673ecb197b492dba0a8fa3425ac50f3937e,0,94.8431994584389,0.8203331034202945,1165,10.65685424949238,0.17636195752539244,0.6518928901200369,,,,0.1102307506443299,524.0,0.9374828751484153,134.0,0.007462686567164179,0.9776119402985075,524.0,0.8072519083969466,2.0,quality_gate_stage2,"graph fragmentation/isolation too high: edges=1165, median_len=10.7, micro_ratio=0.176, short_ratio=0.652, isolation=0.615, noncycle_residuals=0, max_noncycle_residual_pixels=0"
EP3502024A1,F0001,/home/safe/Desktop/yassine/Vectorization/data/PatentData/ReorganisedData/EP3502024A1/EP3502024A1_F0001.tif,output/RELEASE_2026-09-28/EP3502024A1/cleaned/F0001_skeleton.png,output/RELEASE_2026-09-28/EP3502024A1/graphs/F0001_graph.json,output/RELEASE_2026-09-28/EP3502024A1/primitives/F0001_primitives.json,output/RELEASE_2026-09-28/EP3502024A1/vectors/F0001.svg,output/RELEASE_2026-09-28/EP3502024A1/vectors/F0001.dxf,long_engineering_lines,acceptance_rejected,rejected,2026-09-19.1,"[""content_ink_routing_pending"", ""exports_validation_missing"", ""geometry_validation_missing"", ""hachures_validation_missing"", ""quality_gate_stage2"", ""references_validation_missing"", ""s2_flagged"", ""s3_flagged_missing"", ""s4_flagged_missing""]",25fb66a1ec0ef07bb55f45b6c58b02987263caa054f0888730f9a77b016ab8a3,0,117.62094365339726,0.85206468597217,1787,9.82842712474619,0.15615962984384038,0.7218045112781954,,,,0.024708817644817072,769.0,0.4449933726955055,10.0,0.1,0.9,769.0,0.7451235370611183,3.0,quality_gate_stage2,"graph fragmentation/isolation too high: edges=1787, median_len=9.8, micro_ratio=0.156, short_ratio=0.722, isolation=0.371, noncycle_residuals=0, max_noncycle_residual_pixels=0"
EP3502043A1,F0001,/home/safe/Desktop/yassine/Vectorization/data/PatentData/ReorganisedData/EP3502043A1/EP3502043A1_F0001.tif,output/RELEASE_2026-09-28/EP3502043A1/cleaned/F0001_skeleton.png,output/RELEASE_2026-09-28/EP3502043A1/graphs/F0001_graph.json,output/RELEASE_2026-09-28/EP3502043A1/primitives/F0001_primitives.json,output/RELEASE_2026-09-28/EP3502043A1/vectors/F0001.svg,output/RELEASE_2026-09-28/EP3502043A1/vectors/F0001.dxf,long_engineering_lines,acceptance_rejected,rejected,2026-09-19.1,"[""content_ink_routing_pending"", ""exports_validation_missing"", ""geometry_validation_missing"", ""hachures_validation_missing"", ""quality_gate_stage2"", ""references_validation_missing"", ""s2_flagged"", ""s3_flagged_missing"", ""s4_flagged_missing""]",764ec74a6a001ce58ac0be46e0179ef92a0ddd784461cb8c8a8ca878c4b96112,0,346.34618184762076,0.8645014945122456,3254,7.242640687119285,0.3592233009708738,0.7760726589414344,,,,0.060254606294802865,147.0,0.8601760144064596,29.0,0.1724137931034483,0.6896551724137931,147.0,0.2653061224489796,20.0,quality_gate_stage2,"graph fragmentation/isolation too high: edges=3254, median_len=7.2, micro_ratio=0.359, short_ratio=0.776, isolation=0.603, noncycle_residuals=0, max_noncycle_residual_pixels=0"
EP3502418A1,A0001,/home/safe/Desktop/yassine/Vectorization/data/PatentData/ReorganisedData/EP3502418A1/EP3502418A1_A0001.tif,output/RELEASE_2026-09-28/EP3502418A1/cleaned/A0001_skeleton.png,output/RELEASE_2026-09-28/EP3502418A1/graphs/A0001_graph.json,output/RELEASE_2026-09-28/EP3502418A1/primitives/A0001_primitives.json,output/RELEASE_2026-09-28/EP3502418A1/vectors/A0001.svg,output/RELEASE_2026-09-28/EP3502418A1/vectors/A0001.dxf,long_engineering_lines,acceptance_rejected,rejected,2026-09-19.1,"[""content_ink_routing_pending"", ""exports_validation_missing"", ""geometry_validation_missing"", ""hachures_validation_missing"", ""quality_gate_stage1"", ""references_validation_missing"", ""s1_flagged"", ""s2_flagged_missing"", ""s3_flagged_missing"", ""s4_flagged_missing""]",1d39540404e97494d549fdda0b5af8cbb46fbf03167ebee1cf9530436cff3f6d,0,4.658590213861316,0.6655895025460243,,,,,,,,0.0208203125,836.0,0.35060219088543243,23.0,0.43478260869565216,0.43478260869565216,836.0,0.583732057416268,5.0,quality_gate_stage1,skeleton quality 0.666 below threshold; not suitable for accurate vectorization
EP3502420A1,A0001,/home/safe/Desktop/yassine/Vectorization/data/PatentData/ReorganisedData/EP3502420A1/EP3502420A1_A0001.tif,output/RELEASE_2026-09-28/EP3502420A1/cleaned/A0001_skeleton.png,output/RELEASE_2026-09-28/EP3502420A1/graphs/A0001_graph.json,output/RELEASE_2026-09-28/EP3502420A1/primitives/A0001_primitives.json,output/RELEASE_2026-09-28/EP3502420A1/vectors/A0001.svg,output/RELEASE_2026-09-28/EP3502420A1/vectors/A0001.dxf,long_engineering_lines,acceptance_review,review,2026-09-19.1,"[""geometry_skeleton_coverage_lost""]",ddf4fa647c4c19478876820aca1e79a9fe7b4659ba8ebaa8896cb35dc08a786b,0,22.563733891118318,0.8781993825316203,572,12.242640687119286,0.19844357976653695,0.5642023346303502,682,0.8893965092340393,0.07342657342657342,0.0550657178534836,837.0,0.5375586001380964,31.0,0.7419354838709677,0.25806451612903225,837.0,0.6463560334528077,6.0,ok,
EP3502421A1,F0001,/home/safe/Desktop/yassine/Vectorization/data/PatentData/ReorganisedData/EP3502421A1/EP3502421A1_F0001.tif,output/RELEASE_2026-09-28/EP3502421A1/cleaned/F0001_skeleton.png,output/RELEASE_2026-09-28/EP3502421A1/graphs/F0001_graph.json,output/RELEASE_2026-09-28/EP3502421A1/primitives/F0001_primitives.json,output/RELEASE_2026-09-28/EP3502421A1/vectors/F0001.svg,output/RELEASE_2026-09-28/EP3502421A1/vectors/F0001.dxf,long_engineering_lines,acceptance_review,review,2026-09-19.1,"[""geometry_raster_coverage_incomplete"", ""geometry_sampling_budget""]",c47b68b984850dd98c8fd06330076917b7f57b1edd39c5dd4cc98688279bb022,0,810.7437547720037,0.8821452404904432,2507,2.0,0.6584665846658466,0.8413284132841329,2871,0.9202511726540026,0.04228161148783406,0.05215885041426513,165.0,0.8586883211481912,64.0,0.9375,0.03125,165.0,0.1393939393939394,25.0,ok,
EP3502425A1,A0001,/home/safe/Desktop/yassine/Vectorization/data/PatentData/ReorganisedData/EP3502425A1/EP3502425A1_A0001.tif,output/RELEASE_2026-09-28/EP3502425A1/cleaned/A0001_skeleton.png,output/RELEASE_2026-09-28/EP3502425A1/graphs/A0001_graph.json,output/RELEASE_2026-09-28/EP3502425A1/primitives/A0001_primitives.json,output/RELEASE_2026-09-28/EP3502425A1/vectors/A0001.svg,output/RELEASE_2026-09-28/EP3502425A1/vectors/A0001.dxf,long_engineering_lines,acceptance_review,review,2026-09-19.1,"[""geometry_skeleton_coverage_lost""]",d7bb3ab776122ca9473d367be0aa41eed1ee06223a8e21a0029a40b73a78cfc9,0,24.306638876907527,0.8705068095557044,377,14.985281374238571,0.1972972972972973,0.5,500,0.8919559928958897,0.03183023872679045,0.035629520795660036,154.0,0.8808980967486122,35.0,0.8857142857142857,0.0,154.0,0.6623376623376623,3.0,ok,
EP3502440A1,F0001,/home/safe/Desktop/yassine/Vectorization/data/PatentData/ReorganisedData/EP3502440A1/EP3502440A1_F0001.tif,output/RELEASE_2026-09-28/EP3502440A1/cleaned/F0001_skeleton.png,output/RELEASE_2026-09-28/EP3502440A1/graphs/F0001_graph.json,output/RELEASE_2026-09-28/EP3502440A1/primitives/F0001_primitives.json,output/RELEASE_2026-09-28/EP3502440A1/vectors/F0001.svg,output/RELEASE_2026-09-28/EP3502440A1/vectors/F0001.dxf,long_engineering_lines,acceptance_review,review,2026-09-19.1,"[""geometry_raster_coverage_incomplete"", ""geometry_sampling_budget""]",f16dba9ef6ff820bab10509db58d719ecdfd82cba5782500ee5368228cc95774,0,715.1621490856633,0.8905754982912166,1255,2.414213562373095,0.658312447786132,0.8304093567251462,1426,0.9245922303178916,0.03266932270916335,0.04980321455505279,140.0,0.8541050514610198,74.0,0.9459459459459459,0.02702702702702703,140.0,0.29285714285714287,24.0,ok,
EP3502445A1,F0001,/home/safe/Desktop/yassine/Vectorization/data/PatentData/ReorganisedData/EP3502445A1/EP3502445A1_F0001.tif,output/RELEASE_2026-09-28/EP3502445A1/cleaned/F0001_skeleton.png,output/RELEASE_2026-09-28/EP3502445A1/graphs/F0001_graph.json,output/RELEASE_2026-09-28/EP3502445A1/primitives/F0001_primitives.json,output/RELEASE_2026-09-28/EP3502445A1/vectors/F0001.svg,output/RELEASE_2026-09-28/EP3502445A1/vectors/F0001.dxf,orthogonal_text_table_or_flowchart,acceptance_review,review,2026-09-19.1,"[""geometry_skeleton_coverage_lost""]",dc71764e3e88f4e81f128473a82d63c6ce440315e9d4719cf4d76e1e82a71c42,0,153.92475760309026,0.9369400291155271,1446,7.82842712474619,0.29821958456973297,0.766320474777448,2108,0.8894366050913647,0.0338865836791148,0.05974198020315091,62.0,0.8919461085960585,70.0,1.0,0.0,62.0,0.0,38.0,ok,
EP3502448A1,F0002,/home/safe/Desktop/yassine/Vectorization/data/PatentData/ReorganisedData/EP3502448A1/EP3502448A1_F0002.tif,output/RELEASE_2026-09-28/EP3502448A1/cleaned/F0002_skeleton.png,output/RELEASE_2026-09-28/EP3502448A1/graphs/F0002_graph.json,output/RELEASE_2026-09-28/EP3502448A1/primitives/F0002_primitives.json,output/RELEASE_2026-09-28/EP3502448A1/vectors/F0002.svg,output/RELEASE_2026-09-28/EP3502448A1/vectors/F0002.dxf,long_engineering_lines,acceptance_rejected,rejected,2026-09-19.1,"[""content_ink_routing_pending"", ""exports_validation_missing"", ""geometry_validation_missing"", ""hachures_validation_missing"", ""quality_gate_stage2"", ""references_validation_missing"", ""s2_flagged"", ""s3_flagged_missing"", ""s4_flagged_missing""]",765289e82c5c4982764cfe2e7a35cb2524d1d2b8c43d93700c7070071b39b535,0,672.3017420307733,0.8622823295859138,5307,6.414213562373095,0.4576035031847134,0.8443471337579618,,,,0.06654969985875706,965.0,0.557536063671033,109.0,0.42201834862385323,0.5229357798165137,965.0,0.5419689119170984,5.0,quality_gate_stage2,"graph fragmentation/isolation too high: edges=5307, median_len=6.4, micro_ratio=0.458, short_ratio=0.844, isolation=0.322, noncycle_residuals=0, max_noncycle_residual_pixels=0"
EP3502453A1,F0001,/home/safe/Desktop/yassine/Vectorization/data/PatentData/ReorganisedData/EP3502453A1/EP3502453A1_F0001.tif,output/RELEASE_2026-09-28/EP3502453A1/cleaned/F0001_skeleton.png,output/RELEASE_2026-09-28/EP3502453A1/graphs/F0001_graph.json,output/RELEASE_2026-09-28/EP3502453A1/primitives/F0001_primitives.json,output/RELEASE_2026-09-28/EP3502453A1/vectors/F0001.svg,output/RELEASE_2026-09-28/EP3502453A1/vectors/F0001.dxf,long_engineering_lines,acceptance_review,review,2026-09-19.1,"[""geometry_raster_coverage_incomplete"", ""geometry_sampling_budget""]",73641afb7d6cedf1db02b77cc29484e41874f4bce529edce76b2c9a9551dc952,0,983.9443551301956,0.9582811927544024,2181,1.0,0.804022450888681,0.8681010289990645,2310,0.9174664611207927,0.06464924346629987,0.0619989224137931,179.0,0.9281089771443469,109.0,0.926605504587156,0.05504587155963303,179.0,0.6201117318435754,3.0,ok,
EP3502477A1,F0001,/home/safe/Desktop/yassine/Vectorization/data/PatentData/ReorganisedData/EP3502477A1/EP3502477A1_F0001.tif,output/RELEASE_2026-09-28/EP3502477A1/cleaned/F0001_skeleton.png,output/RELEASE_2026-09-28/EP3502477A1/graphs/F0001_graph.json,output/RELEASE_2026-09-28/EP3502477A1/primitives/F0001_primitives.json,output/RELEASE_2026-09-28/EP3502477A1/vectors/F0001.svg,output/RELEASE_2026-09-28/EP3502477A1/vectors/F0001.dxf,long_engineering_lines,acceptance_rejected,rejected,2026-09-19.1,"[""content_ink_routing_pending"", ""exports_validation_missing"", ""geometry_validation_missing"", ""hachures_validation_missing"", ""quality_gate_stage1"", ""references_validation_missing"", ""s1_flagged"", ""s2_flagged_missing"", ""s3_flagged_missing"", ""s4_flagged_missing""]",d6664f4dfa8161fd8d09f82a0c54c654cc0971ecf39fc50dd9d4de7019c9275a,0,1.7635479159653187,0.6585109588929523,,,,,,,,0.05071674785336856,48.0,0.9038510454291092,86.0,0.686046511627907,0.313953488372093,48.0,0.041666666666666664,35.5,quality_gate_stage1,skeleton quality 0.659 below threshold; not suitable for accurate vectorization
EP3502497A1,F0001,/home/safe/Desktop/yassine/Vectorization/data/PatentData/ReorganisedData/EP3502497A1/EP3502497A1_F0001.tif,output/RELEASE_2026-09-28/EP3502497A1/cleaned/F0001_skeleton.png,output/RELEASE_2026-09-28/EP3502497A1/graphs/F0001_graph.json,output/RELEASE_2026-09-28/EP3502497A1/primitives/F0001_primitives.json,output/RELEASE_2026-09-28/EP3502497A1/vectors/F0001.svg,output/RELEASE_2026-09-28/EP3502497A1/vectors/F0001.dxf,orthogonal_text_table_or_flowchart,acceptance_review,review,2026-09-19.1,"[""geometry_raster_coverage_incomplete"", ""geometry_sampling_budget""]",e9dd0b8e5e5f61fea8c50ad3833d0689bcebce24b5da704739d22c92b9353e54,0,659.3204986853525,0.886911060326206,1383,2.414213562373095,0.624054462934947,0.8282904689863843,1593,0.9134255627741891,0.04772234273318872,0.049489339192708336,148.0,0.8549699016297166,60.0,0.9666666666666667,0.0,148.0,0.3108108108108108,22.0,ok,
EP3502499A1,A0001,/home/safe/Desktop/yassine/Vectorization/data/PatentData/ReorganisedData/EP3502499A1/EP3502499A1_A0001.tif,output/RELEASE_2026-09-28/EP3502499A1/cleaned/A0001_skeleton.png,output/RELEASE_2026-09-28/EP3502499A1/graphs/A0001_graph.json,output/RELEASE_2026-09-28/EP3502499A1/primitives/A0001_primitives.json,output/RELEASE_2026-09-28/EP3502499A1/vectors/A0001.svg,output/RELEASE_2026-09-28/EP3502499A1/vectors/A0001.dxf,long_engineering_lines,acceptance_review,review,2026-09-19.1,"[""geometry_skeleton_coverage_lost""]",3efd8f559d88c58dfafa5d09b5edb72f428539c887408371ab3021e2887bdb9a,0,24.127461589872837,0.8999761374482979,625,13.571067811865476,0.10749185667752444,0.5472312703583062,767,0.9018999113837992,0.0192,0.04152742928832117,366.0,0.8305125476329431,29.0,0.5862068965517241,0.3448275862068966,366.0,0.7595628415300546,1.0,ok,
EP3502515A1,F0002,/home/safe/Desktop/yassine/Vectorization/data/PatentData/ReorganisedData/EP3502515A1/EP3502515A1_F0002.tif,output/RELEASE_2026-09-28/EP3502515A1/cleaned/F0002_skeleton.png,output/RELEASE_2026-09-28/EP3502515A1/graphs/F0002_graph.json,output/RELEASE_2026-09-28/EP3502515A1/primitives/F0002_primitives.json,output/RELEASE_2026-09-28/EP3502515A1/vectors/F0002.svg,output/RELEASE_2026-09-28/EP3502515A1/vectors/F0002.dxf,long_engineering_lines,acceptance_rejected,rejected,2026-09-19.1,"[""content_ink_routing_pending"", ""exports_validation_missing"", ""geometry_validation_missing"", ""hachures_validation_missing"", ""quality_gate_stage2"", ""references_validation_missing"", ""s2_flagged"", ""s3_flagged_missing"", ""s4_flagged_missing""]",8d51c0a3f8524492cb37ea726f790803cf33510a53bf9fa40010fa04330347d3,0,280.12967499392107,0.8924386426962861,3668,8.242640687119286,0.18789905746427485,0.802675585284281,,,,0.08907508850097656,279.0,0.8408064067150597,63.0,0.36507936507936506,0.4126984126984127,279.0,0.3010752688172043,28.0,quality_gate_stage2,"graph fragmentation/isolation too high: edges=3668, median_len=8.2, micro_ratio=0.188, short_ratio=0.803, isolation=0.424, noncycle_residuals=0, max_noncycle_residual_pixels=0"
EP3502547A1,F0002,/home/safe/Desktop/yassine/Vectorization/data/PatentData/ReorganisedData/EP3502547A1/EP3502547A1_F0002.tif,output/RELEASE_2026-09-28/EP3502547A1/cleaned/F0002_skeleton.png,output/RELEASE_2026-09-28/EP3502547A1/graphs/F0002_graph.json,output/RELEASE_2026-09-28/EP3502547A1/primitives/F0002_primitives.json,output/RELEASE_2026-09-28/EP3502547A1/vectors/F0002.svg,output/RELEASE_2026-09-28/EP3502547A1/vectors/F0002.dxf,long_engineering_lines,acceptance_rejected,rejected,2026-09-19.1,"[""content_ink_routing_pending"", ""exports_validation_missing"", ""geometry_validation_missing"", ""hachures_validation_missing"", ""quality_gate_stage2"", ""references_validation_missing"", ""s2_flagged"", ""s3_flagged_missing"", ""s4_flagged_missing""]",b37f65da93e770b9c5b79461c23d657cd9353b0fdb042e5d6f8925277f84cd84,0,95.08390722423792,0.8321854912764004,1504,8.414213562373096,0.21332388377037562,0.7562012756909993,,,,0.029250697788966724,256.0,0.6484827223294158,35.0,0.2857142857142857,0.5428571428571428,256.0,0.421875,8.0,quality_gate_stage2,"graph fragmentation/isolation too high: edges=1504, median_len=8.4, micro_ratio=0.213, short_ratio=0.756, isolation=0.477, noncycle_residuals=0, max_noncycle_residual_pixels=0"
EP3502564A1,F0001,/home/safe/Desktop/yassine/Vectorization/data/PatentData/ReorganisedData/EP3502564A1/EP3502564A1_F0001.tif,output/RELEASE_2026-09-28/EP3502564A1/cleaned/F0001_skeleton.png,output/RELEASE_2026-09-28/EP3502564A1/graphs/F0001_graph.json,output/RELEASE_2026-09-28/EP3502564A1/primitives/F0001_primitives.json,output/RELEASE_2026-09-28/EP3502564A1/vectors/F0001.svg,output/RELEASE_2026-09-28/EP3502564A1/vectors/F0001.dxf,orthogonal_text_table_or_flowchart,acceptance_review,review,2026-09-19.1,"[""geometry_raster_coverage_incomplete"", ""geometry_sampling_budget""]",afb1281cff96bffb3b78ee087875270552c714f463b38dddd3551869236dcc52,0,641.5499590551481,0.891653109748467,1209,2.414213562373095,0.6459574468085106,0.8348936170212766,1419,0.911820725697155,0.04880066170388751,0.04952188207013575,166.0,0.8436096487314476,62.0,0.967741935483871,0.0,166.0,0.3373493975903614,18.0,ok,
EP3502566A1,F0001,/home/safe/Desktop/yassine/Vectorization/data/PatentData/ReorganisedData/EP3502566A1/EP3502566A1_F0001.tif,output/RELEASE_2026-09-28/EP3502566A1/cleaned/F0001_skeleton.png,output/RELEASE_2026-09-28/EP3502566A1/graphs/F0001_graph.json,output/RELEASE_2026-09-28/EP3502566A1/primitives/F0001_primitives.json,output/RELEASE_2026-09-28/EP3502566A1/vectors/F0001.svg,output/RELEASE_2026-09-28/EP3502566A1/vectors/F0001.dxf,orthogonal_text_table_or_flowchart,acceptance_rejected,rejected,2026-09-19.1,"[""content_ink_routing_pending"", ""exports_validation_missing"", ""geometry_validation_missing"", ""hachures_validation_missing"", ""quality_gate_stage2"", ""references_validation_missing"", ""s2_flagged"", ""s3_flagged_missing"", ""s4_flagged_missing""]",1847f44ab4619ca9963b322486b068177b7d1d6f14f98701c0afa1a4fc9f6008,0,175.66463659796864,0.9127238495555847,6015,1.0,0.8062563067608476,0.8927009754456777,,,,0.13808030348557693,163.0,0.9353572642930005,224.0,0.96875,0.013392857142857142,163.0,0.25153374233128833,20.0,quality_gate_stage2,"graph fragmentation/isolation too high: edges=6015, median_len=1.0, micro_ratio=0.806, short_ratio=0.893, isolation=0.069, noncycle_residuals=0, max_noncycle_residual_pixels=0"
EP3502573A1,F0001,/home/safe/Desktop/yassine/Vectorization/data/PatentData/ReorganisedData/EP3502573A1/EP3502573A1_F0001.tif,output/RELEASE_2026-09-28/EP3502573A1/cleaned/F0001_skeleton.png,output/RELEASE_2026-09-28/EP3502573A1/graphs/F0001_graph.json,output/RELEASE_2026-09-28/EP3502573A1/primitives/F0001_primitives.json,output/RELEASE_2026-09-28/EP3502573A1/vectors/F0001.svg,output/RELEASE_2026-09-28/EP3502573A1/vectors/F0001.dxf,long_engineering_lines,acceptance_review,review,2026-09-19.1,"[""geometry_raster_coverage_incomplete"", ""geometry_sampling_budget""]",d06727f7cf8957e1894315fe65390eb42b3dedee19433995d38520ecdb961948,0,552.1223336281255,0.9710343056541639,924,5.621320343559642,0.5045977011494253,0.7942528735632184,1088,0.9005410875208498,0.06277056277056277,0.07689212709816887,131.0,0.9655680305947105,226.0,0.3141592920353982,0.6858407079646017,131.0,0.5954198473282443,4.0,ok,
EP3502575A1,F0001,/home/safe/Desktop/yassine/Vectorization/data/PatentData/ReorganisedData/EP3502575A1/EP3502575A1_F0001.tif,output/RELEASE_2026-09-28/EP3502575A1/cleaned/F0001_skeleton.png,output/RELEASE_2026-09-28/EP3502575A1/graphs/F0001_graph.json,output/RELEASE_2026-09-28/EP3502575A1/primitives/F0001_primitives.json,output/RELEASE_2026-09-28/EP3502575A1/vectors/F0001.svg,output/RELEASE_2026-09-28/EP3502575A1/vectors/F0001.dxf,long_engineering_lines,acceptance_rejected,rejected,2026-09-19.1,"[""content_ink_routing_pending"", ""exports_validation_missing"", ""geometry_validation_missing"", ""hachures_validation_missing"", ""quality_gate_stage2"", ""references_validation_missing"", ""s2_flagged"", ""s3_flagged_missing"", ""s4_flagged_missing""]",ac832fbbf35de7802bfcbe41441f586703bca362e97e6718bd5fe62ee5cb5a68,0,234.63202760135755,0.9242916421402981,2509,6.414213562373095,0.41961486789072994,0.8325123152709359,,,,0.1093725023976982,112.0,0.9480486858030189,180.0,0.9388888888888889,0.0,112.0,0.09821428571428571,26.0,quality_gate_stage2,"graph fragmentation/isolation too high: edges=2509, median_len=6.4, micro_ratio=0.420, short_ratio=0.833, isolation=0.369, noncycle_residuals=0, max_noncycle_residual_pixels=0"
EP3502603A1,F0001,/home/safe/Desktop/yassine/Vectorization/data/PatentData/ReorganisedData/EP3502603A1/EP3502603A1_F0001.tif,output/RELEASE_2026-09-28/EP3502603A1/cleaned/F0001_skeleton.png,output/RELEASE_2026-09-28/EP3502603A1/graphs/F0001_graph.json,output/RELEASE_2026-09-28/EP3502603A1/primitives/F0001_primitives.json,output/RELEASE_2026-09-28/EP3502603A1/vectors/F0001.svg,output/RELEASE_2026-09-28/EP3502603A1/vectors/F0001.dxf,long_engineering_lines,acceptance_rejected,rejected,2026-09-19.1,"[""content_ink_routing_pending"", ""exports_validation_missing"", ""geometry_validation_missing"", ""hachures_validation_missing"", ""quality_gate_stage2"", ""references_validation_missing"", ""s2_flagged"", ""s3_flagged_missing"", ""s4_flagged_missing""]",518b9fb284f4177418ad1dff71145b703247486203ba9d070819323c2eb42ad7,0,268.80813337815925,0.7797026980310816,2737,7.242640687119285,0.35900570497147516,0.7986960065199674,,,,0.04988267686631945,54.0,0.9703283257426416,97.0,0.32989690721649484,0.30927835051546393,54.0,0.5740740740740741,6.0,quality_gate_stage2,"graph fragmentation/isolation too high: edges=2737, median_len=7.2, micro_ratio=0.359, short_ratio=0.799, isolation=0.679, noncycle_residuals=0, max_noncycle_residual_pixels=0"
